cell,lineage,hpf,x,y,z
3,skin,6,-0.498,0.805,0.276
3,skin,8,-0.590,0.608,0.509
3,skin,10,-0.550,0.360,0.729
3,skin,13,-0.540,0.362,0.742
3,skin,17,-0.528,0.364,0.756
3,skin,24,-0.520,0.366,0.766
10,skin,6,-0.530,0.689,-0.585
10,skin,8,-0.880,0.307,-0.481
10,skin,10,-1.016,-0.106,-0.183
10,skin,13,-1.029,-0.107,-0.136
10,skin,17,-1.043,-0.108,-0.083
10,skin,24,-1.052,-0.108,-0.048
13,skin,6,0.609,0.412,0.788
13,skin,8,0.517,-0.190,0.896
13,skin,10,0.278,-0.708,0.682
13,skin,13,0.272,-0.712,0.688
13,skin,17,0.265,-0.716,0.695
13,skin,24,0.261,-0.718,0.700
14,muscle,6,-0.192,0.767,0.589
14,muscle,8,-0.206,0.518,0.812
14,muscle,10,-0.174,0.212,0.943
14,muscle,13,-0.130,0.116,0.974
14,muscle,17,-0.104,0.059,0.993
14,muscle,24,-0.087,0.021,1.006
18,skin,6,-0.110,0.588,-0.819
18,skin,8,-0.271,0.142,-0.950
18,skin,10,-0.380,-0.318,-0.848
18,skin,13,-0.448,-0.320,-0.818
18,skin,17,-0.525,-0.322,-0.785
18,skin,24,-0.576,-0.323,-0.762
20,notochord,6,-0.021,0.906,0.416
20,notochord,8,-0.024,0.795,0.599
20,notochord,10,-0.022,0.648,0.755
20,notochord,13,-0.010,0.612,0.797
20,notochord,17,-0.004,0.594,0.818
20,notochord,24,0.000,0.582,0.832
41,skin,6,0.452,0.602,-0.621
41,skin,8,0.797,0.216,-0.564
41,skin,10,0.946,-0.211,-0.295
41,skin,13,0.962,-0.212,-0.247
41,skin,17,0.981,-0.212,-0.194
41,skin,24,0.993,-0.213,-0.159
46,notochord,6,0.062,0.787,0.639
46,notochord,8,0.066,0.525,0.865
46,notochord,10,0.055,0.203,0.991
46,notochord,13,0.025,0.093,1.004
46,notochord,17,0.010,0.038,1.011
46,notochord,24,0.000,0.002,1.015
49,skin,6,-0.525,0.934,0.041
49,skin,8,-0.677,0.760,0.245
49,skin,10,-0.690,0.553,0.495
49,skin,13,-0.681,0.557,0.515
49,skin,17,-0.670,0.561,0.538
49,skin,24,-0.663,0.564,0.553
53,skin,6,-0.271,1.007,-0.038
53,skin,8,-0.388,0.940,0.061
53,skin,10,-0.444,0.860,0.217
53,skin,13,-0.439,0.866,0.231
53,skin,17,-0.434,0.873,0.247
53,skin,24,-0.430,0.877,0.258
60,neural,6,0.050,0.891,0.562
60,neural,8,0.055,0.697,0.787
60,neural,10,0.048,0.448,0.948
60,neural,13,0.034,0.395,0.992
60,neural,17,0.021,0.347,1.031
60,neural,24,0.012,0.315,1.057
72,skin,6,-0.305,0.983,0.305
72,skin,8,-0.354,0.857,0.489
72,skin,10,-0.333,0.702,0.661
72,skin,13,-0.325,0.706,0.668
72,skin,17,-0.317,0.710,0.676
72,skin,24,-0.312,0.713,0.682
88,skin,6,0.126,0.553,-0.775
88,skin,8,0.307,0.130,-0.906
88,skin,10,0.431,-0.322,-0.807
88,skin,13,0.494,-0.323,-0.773
88,skin,17,0.563,-0.324,-0.735
88,skin,24,0.610,-0.325,-0.710
99,neural,6,0.115,0.557,0.904
99,neural,8,0.106,0.041,1.058
99,neural,10,0.069,-0.482,0.943
99,neural,13,0.048,-0.609,0.872
99,neural,17,0.030,-0.722,0.808
99,neural,24,0.017,-0.798,0.765
100,skin,6,0.059,0.502,-0.932
100,skin,8,0.143,-0.046,-1.013
100,skin,10,0.178,-0.544,-0.805
100,skin,13,0.249,-0.548,-0.790
100,skin,17,0.328,-0.552,-0.772
100,skin,24,0.381,-0.556,-0.760
108,neural,6,-0.095,0.877,0.522
108,neural,8,-0.105,0.701,0.737
108,neural,10,-0.094,0.475,0.898
108,neural,13,-0.066,0.432,0.952
108,neural,17,-0.041,0.393,1.001
108,neural,24,-0.024,0.367,1.033
110,skin,6,0.637,0.517,-0.662
110,skin,8,0.941,0.002,-0.478
110,skin,10,0.892,-0.487,-0.131
110,skin,13,0.902,-0.490,-0.091
110,skin,17,0.912,-0.493,-0.045
110,skin,24,0.919,-0.496,-0.015
111,skin,6,0.557,0.710,0.512
111,skin,8,0.588,0.362,0.756
111,skin,10,0.473,-0.031,0.881
111,skin,13,0.464,-0.031,0.893
111,skin,17,0.454,-0.031,0.907
111,skin,24,0.447,-0.032,0.916
112,muscle,6,-0.110,0.890,0.362
112,muscle,8,-0.127,0.797,0.532
112,muscle,10,-0.118,0.672,0.684
112,muscle,13,-0.096,0.654,0.731
112,muscle,17,-0.083,0.643,0.760
112,muscle,24,-0.075,0.636,0.779
120,skin,6,-0.526,0.593,-0.647
120,skin,8,-0.866,0.157,-0.540
120,skin,10,-0.953,-0.298,-0.232
120,skin,13,-0.967,-0.299,-0.186
120,skin,17,-0.983,-0.301,-0.135
120,skin,24,-0.994,-0.302,-0.101
121,notochord,6,0.029,0.751,0.666
121,notochord,8,0.031,0.465,0.888
121,notochord,10,0.025,0.119,0.995
121,notochord,13,0.011,-0.000,1.003
121,notochord,17,0.005,-0.059,1.008
121,notochord,24,0.000,-0.098,1.010
123,muscle,6,0.127,0.719,0.683
123,muscle,8,0.132,0.407,0.903
123,muscle,10,0.105,0.036,0.991
123,muscle,13,0.101,-0.080,0.989
123,muscle,17,0.098,-0.150,0.987
123,muscle,24,0.097,-0.197,0.986
136,skin,6,-0.621,0.680,-0.566
136,skin,8,-0.958,0.263,-0.409
136,skin,10,-1.029,-0.174,-0.079
136,skin,13,-1.038,-0.175,-0.034
136,skin,17,-1.047,-0.177,0.016
136,skin,24,-1.053,-0.178,0.050
144,skin,6,-0.100,0.958,-0.144
144,skin,8,-0.212,0.934,-0.159
144,skin,10,-0.335,0.903,-0.115
144,skin,13,-0.341,0.906,-0.098
144,skin,17,-0.349,0.910,-0.079
144,skin,24,-0.354,0.913,-0.066
149,skin,6,0.936,0.543,0.071
149,skin,8,1.001,0.043,0.360
149,skin,10,0.741,-0.441,0.530
149,skin,13,0.730,-0.444,0.551
149,skin,17,0.718,-0.447,0.575
149,skin,24,0.710,-0.449,0.591
167,skin,6,0.047,0.125,0.999
167,skin,8,0.031,-0.567,0.832
167,skin,10,0.007,-0.975,0.248
167,skin,13,0.007,-0.988,0.251
167,skin,17,0.007,-1.002,0.255
167,skin,24,0.006,-1.011,0.257
181,skin,6,0.086,1.065,-0.081
181,skin,8,0.159,1.017,-0.070
181,skin,10,0.223,0.966,-0.020
181,skin,13,0.225,0.974,-0.011
181,skin,17,0.227,0.983,0.000
181,skin,24,0.229,0.988,0.008
191,skin,6,0.645,0.201,0.800
191,skin,8,0.465,-0.475,0.777
191,skin,10,0.150,-0.920,0.356
191,skin,13,0.148,-0.927,0.361
191,skin,17,0.144,-0.935,0.365
191,skin,24,0.142,-0.940,0.368
193,skin,6,0.551,0.681,-0.455
193,skin,8,0.886,0.361,-0.328
193,skin,10,1.022,-0.012,-0.028
193,skin,13,1.025,-0.012,0.015
193,skin,17,1.027,-0.012,0.064
193,skin,24,1.029,-0.012,0.096
194,skin,6,0.543,0.929,-0.011
194,skin,8,0.716,0.747,0.191
194,skin,10,0.742,0.530,0.453
194,skin,13,0.733,0.534,0.476
194,skin,17,0.723,0.538,0.501
194,skin,24,0.717,0.541,0.518
201,skin,6,0.800,0.723,-0.243
201,skin,8,1.038,0.330,0.018
201,skin,10,0.985,-0.088,0.337
201,skin,13,0.978,-0.088,0.372
201,skin,17,0.971,-0.089,0.410
201,skin,24,0.967,-0.090,0.436
213,notochord,6,-0.084,0.638,0.716
213,notochord,8,-0.084,0.287,0.915
213,notochord,10,-0.064,-0.116,0.953
213,notochord,13,-0.029,-0.261,0.947
213,notochord,17,-0.012,-0.333,0.943
213,notochord,24,0.000,-0.381,0.941
234,skin,6,-0.011,0.983,-0.279
234,skin,8,-0.038,0.914,-0.402
234,skin,10,-0.075,0.830,-0.509
234,skin,13,-0.121,0.835,-0.500
234,skin,17,-0.171,0.840,-0.491
234,skin,24,-0.205,0.844,-0.485
235,skin,6,1.019,0.390,0.289
235,skin,8,0.916,-0.233,0.522
235,skin,10,0.499,-0.731,0.481
235,skin,13,0.492,-0.736,0.494
235,skin,17,0.483,-0.743,0.510
235,skin,24,0.477,-0.747,0.520
237,skin,6,-0.919,0.187,-0.422
237,skin,8,-0.903,-0.464,-0.097
237,skin,10,-0.374,-0.894,0.081
237,skin,13,-0.372,-0.898,0.095
237,skin,17,-0.369,-0.902,0.110
237,skin,24,-0.367,-0.905,0.120
242,skin,6,0.517,0.832,0.082
242,skin,8,0.667,0.671,0.295
242,skin,10,0.679,0.462,0.551
242,skin,13,0.667,0.464,0.568
242,skin,17,0.653,0.466,0.587
242,skin,24,0.644,0.468,0.600
246,skin,6,-0.491,0.512,-0.695
246,skin,8,-0.815,0.039,-0.596
246,skin,10,-0.863,-0.436,-0.285
246,skin,13,-0.879,-0.438,-0.241
246,skin,17,-0.898,-0.440,-0.193
246,skin,24,-0.910,-0.442,-0.160
247,skin,6,-0.396,0.864,-0.515
247,skin,8,-0.728,0.599,-0.485
247,skin,10,-0.963,0.295,-0.268
247,skin,13,-0.982,0.297,-0.221
247,skin,17,-1.003,0.300,-0.169
247,skin,24,-1.018,0.302,-0.134
253,skin,6,-0.277,0.151,0.956
253,skin,8,-0.188,-0.529,0.829
253,skin,10,-0.048,-0.951,0.294
253,skin,13,-0.048,-0.964,0.298
253,skin,17,-0.047,-0.978,0.303
253,skin,24,-0.046,-0.987,0.306
258,skin,6,0.646,0.426,0.670
258,skin,8,0.575,-0.123,0.819
258,skin,10,0.336,-0.623,0.687
258,skin,13,0.329,-0.629,0.696
258,skin,17,0.323,-0.635,0.707
258,skin,24,0.318,-0.639,0.714
259,neural,6,-0.397,0.622,0.719
259,neural,8,-0.390,0.198,0.922
259,neural,10,-0.283,-0.259,0.932
259,neural,13,-0.197,-0.386,0.932
259,neural,17,-0.121,-0.500,0.932
259,neural,24,-0.069,-0.576,0.932
262,skin,6,0.078,0.426,-0.958
262,skin,8,0.178,-0.162,-0.990
262,skin,10,0.199,-0.661,-0.704
262,skin,13,0.259,-0.666,-0.687
262,skin,17,0.327,-0.671,-0.668
262,skin,24,0.372,-0.674,-0.656
277,notochord,6,0.024,0.727,0.718
277,notochord,8,0.024,0.398,0.940
277,notochord,10,0.019,0.011,1.019
277,notochord,13,0.009,-0.121,1.003
277,notochord,17,0.003,-0.185,0.995
277,notochord,24,0.000,-0.229,0.989
278,skin,6,0.044,0.751,-0.631
278,skin,8,0.131,0.485,-0.835
278,skin,10,0.227,0.165,-0.926
278,skin,13,0.306,0.166,-0.904
278,skin,17,0.395,0.167,-0.879
278,skin,24,0.454,0.167,-0.863
279,skin,6,0.871,0.689,0.147
279,skin,8,0.963,0.259,0.435
279,skin,10,0.781,-0.185,0.643
279,skin,13,0.770,-0.186,0.665
279,skin,17,0.758,-0.188,0.690
279,skin,24,0.750,-0.189,0.707
280,notochord,6,0.103,0.254,0.940
280,notochord,8,0.077,-0.373,0.901
280,notochord,10,0.031,-0.845,0.490
280,notochord,13,0.014,-0.961,0.265
280,notochord,17,0.006,-1.018,0.155
280,notochord,24,0.000,-1.056,0.082
281,notochord,6,-0.161,0.298,0.963
281,notochord,8,-0.125,-0.340,0.951
281,notochord,10,-0.054,-0.842,0.565
281,notochord,13,-0.024,-0.939,0.343
281,notochord,17,-0.010,-0.987,0.234
281,notochord,24,0.000,-1.019,0.162
289,skin,6,0.373,0.848,-0.538
289,skin,8,0.705,0.577,-0.527
289,skin,10,0.950,0.267,-0.326
289,skin,13,0.972,0.269,-0.278
289,skin,17,0.997,0.271,-0.225
289,skin,24,1.013,0.273,-0.189
294,skin,6,-0.715,0.507,-0.643
294,skin,8,-0.993,-0.037,-0.415
294,skin,10,-0.879,-0.534,-0.062
294,skin,13,-0.886,-0.538,-0.023
294,skin,17,-0.894,-0.542,0.020
294,skin,24,-0.899,-0.545,0.048
296,skin,6,-0.629,0.700,-0.312
296,skin,8,-0.925,0.400,-0.125
296,skin,10,-1.001,0.045,0.190
296,skin,13,-0.995,0.045,0.227
296,skin,17,-0.988,0.045,0.268
296,skin,24,-0.984,0.045,0.295
298,skin,6,0.387,0.905,-0.340
298,skin,8,0.673,0.733,-0.272
298,skin,10,0.878,0.525,-0.051
298,skin,13,0.883,0.528,-0.012
298,skin,17,0.889,0.532,0.030
298,skin,24,0.893,0.534,0.058
305,skin,6,-0.310,0.706,-0.733
305,skin,8,-0.628,0.312,-0.774
305,skin,10,-0.832,-0.109,-0.590
305,skin,13,-0.873,-0.109,-0.542
305,skin,17,-0.919,-0.110,-0.488
305,skin,24,-0.949,-0.111,-0.452
307,skin,6,-0.913,0.500,-0.197
307,skin,8,-1.052,-0.011,0.097
307,skin,10,-0.812,-0.499,0.341
307,skin,13,-0.803,-0.502,0.367
307,skin,17,-0.794,-0.505,0.397
307,skin,24,-0.788,-0.507,0.416
312,skin,6,0.743,0.807,-0.014
312,skin,8,0.923,0.493,0.248
312,skin,10,0.872,0.142,0.534
312,skin,13,0.862,0.143,0.560
312,skin,17,0.850,0.144,0.590
312,skin,24,0.843,0.145,0.610
317,skin,6,0.503,0.889,0.080
317,skin,8,0.645,0.731,0.285
317,skin,10,0.655,0.535,0.531
317,skin,13,0.644,0.538,0.549
317,skin,17,0.632,0.541,0.568
317,skin,24,0.624,0.543,0.581
334,skin,6,0.236,0.898,-0.306
334,skin,8,0.473,0.801,-0.314
334,skin,10,0.703,0.673,-0.194
334,skin,13,0.714,0.676,-0.159
334,skin,17,0.726,0.679,-0.121
334,skin,24,0.734,0.681,-0.095
337,notochord,6,-0.006,0.821,0.608
337,notochord,8,-0.007,0.589,0.834
337,notochord,10,-0.006,0.297,0.975
337,notochord,13,-0.003,0.198,0.993
337,notochord,17,-0.001,0.149,1.002
337,notochord,24,0.000,0.117,1.008
348,skin,6,-0.581,0.683,-0.411
348,skin,8,-0.906,0.368,-0.262
348,skin,10,-1.021,-0.002,0.046
348,skin,13,-1.020,-0.002,0.088
348,skin,17,-1.019,-0.002,0.134
348,skin,24,-1.018,-0.002,0.164
355,muscle,6,-0.263,0.896,0.299
355,muscle,8,-0.309,0.796,0.478
355,muscle,10,-0.295,0.663,0.649
355,muscle,13,-0.188,0.642,0.720
355,muscle,17,-0.124,0.629,0.763
355,muscle,24,-0.081,0.621,0.792
358,skin,6,0.322,0.995,-0.276
358,skin,8,0.561,0.861,-0.219
358,skin,10,0.741,0.703,-0.034
358,skin,13,0.746,0.709,-0.002
358,skin,17,0.752,0.715,0.033
358,skin,24,0.756,0.719,0.057
381,notochord,6,0.090,0.660,0.730
381,notochord,8,0.091,0.303,0.935
381,notochord,10,0.070,-0.105,0.978
381,notochord,13,0.031,-0.248,0.961
381,notochord,17,0.013,-0.319,0.953
381,notochord,24,0.000,-0.366,0.947
382,skin,6,0.273,0.847,-0.514
382,skin,8,0.573,0.626,-0.564
382,skin,10,0.842,0.361,-0.443
382,skin,13,0.871,0.363,-0.397
382,skin,17,0.903,0.365,-0.346
382,skin,24,0.924,0.367,-0.311
391,notochord,6,0.007,0.996,0.243
391,notochord,8,0.008,0.958,0.360
391,notochord,10,0.008,0.907,0.472
391,notochord,13,0.004,0.898,0.480
391,notochord,17,0.001,0.893,0.485
391,notochord,24,0.000,0.890,0.488
394,skin,6,-0.469,0.841,0.332
394,skin,8,-0.542,0.639,0.562
394,skin,10,-0.496,0.389,0.766
394,skin,13,-0.487,0.392,0.778
394,skin,17,-0.476,0.395,0.792
394,skin,24,-0.469,0.397,0.801
399,skin,6,-0.529,0.894,-0.169
399,skin,8,-0.767,0.705,0.003
399,skin,10,-0.859,0.477,0.282
399,skin,13,-0.853,0.480,0.312
399,skin,17,-0.846,0.484,0.345
399,skin,24,-0.841,0.486,0.367
405,skin,6,0.049,0.957,-0.046
405,skin,8,0.094,0.954,-0.042
405,skin,10,0.138,0.950,-0.013
405,skin,13,0.139,0.953,-0.007
405,skin,17,0.140,0.957,0.000
405,skin,24,0.140,0.959,0.005
410,neural,6,-0.307,0.617,0.789
410,neural,8,-0.297,0.169,0.982
410,neural,10,-0.210,-0.308,0.960
410,neural,13,-0.146,-0.435,0.938
410,neural,17,-0.089,-0.550,0.918
410,neural,24,-0.051,-0.626,0.905
412,skin,6,0.139,0.777,-0.606
412,skin,8,0.351,0.522,-0.763
412,skin,10,0.572,0.215,-0.776
412,skin,13,0.629,0.216,-0.736
412,skin,17,0.694,0.217,-0.691
412,skin,24,0.736,0.218,-0.661
418,skin,6,0.965,0.405,0.141
418,skin,8,0.943,-0.159,0.404
418,skin,10,0.583,-0.655,0.463
418,skin,13,0.573,-0.658,0.479
418,skin,17,0.562,-0.662,0.496
418,skin,24,0.555,-0.665,0.508
420,skin,6,0.188,0.984,0.298
420,skin,8,0.219,0.900,0.456
420,skin,10,0.207,0.792,0.605
420,skin,13,0.203,0.796,0.611
420,skin,17,0.198,0.802,0.617
420,skin,24,0.195,0.806,0.621
422,skin,6,-0.145,0.601,-0.802
422,skin,8,-0.345,0.168,-0.923
422,skin,10,-0.481,-0.285,-0.813
422,skin,13,-0.544,-0.287,-0.778
422,skin,17,-0.614,-0.288,-0.738
422,skin,24,-0.661,-0.290,-0.712
423,skin,6,0.363,0.788,0.581
423,skin,8,0.388,0.500,0.816
423,skin,10,0.323,0.157,0.952
423,skin,13,0.316,0.158,0.961
423,skin,17,0.309,0.159,0.971
423,skin,24,0.304,0.160,0.978
426,skin,6,0.398,0.889,0.447
426,skin,8,0.443,0.670,0.676
426,skin,10,0.392,0.405,0.855
426,skin,13,0.383,0.407,0.863
426,skin,17,0.374,0.409,0.873
426,skin,24,0.367,0.411,0.879
432,skin,6,0.363,0.281,-0.862
432,skin,8,0.585,-0.326,-0.724
432,skin,10,0.453,-0.800,-0.322
432,skin,13,0.473,-0.803,-0.295
432,skin,17,0.496,-0.806,-0.265
432,skin,24,0.512,-0.809,-0.245
435,skin,6,0.753,0.352,0.649
435,skin,8,0.632,-0.256,0.769
435,skin,10,0.318,-0.753,0.565
435,skin,13,0.312,-0.758,0.573
435,skin,17,0.305,-0.764,0.582
435,skin,24,0.300,-0.768,0.587
437,skin,6,0.485,0.768,0.364
437,skin,8,0.555,0.540,0.602
437,skin,10,0.498,0.257,0.799
437,skin,13,0.488,0.259,0.812
437,skin,17,0.478,0.262,0.826
437,skin,24,0.471,0.263,0.836
443,neural,6,-0.052,0.647,0.804
443,neural,8,-0.051,0.235,1.003
443,neural,10,-0.037,-0.222,1.005
443,neural,13,-0.026,-0.344,0.988
443,neural,17,-0.016,-0.454,0.973
443,neural,24,-0.009,-0.527,0.963
445,skin,6,-0.032,0.986,-0.237
445,skin,8,-0.097,0.931,-0.335
445,skin,10,-0.186,0.866,-0.410
445,skin,13,-0.220,0.871,-0.395
445,skin,17,-0.257,0.876,-0.379
445,skin,24,-0.281,0.880,-0.368
454,skin,6,0.839,0.568,-0.400
454,skin,8,1.071,0.072,-0.129
454,skin,10,0.930,-0.409,0.191
454,skin,13,0.927,-0.412,0.225
454,skin,17,0.923,-0.415,0.264
454,skin,24,0.921,-0.418,0.290
456,skin,6,0.560,0.927,0.071
456,skin,8,0.706,0.731,0.289
456,skin,10,0.701,0.500,0.542
456,skin,13,0.691,0.504,0.562
456,skin,17,0.681,0.509,0.585
456,skin,24,0.673,0.511,0.600
458,skin,6,-0.121,0.593,-0.822
458,skin,8,-0.292,0.144,-0.948
458,skin,10,-0.407,-0.316,-0.839
458,skin,13,-0.474,-0.318,-0.808
458,skin,17,-0.550,-0.320,-0.773
458,skin,24,-0.600,-0.322,-0.750
464,skin,6,-0.156,1.003,-0.189
464,skin,8,-0.308,0.943,-0.189
464,skin,10,-0.456,0.873,-0.107
464,skin,13,-0.463,0.878,-0.085
464,skin,17,-0.471,0.884,-0.061
464,skin,24,-0.476,0.889,-0.045
469,muscle,6,0.206,0.934,0.231
469,muscle,8,0.245,0.872,0.374
469,muscle,10,0.239,0.789,0.520
469,muscle,13,0.162,0.787,0.574
469,muscle,17,0.116,0.787,0.606
469,muscle,24,0.085,0.786,0.627
475,skin,6,0.263,0.773,-0.657
475,skin,8,0.565,0.454,-0.733
475,skin,10,0.810,0.094,-0.612
475,skin,13,0.853,0.094,-0.564
475,skin,17,0.900,0.095,-0.511
475,skin,24,0.932,0.095,-0.475
477,muscle,6,-0.328,0.315,0.871
477,muscle,8,-0.264,-0.281,0.900
477,muscle,10,-0.124,-0.771,0.583
477,muscle,13,-0.103,-0.875,0.409
477,muscle,17,-0.090,-0.938,0.304
477,muscle,24,-0.082,-0.980,0.234
478,skin,6,-0.515,0.440,-0.806
478,skin,8,-0.804,-0.130,-0.656
478,skin,10,-0.737,-0.628,-0.292
478,skin,13,-0.756,-0.633,-0.254
478,skin,17,-0.778,-0.637,-0.212
478,skin,24,-0.792,-0.640,-0.183
487,notochord,6,-0.112,0.563,0.789
487,notochord,8,-0.107,0.133,0.960
487,notochord,10,-0.075,-0.325,0.915
487,notochord,13,-0.034,-0.484,0.857
487,notochord,17,-0.013,-0.562,0.828
487,notochord,24,0.000,-0.613,0.809
504,skin,6,0.507,0.232,-0.871
504,skin,8,0.694,-0.426,-0.623
504,skin,10,0.412,-0.875,-0.190
504,skin,13,0.424,-0.880,-0.168
504,skin,17,0.438,-0.886,-0.143
504,skin,24,0.447,-0.889,-0.127
511,skin,6,0.897,0.552,0.261
511,skin,8,0.916,0.053,0.529
511,skin,10,0.654,-0.430,0.635
511,skin,13,0.643,-0.433,0.652
511,skin,17,0.631,-0.436,0.671
511,skin,24,0.623,-0.439,0.684
525,skin,6,-0.066,0.732,-0.736
525,skin,8,-0.181,0.381,-0.920
525,skin,10,-0.290,-0.008,-0.942
525,skin,13,-0.371,-0.008,-0.917
525,skin,17,-0.460,-0.008,-0.890
525,skin,24,-0.520,-0.008,-0.872
526,muscle,6,0.304,0.274,0.879
526,muscle,8,0.236,-0.334,0.876
526,muscle,10,0.101,-0.808,0.516
526,muscle,13,0.087,-0.913,0.328
526,muscle,17,0.079,-0.976,0.215
526,muscle,24,0.073,-1.019,0.140
534,notochord,6,0.060,0.717,0.720
534,notochord,8,0.062,0.384,0.939
534,notochord,10,0.049,-0.007,1.014
534,notochord,13,0.022,-0.140,0.998
534,notochord,17,0.009,-0.206,0.989
534,notochord,24,0.000,-0.249,0.984
538,notochord,6,-0.043,0.933,0.388
538,notochord,8,-0.050,0.837,0.563
538,notochord,10,-0.046,0.708,0.716
538,notochord,13,-0.021,0.676,0.751
538,notochord,17,-0.008,0.660,0.768
538,notochord,24,0.000,0.650,0.780
542,neural,6,-0.277,0.843,0.620
542,neural,8,-0.296,0.566,0.858
542,neural,10,-0.249,0.233,0.999
542,neural,13,-0.172,0.152,1.043
542,neural,17,-0.103,0.080,1.082
542,neural,24,-0.058,0.031,1.108
545,skin,6,0.034,1.007,-0.114
545,skin,8,0.090,0.978,-0.152
545,skin,10,0.162,0.947,-0.168
545,skin,13,0.174,0.952,-0.157
545,skin,17,0.187,0.958,-0.146
545,skin,24,0.196,0.962,-0.138
549,skin,6,-0.382,0.965,0.176
549,skin,8,-0.467,0.844,0.354
549,skin,10,-0.459,0.698,0.548
549,skin,13,-0.451,0.703,0.560
549,skin,17,-0.441,0.708,0.573
549,skin,24,-0.435,0.711,0.581
551,notochord,6,-0.130,0.368,0.881
551,notochord,8,-0.109,-0.189,0.938
551,notochord,10,-0.057,-0.682,0.677
551,notochord,13,-0.026,-0.824,0.515
551,notochord,17,-0.010,-0.894,0.436
551,notochord,24,0.000,-0.940,0.383
554,notochord,6,-0.027,0.931,0.307
554,notochord,8,-0.032,0.870,0.451
554,notochord,10,-0.030,0.787,0.583
554,notochord,13,-0.013,0.784,0.619
554,notochord,17,-0.005,0.783,0.636
554,notochord,24,0.000,0.782,0.648
582,skin,6,0.574,0.853,-0.358
582,skin,8,0.881,0.579,-0.202
582,skin,10,1.008,0.266,0.101
582,skin,13,1.009,0.268,0.142
582,skin,17,1.010,0.270,0.186
582,skin,24,1.011,0.272,0.216
589,notochord,6,-0.074,0.374,0.882
589,notochord,8,-0.062,-0.176,0.942
589,notochord,10,-0.033,-0.669,0.689
589,notochord,13,-0.015,-0.814,0.531
589,notochord,17,-0.006,-0.885,0.454
589,notochord,24,0.000,-0.932,0.402
590,notochord,6,0.032,0.640,0.755
590,notochord,8,0.032,0.263,0.953
590,notochord,10,0.024,-0.162,0.975
590,notochord,13,0.011,-0.309,0.945
590,notochord,17,0.004,-0.382,0.930
590,notochord,24,0.000,-0.430,0.920
595,skin,6,0.681,0.716,-0.282
595,skin,8,0.959,0.393,-0.069
595,skin,10,0.997,0.023,0.251
595,skin,13,0.990,0.023,0.287
595,skin,17,0.982,0.023,0.326
595,skin,24,0.977,0.023,0.353
597,notochord,6,0.072,0.822,0.542
597,notochord,8,0.079,0.629,0.756
597,notochord,10,0.069,0.382,0.906
597,notochord,13,0.031,0.304,0.950
597,notochord,17,0.012,0.265,0.972
597,notochord,24,0.000,0.239,0.987
600,notochord,6,0.115,0.646,0.760
600,notochord,8,0.114,0.261,0.961
600,notochord,10,0.085,-0.172,0.982
600,notochord,13,0.038,-0.319,0.945
600,notochord,17,0.015,-0.391,0.927
600,notochord,24,0.000,-0.439,0.915
606,skin,6,-0.401,0.954,-0.022
606,skin,8,-0.554,0.846,0.130
606,skin,10,-0.607,0.713,0.349
606,skin,13,-0.599,0.717,0.367
606,skin,17,-0.590,0.722,0.388
606,skin,24,-0.584,0.725,0.401
607,skin,6,-0.033,0.976,-0.419
607,skin,8,-0.101,0.840,-0.579
607,skin,10,-0.190,0.678,-0.694
607,skin,13,-0.250,0.683,-0.678
607,skin,17,-0.317,0.689,-0.660
607,skin,24,-0.361,0.693,-0.649
618,skin,6,-0.301,0.393,-0.876
618,skin,8,-0.548,-0.176,-0.821
618,skin,10,-0.539,-0.671,-0.484
618,skin,13,-0.572,-0.674,-0.450
618,skin,17,-0.610,-0.678,-0.412
618,skin,24,-0.634,-0.681,-0.387
619,skin,6,-0.408,0.867,-0.153
619,skin,8,-0.630,0.754,-0.025
619,skin,10,-0.758,0.605,0.215
619,skin,13,-0.751,0.607,0.241
619,skin,17,-0.743,0.609,0.270
619,skin,24,-0.738,0.611,0.290
624,skin,6,0.087,0.489,-0.858
624,skin,8,0.212,-0.012,-0.959
624,skin,10,0.273,-0.497,-0.789
624,skin,13,0.339,-0.499,-0.765
624,skin,17,0.412,-0.502,-0.739
624,skin,24,0.461,-0.504,-0.721
631,skin,6,-0.336,0.264,-0.904
631,skin,8,-0.541,-0.366,-0.754
631,skin,10,-0.397,-0.831,-0.327
631,skin,13,-0.419,-0.835,-0.302
631,skin,17,-0.443,-0.840,-0.275
631,skin,24,-0.460,-0.843,-0.257
636,skin,6,-0.468,0.766,0.432
636,skin,8,-0.521,0.514,0.671
636,skin,10,-0.453,0.208,0.847
636,skin,13,-0.445,0.209,0.859
636,skin,17,-0.436,0.211,0.874
636,skin,24,-0.430,0.213,0.883
644,skin,6,0.601,0.718,0.532
644,skin,8,0.625,0.338,0.776
644,skin,10,0.491,-0.078,0.888
644,skin,13,0.481,-0.079,0.899
644,skin,17,0.470,-0.079,0.912
644,skin,24,0.462,-0.080,0.921
652,neural,6,0.032,0.393,0.986
652,neural,8,0.027,-0.228,1.035
652,neural,10,0.014,-0.768,0.727
652,neural,13,0.010,-0.875,0.591
652,neural,17,0.007,-0.971,0.467
652,neural,24,0.004,-1.035,0.385
667,notochord,6,-0.079,0.843,0.542
667,notochord,8,-0.087,0.653,0.758
667,notochord,10,-0.076,0.409,0.912
667,notochord,13,-0.034,0.330,0.949
667,notochord,17,-0.014,0.292,0.968
667,notochord,24,0.000,0.266,0.980
668,skin,6,-0.828,0.621,-0.259
668,skin,8,-1.049,0.186,0.010
668,skin,10,-0.943,-0.266,0.315
668,skin,13,-0.935,-0.268,0.348
668,skin,17,-0.927,-0.269,0.384
668,skin,24,-0.922,-0.271,0.408
672,skin,6,0.972,0.393,0.257
672,skin,8,0.903,-0.196,0.497
672,skin,10,0.521,-0.692,0.489
672,skin,13,0.512,-0.696,0.503
672,skin,17,0.503,-0.701,0.518
672,skin,24,0.496,-0.704,0.528
679,skin,6,-0.837,0.599,0.215
679,skin,8,-0.903,0.163,0.489
679,skin,10,-0.704,-0.291,0.653
679,skin,13,-0.692,-0.293,0.671
679,skin,17,-0.678,-0.295,0.692
679,skin,24,-0.669,-0.296,0.705
687,skin,6,0.572,0.663,-0.474
687,skin,8,0.907,0.319,-0.337
687,skin,10,1.022,-0.074,-0.030
687,skin,13,1.024,-0.075,0.014
687,skin,17,1.027,-0.075,0.062
687,skin,24,1.029,-0.075,0.095
695,notochord,6,0.047,0.958,0.329
695,notochord,8,0.054,0.889,0.483
695,notochord,10,0.051,0.794,0.623
695,notochord,13,0.023,0.775,0.651
695,notochord,17,0.009,0.766,0.665
695,notochord,24,0.000,0.759,0.674
704,neural,6,-0.102,0.921,0.471
704,neural,8,-0.115,0.778,0.675
704,neural,10,-0.105,0.590,0.841
704,neural,13,-0.074,0.561,0.893
704,neural,17,-0.047,0.535,0.939
704,neural,24,-0.029,0.518,0.970
707,skin,6,0.515,0.517,-0.647
707,skin,8,0.841,0.065,-0.538
707,skin,10,0.893,-0.402,-0.229
707,skin,13,0.905,-0.404,-0.186
707,skin,17,0.919,-0.405,-0.137
707,skin,24,0.928,-0.406,-0.105
709,neural,6,-0.023,1.006,0.365
709,neural,8,-0.027,0.926,0.533
709,neural,10,-0.025,0.817,0.684
709,neural,13,-0.018,0.810,0.717
709,neural,17,-0.013,0.804,0.746
709,neural,24,-0.009,0.800,0.765
724,neural,6,-0.005,0.852,0.653
724,neural,8,-0.006,0.596,0.890
724,neural,10,-0.005,0.278,1.032
724,neural,13,-0.003,0.200,1.061
724,neural,17,-0.002,0.130,1.087
724,neural,24,-0.001,0.084,1.104
733,skin,6,-0.718,0.448,0.619
733,skin,8,-0.649,-0.103,0.789
733,skin,10,-0.388,-0.605,0.688
733,skin,13,-0.380,-0.610,0.698
733,skin,17,-0.372,-0.615,0.709
733,skin,24,-0.366,-0.618,0.716
734,notochord,6,-0.025,0.562,0.854
734,notochord,8,-0.023,0.089,1.018
734,notochord,10,-0.016,-0.404,0.937
734,notochord,13,-0.007,-0.553,0.838
734,notochord,17,-0.003,-0.627,0.790
734,notochord,24,0.000,-0.676,0.758
735,skin,6,-0.603,0.084,0.911
735,skin,8,-0.376,-0.654,0.750
735,skin,10,-0.055,-1.023,0.153
735,skin,13,-0.053,-1.026,0.154
735,skin,17,-0.052,-1.030,0.155
735,skin,24,-0.051,-1.032,0.156
746,skin,6,0.272,0.154,0.942
746,skin,8,0.186,-0.516,0.822
746,skin,10,0.049,-0.937,0.299
746,skin,13,0.048,-0.952,0.304
746,skin,17,0.048,-0.968,0.309
746,skin,24,0.047,-0.979,0.313
753,skin,6,-0.740,0.725,-0.300
753,skin,8,-1.009,0.358,-0.066
753,skin,10,-1.007,-0.042,0.261
753,skin,13,-1.002,-0.043,0.297
753,skin,17,-0.996,-0.043,0.338
753,skin,24,-0.993,-0.043,0.365
765,skin,6,0.521,0.148,-0.918
765,skin,8,0.649,-0.552,-0.598
765,skin,10,0.260,-0.944,-0.125
765,skin,13,0.269,-0.951,-0.111
765,skin,17,0.278,-0.959,-0.095
765,skin,24,0.284,-0.964,-0.085
770,skin,6,0.449,0.722,-0.534
770,skin,8,0.797,0.415,-0.477
770,skin,10,1.000,0.057,-0.223
770,skin,13,1.013,0.057,-0.176
770,skin,17,1.028,0.058,-0.122
770,skin,24,1.038,0.058,-0.087
773,skin,6,-0.264,0.518,-0.909
773,skin,8,-0.520,-0.032,-0.909
773,skin,10,-0.587,-0.530,-0.629
773,skin,13,-0.634,-0.534,-0.591
773,skin,17,-0.686,-0.539,-0.550
773,skin,24,-0.721,-0.542,-0.522
785,notochord,6,0.001,0.910,0.437
785,notochord,8,0.002,0.790,0.628
785,notochord,10,0.001,0.630,0.786
785,notochord,13,0.001,0.585,0.824
785,notochord,17,0.000,0.563,0.842
785,notochord,24,0.000,0.548,0.854
794,skin,6,-0.059,0.952,-0.208
794,skin,8,-0.157,0.916,-0.281
794,skin,10,-0.287,0.870,-0.315
794,skin,13,-0.309,0.873,-0.295
794,skin,17,-0.334,0.877,-0.274
794,skin,24,-0.350,0.880,-0.260
799,skin,6,-0.022,0.943,-0.383
799,skin,8,-0.069,0.834,-0.542
799,skin,10,-0.133,0.698,-0.669
799,skin,13,-0.192,0.702,-0.655
799,skin,17,-0.257,0.707,-0.641
799,skin,24,-0.301,0.710,-0.631
800,skin,6,-0.036,0.885,-0.478
800,skin,8,-0.110,0.727,-0.662
800,skin,10,-0.206,0.531,-0.790
800,skin,13,-0.274,0.534,-0.771
800,skin,17,-0.350,0.537,-0.750
800,skin,24,-0.400,0.539,-0.736
805,skin,6,0.702,0.723,0.432
805,skin,8,0.740,0.332,0.690
805,skin,10,0.588,-0.087,0.828
805,skin,13,0.576,-0.088,0.843
805,skin,17,0.564,-0.089,0.859
805,skin,24,0.556,-0.089,0.870
808,muscle,6,-0.309,0.554,0.770
808,muscle,8,-0.294,0.102,0.944
808,muscle,10,-0.201,-0.371,0.893
808,muscle,13,-0.147,-0.511,0.830
808,muscle,17,-0.114,-0.595,0.792
808,muscle,24,-0.092,-0.651,0.767
809,skin,6,-0.034,0.906,-0.388
809,skin,8,-0.105,0.801,-0.549
809,skin,10,-0.202,0.665,-0.674
809,skin,13,-0.259,0.668,-0.655
809,skin,17,-0.323,0.672,-0.635
809,skin,24,-0.365,0.674,-0.621
813,skin,6,0.432,0.628,-0.697
813,skin,8,0.775,0.206,-0.652
813,skin,10,0.920,-0.239,-0.383
813,skin,13,0.945,-0.240,-0.335
813,skin,17,0.972,-0.242,-0.282
813,skin,24,0.990,-0.243,-0.246
816,skin,6,0.346,0.970,-0.278
816,skin,8,0.594,0.830,-0.211
816,skin,10,0.775,0.664,-0.011
816,skin,13,0.779,0.669,0.022
816,skin,17,0.784,0.675,0.058
816,skin,24,0.787,0.679,0.083
822,skin,6,-0.222,0.684,-0.768
822,skin,8,-0.491,0.280,-0.861
822,skin,10,-0.681,-0.148,-0.731
822,skin,13,-0.735,-0.149,-0.688
822,skin,17,-0.795,-0.150,-0.639
822,skin,24,-0.835,-0.151,-0.606
825,skin,6,0.713,0.808,0.080
825,skin,8,0.864,0.512,0.342
825,skin,10,0.803,0.175,0.608
825,skin,13,0.792,0.176,0.631
825,skin,17,0.779,0.178,0.657
825,skin,24,0.770,0.179,0.674
840,skin,6,0.698,0.184,-0.824
840,skin,8,0.800,-0.516,-0.476
840,skin,10,0.348,-0.930,-0.077
840,skin,13,0.353,-0.937,-0.060
840,skin,17,0.360,-0.945,-0.042
840,skin,24,0.364,-0.951,-0.029
849,skin,6,-0.558,0.301,0.852
849,skin,8,-0.436,-0.351,0.877
849,skin,10,-0.188,-0.847,0.531
849,skin,13,-0.184,-0.852,0.536
849,skin,17,-0.179,-0.858,0.541
849,skin,24,-0.176,-0.862,0.544
850,skin,6,0.079,0.533,-0.805
850,skin,8,0.202,0.086,-0.942
850,skin,10,0.283,-0.378,-0.843
850,skin,13,0.353,-0.380,-0.817
850,skin,17,0.431,-0.381,-0.789
850,skin,24,0.482,-0.382,-0.770
861,skin,6,-0.744,0.520,0.497
861,skin,8,-0.724,0.032,0.718
861,skin,10,-0.492,-0.452,0.731
861,skin,13,-0.482,-0.455,0.743
861,skin,17,-0.472,-0.458,0.757
861,skin,24,-0.465,-0.460,0.766
863,skin,6,-0.147,0.854,-0.607
863,skin,8,-0.366,0.599,-0.752
863,skin,10,-0.590,0.302,-0.756
863,skin,13,-0.648,0.304,-0.717
863,skin,17,-0.712,0.307,-0.673
863,skin,24,-0.754,0.308,-0.644
878,notochord,6,-0.011,0.998,0.228
878,notochord,8,-0.013,0.965,0.338
878,notochord,10,-0.013,0.920,0.444
878,notochord,13,-0.006,0.913,0.450
878,notochord,17,-0.002,0.910,0.453
878,notochord,24,0.000,0.907,0.456
887,notochord,6,0.048,0.886,0.445
887,notochord,8,0.054,0.758,0.637
887,notochord,10,0.049,0.589,0.795
887,notochord,13,0.022,0.544,0.841
887,notochord,17,0.009,0.522,0.864
887,notochord,24,0.000,0.508,0.879
892,skin,6,-0.295,0.225,0.957
892,skin,8,-0.215,-0.445,0.893
892,skin,10,-0.075,-0.915,0.430
892,skin,13,-0.074,-0.924,0.434
892,skin,17,-0.072,-0.933,0.439
892,skin,24,-0.071,-0.940,0.442
893,neural,6,0.124,0.760,0.676
893,neural,8,0.130,0.463,0.902
893,neural,10,0.106,0.105,1.009
893,neural,13,0.074,0.012,1.041
893,neural,17,0.044,-0.071,1.069
893,neural,24,0.025,-0.127,1.089
906,skin,6,-0.144,1.057,-0.171
906,skin,8,-0.280,0.987,-0.168
906,skin,10,-0.407,0.910,-0.091
906,skin,13,-0.414,0.917,-0.071
906,skin,17,-0.422,0.926,-0.050
906,skin,24,-0.427,0.931,-0.036
910,skin,6,-0.133,0.402,-0.910
910,skin,8,-0.287,-0.164,-0.935
910,skin,10,-0.313,-0.659,-0.649
910,skin,13,-0.365,-0.662,-0.625
910,skin,17,-0.423,-0.666,-0.597
910,skin,24,-0.462,-0.668,-0.579
911,skin,6,-0.027,0.673,-0.699
911,skin,8,-0.080,0.344,-0.900
911,skin,10,-0.132,-0.036,-0.953
911,skin,13,-0.217,-0.036,-0.937
911,skin,17,-0.312,-0.037,-0.918
911,skin,24,-0.375,-0.037,-0.906
915,skin,6,-0.575,0.926,0.056
915,skin,8,-0.727,0.722,0.277
915,skin,10,-0.723,0.483,0.534
915,skin,13,-0.713,0.487,0.556
915,skin,17,-0.703,0.491,0.579
915,skin,24,-0.695,0.494,0.595
927,notochord,6,0.016,0.221,0.944
927,notochord,8,0.012,-0.414,0.877
927,notochord,10,0.004,-0.869,0.430
927,notochord,13,0.002,-0.994,0.192
927,notochord,17,0.001,-1.056,0.075
927,notochord,24,0.000,-1.097,-0.003
930,skin,6,0.333,0.949,-0.011
930,skin,8,0.465,0.874,0.119
930,skin,10,0.518,0.779,0.310
930,skin,13,0.511,0.783,0.325
930,skin,17,0.503,0.787,0.342
930,skin,24,0.497,0.790,0.353
933,skin,6,0.323,0.956,0.179
933,skin,8,0.395,0.863,0.341
933,skin,10,0.391,0.746,0.518
933,skin,13,0.384,0.751,0.527
933,skin,17,0.376,0.756,0.538
933,skin,24,0.370,0.760,0.545
945,skin,6,0.001,1.026,-0.184
945,skin,8,0.003,0.976,-0.266
945,skin,10,0.006,0.920,-0.340
945,skin,13,0.037,0.927,-0.338
945,skin,17,0.073,0.934,-0.336
945,skin,24,0.097,0.938,-0.335
965,skin,6,-0.003,0.435,-0.879
965,skin,8,-0.007,-0.094,-0.968
965,skin,10,-0.009,-0.586,-0.767
965,skin,13,-0.080,-0.588,-0.761
965,skin,17,-0.160,-0.591,-0.754
965,skin,24,-0.213,-0.593,-0.750
973,skin,6,0.839,0.135,0.723
973,skin,8,0.562,-0.588,0.684
973,skin,10,0.125,-0.981,0.222
973,skin,13,0.123,-0.986,0.225
973,skin,17,0.120,-0.992,0.228
973,skin,24,0.118,-0.997,0.230
980,skin,6,0.509,0.869,-0.142
980,skin,8,0.739,0.700,0.029
980,skin,10,0.831,0.489,0.303
980,skin,13,0.823,0.492,0.331
980,skin,17,0.814,0.495,0.362
980,skin,24,0.808,0.497,0.382
986,skin,6,-0.032,0.865,-0.417
986,skin,8,-0.101,0.749,-0.593
986,skin,10,-0.194,0.596,-0.729
986,skin,13,-0.256,0.598,-0.710
986,skin,17,-0.325,0.600,-0.689
986,skin,24,-0.371,0.602,-0.675
987,muscle,6,-0.232,0.460,0.832
987,muscle,8,-0.208,-0.047,0.953
987,muscle,10,-0.127,-0.540,0.800
987,muscle,13,-0.104,-0.678,0.694
987,muscle,17,-0.090,-0.761,0.631
987,muscle,24,-0.080,-0.816,0.588
989,notochord,6,0.020,0.484,0.857
989,notochord,8,0.018,-0.014,0.983
989,notochord,10,0.011,-0.508,0.842
989,notochord,13,0.005,-0.663,0.730
989,notochord,17,0.002,-0.739,0.675
989,notochord,24,0.000,-0.790,0.638
996,skin,6,-0.552,0.616,-0.551
996,skin,8,-0.892,0.229,-0.430
996,skin,10,-0.995,-0.197,-0.124
996,skin,13,-1.002,-0.197,-0.079
996,skin,17,-1.010,-0.198,-0.029
996,skin,24,-1.015,-0.199,0.004
999,notochord,6,0.012,0.908,0.446
999,notochord,8,0.013,0.782,0.639
999,notochord,10,0.012,0.617,0.799
999,notochord,13,0.005,0.569,0.836
999,notochord,17,0.002,0.546,0.854
999,notochord,24,0.000,0.530,0.866
1011,skin,6,0.829,0.527,0.231
1011,skin,8,0.877,0.075,0.496
1011,skin,10,0.655,-0.392,0.626
1011,skin,13,0.643,-0.393,0.642
1011,skin,17,0.629,-0.395,0.660
1011,skin,24,0.620,-0.397,0.672
1016,skin,6,-0.431,0.786,0.563
1016,skin,8,-0.459,0.481,0.802
1016,skin,10,-0.380,0.126,0.938
1016,skin,13,-0.371,0.127,0.948
1016,skin,17,-0.362,0.127,0.958
1016,skin,24,-0.356,0.128,0.965
1017,skin,6,0.416,0.870,0.416
1017,skin,8,0.467,0.658,0.644
1017,skin,10,0.417,0.399,0.828
1017,skin,13,0.409,0.401,0.839
1017,skin,17,0.399,0.404,0.850
1017,skin,24,0.393,0.406,0.858
1020,skin,6,-0.044,0.214,-1.028
1020,skin,8,-0.088,-0.467,-0.899
1020,skin,10,-0.060,-0.902,-0.389
1020,skin,13,-0.094,-0.908,-0.383
1020,skin,17,-0.133,-0.915,-0.376
1020,skin,24,-0.159,-0.920,-0.372
1023,skin,6,-0.715,0.694,0.136
1023,skin,8,-0.848,0.380,0.401
1023,skin,10,-0.761,0.012,0.645
1023,skin,13,-0.748,0.012,0.664
1023,skin,17,-0.733,0.012,0.686
1023,skin,24,-0.723,0.012,0.700
1026,muscle,6,0.415,0.724,0.505
1026,muscle,8,0.451,0.451,0.739
1026,muscle,10,0.380,0.121,0.885
1026,muscle,13,0.227,0.016,0.944
1026,muscle,17,0.135,-0.047,0.979
1026,muscle,24,0.074,-0.089,1.002
1035,skin,6,0.985,0.194,-0.460
1035,skin,8,0.940,-0.494,-0.106
1035,skin,10,0.371,-0.917,0.079
1035,skin,13,0.370,-0.923,0.092
1035,skin,17,0.368,-0.931,0.108
1035,skin,24,0.367,-0.935,0.118
1038,skin,6,0.017,0.924,-0.312
1038,skin,8,0.055,0.856,-0.452
1038,skin,10,0.110,0.766,-0.575
1038,skin,13,0.160,0.769,-0.563
1038,skin,17,0.216,0.773,-0.550
1038,skin,24,0.253,0.775,-0.541
1041,skin,6,-0.317,0.142,-0.999
1041,skin,8,-0.456,-0.560,-0.735
1041,skin,10,-0.194,-0.948,-0.190
1041,skin,13,-0.208,-0.955,-0.178
1041,skin,17,-0.224,-0.963,-0.164
1041,skin,24,-0.234,-0.968,-0.155
1047,notochord,6,-0.077,0.740,0.651
1047,notochord,8,-0.081,0.459,0.871
1047,notochord,10,-0.067,0.120,0.977
1047,notochord,13,-0.030,0.002,0.996
1047,notochord,17,-0.012,-0.056,1.005
1047,notochord,24,0.000,-0.095,1.011
1049,skin,6,-0.287,0.607,-0.778
1049,skin,8,-0.585,0.167,-0.818
1049,skin,10,-0.744,-0.288,-0.616
1049,skin,13,-0.787,-0.290,-0.571
1049,skin,17,-0.834,-0.292,-0.520
1049,skin,24,-0.866,-0.293,-0.487
1061,notochord,6,0.045,0.927,0.271
1061,notochord,8,0.053,0.878,0.401
1061,notochord,10,0.050,0.811,0.524
1061,notochord,13,0.023,0.821,0.558
1061,notochord,17,0.009,0.825,0.575
1061,notochord,24,0.000,0.828,0.587
1067,skin,6,-0.072,0.929,-0.272
1067,skin,8,-0.195,0.875,-0.368
1067,skin,10,-0.354,0.801,-0.415
1067,skin,13,-0.384,0.805,-0.391
1067,skin,17,-0.417,0.808,-0.363
1067,skin,24,-0.439,0.810,-0.345
1069,notochord,6,-0.019,0.845,0.569
1069,notochord,8,-0.020,0.640,0.791
1069,notochord,10,-0.018,0.381,0.942
1069,notochord,13,-0.008,0.294,0.969
1069,notochord,17,-0.003,0.251,0.982
1069,notochord,24,0.000,0.223,0.991
1070,skin,6,-0.545,0.573,-0.646
1070,skin,8,-0.880,0.124,-0.525
1070,skin,10,-0.942,-0.339,-0.208
1070,skin,13,-0.955,-0.340,-0.164
1070,skin,17,-0.969,-0.342,-0.114
1070,skin,24,-0.979,-0.344,-0.080
1072,skin,6,-0.121,0.892,-0.390
1072,skin,8,-0.308,0.779,-0.505
1072,skin,10,-0.531,0.633,-0.530
1072,skin,13,-0.568,0.635,-0.495
1072,skin,17,-0.609,0.638,-0.457
1072,skin,24,-0.636,0.640,-0.431
1074,muscle,6,0.168,0.863,0.514
1074,muscle,8,0.187,0.678,0.731
1074,muscle,10,0.165,0.443,0.892
1074,muscle,13,0.137,0.373,0.925
1074,muscle,17,0.119,0.331,0.946
1074,muscle,24,0.108,0.303,0.959
1075,skin,6,0.274,0.780,-0.529
1075,skin,8,0.579,0.549,-0.587
1075,skin,10,0.852,0.264,-0.466
1075,skin,13,0.881,0.265,-0.418
1075,skin,17,0.913,0.266,-0.365
1075,skin,24,0.934,0.267,-0.330
1085,skin,6,-0.055,0.714,-0.789
1085,skin,8,-0.151,0.318,-0.965
1085,skin,10,-0.235,-0.102,-0.957
1085,skin,13,-0.318,-0.102,-0.937
1085,skin,17,-0.412,-0.103,-0.915
1085,skin,24,-0.474,-0.104,-0.900
1094,skin,6,1.022,0.334,-0.018
1094,skin,8,0.978,-0.278,0.264
1094,skin,10,0.539,-0.764,0.331
1094,skin,13,0.532,-0.768,0.347
1094,skin,17,0.523,-0.773,0.365
1094,skin,24,0.518,-0.777,0.376
1099,skin,6,-0.192,0.980,-0.363
1099,skin,8,-0.416,0.851,-0.412
1099,skin,10,-0.645,0.698,-0.343
1099,skin,13,-0.669,0.703,-0.308
1099,skin,17,-0.695,0.709,-0.269
1099,skin,24,-0.712,0.713,-0.242
1101,skin,6,0.225,0.916,0.210
1101,skin,8,0.272,0.857,0.354
1101,skin,10,0.268,0.777,0.506
1101,skin,13,0.264,0.784,0.514
1101,skin,17,0.258,0.792,0.523
1101,skin,24,0.255,0.798,0.529
1102,muscle,6,0.325,0.448,0.801
1102,muscle,8,0.291,-0.062,0.925
1102,muscle,10,0.176,-0.552,0.775
1102,muscle,13,0.126,-0.691,0.672
1102,muscle,17,0.096,-0.774,0.610
1102,muscle,24,0.076,-0.830,0.568
1105,skin,6,-0.641,0.565,-0.504
1105,skin,8,-0.953,0.143,-0.328
1105,skin,10,-0.969,-0.306,-0.004
1105,skin,13,-0.970,-0.308,0.036
1105,skin,17,-0.971,-0.309,0.082
1105,skin,24,-0.972,-0.310,0.112
1106,skin,6,0.835,0.528,-0.176
1106,skin,8,1.013,0.082,0.098
1106,skin,10,0.853,-0.383,0.363
1106,skin,13,0.843,-0.384,0.389
1106,skin,17,0.831,-0.386,0.419
1106,skin,24,0.823,-0.387,0.439
1111,skin,6,-0.447,0.589,-0.786
1111,skin,8,-0.779,0.093,-0.716
1111,skin,10,-0.862,-0.388,-0.412
1111,skin,13,-0.891,-0.391,-0.366
1111,skin,17,-0.922,-0.394,-0.315
1111,skin,24,-0.943,-0.396,-0.280
1121,muscle,6,0.079,0.929,0.390
1121,muscle,8,0.090,0.829,0.568
1121,muscle,10,0.084,0.696,0.723
1121,muscle,13,0.094,0.663,0.754
1121,muscle,17,0.100,0.643,0.772
1121,muscle,24,0.104,0.629,0.785
1123,skin,6,-0.022,0.183,1.061
1123,skin,8,-0.015,-0.543,0.927
1123,skin,10,-0.004,-1.010,0.359
1123,skin,13,-0.004,-1.009,0.359
1123,skin,17,-0.004,-1.009,0.358
1123,skin,24,-0.004,-1.008,0.358
1126,skin,6,0.883,0.209,-0.508
1126,skin,8,0.913,-0.443,-0.178
1126,skin,10,0.418,-0.883,0.056
1126,skin,13,0.417,-0.888,0.072
1126,skin,17,0.416,-0.893,0.090
1126,skin,24,0.415,-0.896,0.102
1128,skin,6,-0.736,0.411,0.699
1128,skin,8,-0.629,-0.197,0.830
1128,skin,10,-0.338,-0.710,0.645
1128,skin,13,-0.331,-0.714,0.653
1128,skin,17,-0.323,-0.718,0.661
1128,skin,24,-0.318,-0.721,0.667
1131,notochord,6,0.076,0.240,0.969
1131,notochord,8,0.057,-0.410,0.910
1131,notochord,10,0.021,-0.885,0.464
1131,notochord,13,0.009,-0.993,0.224
1131,notochord,17,0.004,-1.047,0.106
1131,notochord,24,0.000,-1.082,0.028
1134,skin,6,0.135,0.864,-0.598
1134,skin,8,0.342,0.617,-0.749
1134,skin,10,0.559,0.329,-0.767
1134,skin,13,0.617,0.331,-0.729
1134,skin,17,0.683,0.334,-0.687
1134,skin,24,0.727,0.336,-0.659
1138,skin,6,-0.521,0.862,0.161
1138,skin,8,-0.643,0.683,0.383
1138,skin,10,-0.627,0.460,0.622
1138,skin,13,-0.615,0.463,0.638
1138,skin,17,-0.603,0.466,0.656
1138,skin,24,-0.595,0.467,0.667
1139,skin,6,-0.820,0.161,-0.720
1139,skin,8,-0.852,-0.544,-0.345
1139,skin,10,-0.314,-0.943,-0.018
1139,skin,13,-0.316,-0.950,-0.005
1139,skin,17,-0.319,-0.958,0.011
1139,skin,24,-0.320,-0.964,0.021
1148,skin,6,-0.111,0.260,-0.939
1148,skin,8,-0.222,-0.363,-0.877
1148,skin,10,-0.183,-0.829,-0.462
1148,skin,13,-0.221,-0.833,-0.446
1148,skin,17,-0.263,-0.837,-0.429
1148,skin,24,-0.291,-0.839,-0.418
1152,skin,6,-0.064,0.591,-0.787
1152,skin,8,-0.169,0.173,-0.947
1152,skin,10,-0.250,-0.273,-0.897
1152,skin,13,-0.326,-0.274,-0.873
1152,skin,17,-0.411,-0.275,-0.847
1152,skin,24,-0.468,-0.276,-0.830
1154,neural,6,-0.246,0.833,0.615
1154,neural,8,-0.264,0.567,0.850
1154,neural,10,-0.222,0.243,0.991
1154,neural,13,-0.154,0.165,1.036
1154,neural,17,-0.093,0.094,1.077
1154,neural,24,-0.052,0.047,1.104
1161,skin,6,0.296,0.930,0.354
1161,skin,8,0.340,0.793,0.550
1161,skin,10,0.316,0.621,0.727
1161,skin,13,0.310,0.625,0.735
1161,skin,17,0.302,0.630,0.744
1161,skin,24,0.298,0.633,0.750
1170,skin,6,0.022,0.994,0.026
1170,skin,8,0.027,0.985,0.042
1170,skin,10,0.027,0.976,0.060
1170,skin,13,0.027,0.986,0.061
1170,skin,17,0.026,0.996,0.062
1170,skin,24,0.026,1.003,0.063
1173,skin,6,0.679,0.706,0.352
1173,skin,8,0.744,0.359,0.612
1173,skin,10,0.618,-0.032,0.786
1173,skin,13,0.606,-0.032,0.801
1173,skin,17,0.593,-0.032,0.818
1173,skin,24,0.585,-0.032,0.829
1176,notochord,6,-0.064,0.250,0.949
1176,notochord,8,-0.048,-0.382,0.904
1176,notochord,10,-0.019,-0.855,0.483
1176,notochord,13,-0.008,-0.969,0.254
1176,notochord,17,-0.003,-1.026,0.142
1176,notochord,24,0.000,-1.063,0.067
1182,skin,6,0.571,0.856,-0.203
1182,skin,8,0.827,0.635,-0.021
1182,skin,10,0.917,0.372,0.274
1182,skin,13,0.911,0.374,0.307
1182,skin,17,0.904,0.377,0.342
1182,skin,24,0.899,0.378,0.366
1185,notochord,6,-0.012,0.933,0.269
1185,notochord,8,-0.014,0.886,0.396
1185,notochord,10,-0.014,0.822,0.516
1185,notochord,13,-0.006,0.831,0.547
1185,notochord,17,-0.002,0.836,0.562
1185,notochord,24,0.000,0.838,0.572
1195,skin,6,-0.732,0.272,-0.683
1195,skin,8,-0.886,-0.363,-0.391
1195,skin,10,-0.535,-0.830,-0.048
1195,skin,13,-0.538,-0.835,-0.024
1195,skin,17,-0.542,-0.840,0.002
1195,skin,24,-0.545,-0.843,0.020
1215,notochord,6,-0.088,0.428,0.902
1215,notochord,8,-0.076,-0.124,0.990
1215,notochord,10,-0.043,-0.636,0.771
1215,notochord,13,-0.019,-0.775,0.616
1215,notochord,17,-0.008,-0.843,0.541
1215,notochord,24,0.000,-0.889,0.490
1218,skin,6,0.002,1.029,0.208
1218,skin,8,0.002,1.002,0.309
1218,skin,10,0.002,0.964,0.406
1218,skin,13,0.002,0.969,0.408
1218,skin,17,0.002,0.973,0.410
1218,skin,24,0.002,0.977,0.411
1230,skin,6,0.572,0.791,0.139
1230,skin,8,0.710,0.585,0.375
1230,skin,10,0.690,0.326,0.629
1230,skin,13,0.677,0.328,0.646
1230,skin,17,0.663,0.329,0.665
1230,skin,24,0.654,0.330,0.678
1231,notochord,6,0.074,0.533,0.858
1231,notochord,8,0.069,0.046,1.008
1231,notochord,10,0.045,-0.451,0.903
1231,notochord,13,0.020,-0.601,0.797
1231,notochord,17,0.008,-0.675,0.745
1231,notochord,24,0.000,-0.725,0.711
1233,skin,6,-0.339,0.592,-0.754
1233,skin,8,-0.655,0.152,-0.762
1233,skin,10,-0.805,-0.304,-0.530
1233,skin,13,-0.840,-0.306,-0.483
1233,skin,17,-0.879,-0.308,-0.431
1233,skin,24,-0.905,-0.309,-0.397
1236,skin,6,0.778,0.324,-0.632
1236,skin,8,0.946,-0.295,-0.342
1236,skin,10,0.624,-0.778,-0.012
1236,skin,13,0.627,-0.783,0.014
1236,skin,17,0.630,-0.788,0.044
1236,skin,24,0.631,-0.791,0.063
1241,skin,6,0.542,0.923,0.115
1241,skin,8,0.672,0.734,0.333
1241,skin,10,0.660,0.509,0.576
1241,skin,13,0.650,0.513,0.594
1241,skin,17,0.639,0.517,0.615
1241,skin,24,0.631,0.520,0.629
1243,skin,6,0.467,0.665,0.686
1243,skin,8,0.465,0.247,0.904
1243,skin,10,0.345,-0.204,0.943
1243,skin,13,0.338,-0.205,0.951
1243,skin,17,0.329,-0.206,0.960
1243,skin,24,0.323,-0.207,0.966
1244,skin,6,0.707,0.572,0.499
1244,skin,8,0.705,0.117,0.731
1244,skin,10,0.506,-0.350,0.780
1244,skin,13,0.496,-0.353,0.793
1244,skin,17,0.485,-0.355,0.807
1244,skin,24,0.478,-0.357,0.816
1248,skin,6,-0.420,0.724,-0.625
1248,skin,8,-0.769,0.372,-0.595
1248,skin,10,-0.971,-0.019,-0.353
1248,skin,13,-0.994,-0.020,-0.304
1248,skin,17,-1.020,-0.020,-0.248
1248,skin,24,-1.037,-0.020,-0.212
1249,skin,6,0.000,0.952,-0.501
1249,skin,8,0.001,0.772,-0.686
1249,skin,10,0.001,0.561,-0.816
1249,skin,13,0.078,0.565,-0.814
1249,skin,17,0.164,0.570,-0.811
1249,skin,24,0.222,0.574,-0.809
1252,skin,6,-0.026,0.839,-0.558
1252,skin,8,-0.081,0.629,-0.760
1252,skin,10,-0.148,0.374,-0.886
1252,skin,13,-0.227,0.376,-0.870
1252,skin,17,-0.315,0.379,-0.853
1252,skin,24,-0.373,0.380,-0.841
1254,skin,6,-0.087,0.770,-0.739
1254,skin,8,-0.231,0.419,-0.915
1254,skin,10,-0.366,0.034,-0.926
1254,skin,13,-0.444,0.035,-0.898
1254,skin,17,-0.530,0.035,-0.867
1254,skin,24,-0.588,0.035,-0.846
1256,skin,6,0.688,0.642,-0.337
1256,skin,8,0.974,0.283,-0.127
1256,skin,10,0.994,-0.122,0.194
1256,skin,13,0.988,-0.122,0.230
1256,skin,17,0.981,-0.123,0.271
1256,skin,24,0.977,-0.123,0.298
1266,skin,6,-1.037,0.148,-0.382
1266,skin,8,-0.912,-0.555,-0.032
1266,skin,10,-0.278,-0.947,0.080
1266,skin,13,-0.276,-0.954,0.090
1266,skin,17,-0.275,-0.962,0.101
1266,skin,24,-0.273,-0.967,0.109
1277,skin,6,0.827,0.550,-0.274
1277,skin,8,1.037,0.095,-0.006
1277,skin,10,0.900,-0.372,0.287
1277,skin,13,0.892,-0.374,0.318
1277,skin,17,0.883,-0.376,0.352
1277,skin,24,0.877,-0.377,0.375
1279,skin,6,0.086,0.602,-0.787
1279,skin,8,0.221,0.186,-0.941
1279,skin,10,0.325,-0.257,-0.882
1279,skin,13,0.397,-0.259,-0.855
1279,skin,17,0.479,-0.260,-0.824
1279,skin,24,0.533,-0.261,-0.803
1281,skin,6,-0.274,1.022,0.113
1281,skin,8,-0.342,0.943,0.241
1281,skin,10,-0.346,0.851,0.389
1281,skin,13,-0.340,0.857,0.398
1281,skin,17,-0.333,0.864,0.408
1281,skin,24,-0.329,0.868,0.415
1286,notochord,6,-0.046,0.537,0.865
1286,notochord,8,-0.042,0.049,1.016
1286,notochord,10,-0.028,-0.451,0.911
1286,notochord,13,-0.012,-0.600,0.802
1286,notochord,17,-0.005,-0.674,0.749
1286,notochord,24,0.000,-0.722,0.713
1294,muscle,6,0.338,0.828,0.425
1294,muscle,8,0.382,0.642,0.645
1294,muscle,10,0.344,0.407,0.823
1294,muscle,13,0.215,0.341,0.895
1294,muscle,17,0.137,0.302,0.938
1294,muscle,24,0.086,0.275,0.967
1301,skin,6,0.619,0.404,-0.672
1301,skin,8,0.886,-0.141,-0.476
1301,skin,10,0.759,-0.634,-0.130
1301,skin,13,0.767,-0.637,-0.095
1301,skin,17,0.775,-0.640,-0.056
1301,skin,24,0.780,-0.641,-0.030
1307,skin,6,0.393,0.755,-0.645
1307,skin,8,0.739,0.402,-0.633
1307,skin,10,0.954,0.015,-0.409
1307,skin,13,0.982,0.015,-0.359
1307,skin,17,1.012,0.015,-0.303
1307,skin,24,1.033,0.015,-0.266
1309,skin,6,0.438,0.922,0.242
1309,skin,8,0.522,0.763,0.450
1309,skin,10,0.497,0.569,0.657
1309,skin,13,0.488,0.573,0.669
1309,skin,17,0.477,0.577,0.683
1309,skin,24,0.471,0.580,0.692
1312,skin,6,0.036,0.906,-0.568
1312,skin,8,0.109,0.686,-0.760
1312,skin,10,0.195,0.430,-0.871
1312,skin,13,0.272,0.433,-0.854
1312,skin,17,0.357,0.437,-0.835
1312,skin,24,0.414,0.439,-0.823
1318,skin,6,0.528,0.832,-0.171
1318,skin,8,0.775,0.648,0.000
1318,skin,10,0.876,0.416,0.285
1318,skin,13,0.868,0.418,0.315
1318,skin,17,0.859,0.420,0.348
1318,skin,24,0.853,0.421,0.370
1332,skin,6,0.034,0.705,-0.793
1332,skin,8,0.097,0.307,-0.973
1332,skin,10,0.151,-0.116,-0.969
1332,skin,13,0.238,-0.117,-0.955
1332,skin,17,0.335,-0.118,-0.938
1332,skin,24,0.400,-0.119,-0.928
1334,skin,6,0.010,0.704,-0.655
1334,skin,8,0.030,0.415,-0.866
1334,skin,10,0.052,0.069,-0.956
1334,skin,13,0.140,0.069,-0.945
1334,skin,17,0.238,0.070,-0.932
1334,skin,24,0.303,0.070,-0.924
1347,notochord,6,0.002,0.244,0.930
1347,notochord,8,0.001,-0.374,0.886
1347,notochord,10,0.001,-0.837,0.473
1347,notochord,13,0.000,-0.962,0.249
1347,notochord,17,0.000,-1.023,0.140
1347,notochord,24,0.000,-1.064,0.067
1350,muscle,6,0.190,0.832,0.553
1350,muscle,8,0.207,0.617,0.776
1350,muscle,10,0.180,0.347,0.929
1350,muscle,13,0.143,0.264,0.959
1350,muscle,17,0.121,0.215,0.977
1350,muscle,24,0.107,0.182,0.989
1355,skin,6,-0.538,0.467,0.814
1355,skin,8,-0.471,-0.110,0.943
1355,skin,10,-0.274,-0.634,0.769
1355,skin,13,-0.267,-0.636,0.774
1355,skin,17,-0.260,-0.639,0.780
1355,skin,24,-0.255,-0.641,0.784
1358,skin,6,0.686,0.665,0.529
1358,skin,8,0.694,0.231,0.771
1358,skin,10,0.518,-0.223,0.849
1358,skin,13,0.508,-0.225,0.861
1358,skin,17,0.496,-0.226,0.875
1358,skin,24,0.489,-0.227,0.884
1364,skin,6,0.205,0.925,-0.300
1364,skin,8,0.425,0.834,-0.323
1364,skin,10,0.647,0.717,-0.229
1364,skin,13,0.660,0.721,-0.196
1364,skin,17,0.676,0.725,-0.159
1364,skin,24,0.686,0.727,-0.134
1365,skin,6,1.015,0.484,0.067
1365,skin,8,1.024,-0.086,0.358
1365,skin,10,0.679,-0.587,0.478
1365,skin,13,0.670,-0.591,0.498
1365,skin,17,0.660,-0.597,0.521
1365,skin,24,0.654,-0.600,0.536
1370,skin,6,0.514,0.836,0.461
1370,skin,8,0.561,0.552,0.706
1370,skin,10,0.479,0.223,0.876
1370,skin,13,0.469,0.224,0.887
1370,skin,17,0.458,0.226,0.899
1370,skin,24,0.451,0.227,0.907
1376,skin,6,0.675,0.417,-0.616
1376,skin,8,0.933,-0.120,-0.398
1376,skin,10,0.789,-0.613,-0.061
1376,skin,13,0.793,-0.615,-0.027
1376,skin,17,0.797,-0.618,0.012
1376,skin,24,0.800,-0.620,0.038
1402,notochord,6,-0.008,0.778,0.663
1402,notochord,8,-0.008,0.501,0.890
1402,notochord,10,-0.007,0.162,1.007
1402,notochord,13,-0.003,0.046,1.011
1402,notochord,17,-0.001,-0.011,1.013
1402,notochord,24,0.000,-0.049,1.014
1403,skin,6,0.465,0.942,0.160
1403,skin,8,0.570,0.787,0.362
1403,skin,10,0.559,0.599,0.582
1403,skin,13,0.549,0.604,0.596
1403,skin,17,0.539,0.608,0.613
1403,skin,24,0.532,0.611,0.624
1405,skin,6,0.794,0.403,-0.633
1405,skin,8,0.999,-0.203,-0.350
1405,skin,10,0.738,-0.700,-0.007
1405,skin,13,0.742,-0.705,0.024
1405,skin,17,0.746,-0.711,0.059
1405,skin,24,0.749,-0.715,0.082
1406,skin,6,0.527,0.814,0.145
1406,skin,8,0.658,0.637,0.369
1406,skin,10,0.649,0.411,0.617
1406,skin,13,0.637,0.413,0.633
1406,skin,17,0.623,0.414,0.650
1406,skin,24,0.614,0.416,0.662
1408,notochord,6,0.018,0.618,0.748
1408,notochord,8,0.018,0.239,0.940
1408,notochord,10,0.014,-0.184,0.952
1408,notochord,13,0.006,-0.336,0.926
1408,notochord,17,0.002,-0.410,0.914
1408,notochord,24,0.000,-0.459,0.905
1425,notochord,6,-0.021,0.551,0.818
1425,notochord,8,-0.019,0.101,0.981
1425,notochord,10,-0.013,-0.371,0.913
1425,notochord,13,-0.006,-0.528,0.837
1425,notochord,17,-0.002,-0.605,0.799
1425,notochord,24,0.000,-0.657,0.774
1427,skin,6,0.420,0.790,-0.575
1427,skin,8,0.766,0.477,-0.541
1427,skin,10,0.987,0.123,-0.306
1427,skin,13,1.007,0.124,-0.257
1427,skin,17,1.030,0.125,-0.202
1427,skin,24,1.046,0.126,-0.166
1431,notochord,6,0.114,0.589,0.782
1431,notochord,8,0.110,0.173,0.964
1431,notochord,10,0.078,-0.280,0.940
1431,notochord,13,0.035,-0.435,0.888
1431,notochord,17,0.014,-0.511,0.863
1431,notochord,24,0.000,-0.562,0.846
1433,muscle,6,-0.155,0.330,0.911
1433,muscle,8,-0.125,-0.261,0.936
1433,muscle,10,-0.060,-0.756,0.618
1433,muscle,13,-0.072,-0.863,0.443
1433,muscle,17,-0.079,-0.927,0.338
1433,muscle,24,-0.084,-0.969,0.268
1434,muscle,6,-0.134,0.867,0.515
1434,muscle,8,-0.148,0.689,0.730
1434,muscle,10,-0.132,0.460,0.890
1434,muscle,13,-0.120,0.392,0.921
1434,muscle,17,-0.112,0.351,0.940
1434,muscle,24,-0.108,0.324,0.952
1444,notochord,6,0.065,0.678,0.747
1444,notochord,8,0.065,0.316,0.957
1444,notochord,10,0.050,-0.100,1.002
1444,notochord,13,0.022,-0.242,0.974
1444,notochord,17,0.009,-0.311,0.960
1444,notochord,24,0.000,-0.357,0.950
1456,skin,6,-0.522,0.767,-0.465
1456,skin,8,-0.859,0.469,-0.355
1456,skin,10,-1.027,0.124,-0.067
1456,skin,13,-1.034,0.125,-0.023
1456,skin,17,-1.041,0.125,0.027
1456,skin,24,-1.046,0.126,0.061
1460,muscle,6,0.287,0.228,0.930
1460,muscle,8,0.211,-0.421,0.877
1460,muscle,10,0.076,-0.886,0.436
1460,muscle,13,0.085,-0.986,0.219
1460,muscle,17,0.090,-1.045,0.088
1460,muscle,24,0.094,-1.085,0.001
1463,skin,6,-0.638,0.699,0.497
1463,skin,8,-0.665,0.313,0.744
1463,skin,10,-0.522,-0.107,0.860
1463,skin,13,-0.511,-0.108,0.873
1463,skin,17,-0.500,-0.109,0.887
1463,skin,24,-0.492,-0.109,0.896
1468,skin,6,-0.733,0.673,-0.072
1468,skin,8,-0.935,0.350,0.183
1468,skin,10,-0.889,-0.027,0.472
1468,skin,13,-0.877,-0.027,0.499
1468,skin,17,-0.862,-0.027,0.528
1468,skin,24,-0.853,-0.027,0.547
1480,skin,6,0.049,1.015,-0.347
1480,skin,8,0.140,0.906,-0.475
1480,skin,10,0.259,0.779,-0.559
1480,skin,13,0.305,0.786,-0.540
1480,skin,17,0.357,0.793,-0.519
1480,skin,24,0.391,0.797,-0.504
1482,skin,6,-0.795,0.498,0.564
1482,skin,8,-0.733,-0.053,0.763
1482,skin,10,-0.458,-0.558,0.708
1482,skin,13,-0.449,-0.562,0.719
1482,skin,17,-0.439,-0.566,0.732
1482,skin,24,-0.432,-0.569,0.740
1483,notochord,6,-0.005,0.270,0.922
1483,notochord,8,-0.004,-0.336,0.900
1483,notochord,10,-0.002,-0.808,0.519
1483,notochord,13,-0.001,-0.931,0.308
1483,notochord,17,-0.000,-0.991,0.204
1483,notochord,24,0.000,-1.031,0.135
1485,skin,6,0.484,0.555,-0.796
1485,skin,8,0.808,0.032,-0.695
1485,skin,10,0.848,-0.459,-0.365
1485,skin,13,0.873,-0.462,-0.321
1485,skin,17,0.900,-0.466,-0.272
1485,skin,24,0.919,-0.469,-0.239
1488,skin,6,0.353,1.015,0.158
1488,skin,8,0.431,0.901,0.321
1488,skin,10,0.424,0.766,0.499
1488,skin,13,0.417,0.772,0.510
1488,skin,17,0.409,0.779,0.523
1488,skin,24,0.403,0.783,0.531
1499,notochord,6,0.005,0.754,0.622
1499,notochord,8,0.006,0.499,0.840
1499,notochord,10,0.005,0.186,0.959
1499,notochord,13,0.002,0.078,0.990
1499,notochord,17,0.001,0.025,1.005
1499,notochord,24,0.000,-0.011,1.015
1510,skin,6,0.129,0.532,-0.865
1510,skin,8,0.300,0.036,-0.958
1510,skin,10,0.387,-0.447,-0.788
1510,skin,13,0.450,-0.450,-0.758
1510,skin,17,0.521,-0.453,-0.725
1510,skin,24,0.568,-0.455,-0.703
1513,skin,6,0.259,0.915,-0.495
1513,skin,8,0.544,0.707,-0.545
1513,skin,10,0.807,0.462,-0.434
1513,skin,13,0.837,0.465,-0.390
1513,skin,17,0.870,0.469,-0.341
1513,skin,24,0.892,0.472,-0.309
1521,skin,6,0.921,0.458,0.263
1521,skin,8,0.901,-0.082,0.515
1521,skin,10,0.583,-0.577,0.563
1521,skin,13,0.573,-0.581,0.578
1521,skin,17,0.562,-0.585,0.594
1521,skin,24,0.554,-0.587,0.605
1534,notochord,6,0.007,0.553,0.863
1534,notochord,8,0.006,0.071,1.021
1534,notochord,10,0.004,-0.427,0.929
1534,notochord,13,0.002,-0.576,0.824
1534,notochord,17,0.001,-0.649,0.772
1534,notochord,24,0.000,-0.697,0.738
1537,skin,6,0.025,0.725,-0.745
1537,skin,8,0.073,0.367,-0.939
1537,skin,10,0.119,-0.028,-0.974
1537,skin,13,0.207,-0.028,-0.961
1537,skin,17,0.306,-0.028,-0.946
1537,skin,24,0.371,-0.028,-0.936
1545,notochord,6,0.057,0.636,0.719
1545,notochord,8,0.057,0.283,0.918
1545,notochord,10,0.043,-0.120,0.953
1545,notochord,13,0.019,-0.266,0.945
1545,notochord,17,0.008,-0.338,0.942
1545,notochord,24,0.000,-0.386,0.939
1549,skin,6,0.820,0.193,0.590
1549,skin,8,0.613,-0.462,0.645
1549,skin,10,0.204,-0.897,0.319
1549,skin,13,0.200,-0.903,0.324
1549,skin,17,0.196,-0.911,0.330
1549,skin,24,0.193,-0.915,0.333
1550,skin,6,-0.133,0.645,-0.759
1550,skin,8,-0.326,0.255,-0.903
1550,skin,10,-0.480,-0.170,-0.843
1550,skin,13,-0.546,-0.171,-0.807
1550,skin,17,-0.619,-0.172,-0.766
1550,skin,24,-0.668,-0.172,-0.740
1555,notochord,6,0.089,0.851,0.534
1555,notochord,8,0.098,0.665,0.750
1555,notochord,10,0.086,0.427,0.906
1555,notochord,13,0.039,0.350,0.943
1555,notochord,17,0.016,0.313,0.961
1555,notochord,24,0.000,0.287,0.974
1557,skin,6,-0.829,0.563,0.086
1557,skin,8,-0.937,0.143,0.363
1557,skin,10,-0.758,-0.307,0.566
1557,skin,13,-0.745,-0.308,0.586
1557,skin,17,-0.731,-0.309,0.608
1557,skin,24,-0.721,-0.310,0.623
1560,notochord,6,0.097,0.574,0.814
1560,notochord,8,0.093,0.130,0.986
1560,notochord,10,0.064,-0.341,0.936
1560,notochord,13,0.029,-0.495,0.863
1560,notochord,17,0.012,-0.571,0.827
1560,notochord,24,0.000,-0.621,0.803
1568,skin,6,-0.024,0.969,-0.138
1568,skin,8,-0.071,0.949,-0.196
1568,skin,10,-0.138,0.925,-0.240
1568,skin,13,-0.156,0.929,-0.229
1568,skin,17,-0.177,0.933,-0.218
1568,skin,24,-0.191,0.936,-0.210
1571,notochord,6,-0.114,0.616,0.740
1571,notochord,8,-0.113,0.238,0.933
1571,notochord,10,-0.084,-0.186,0.947
1571,notochord,13,-0.038,-0.337,0.924
1571,notochord,17,-0.015,-0.412,0.912
1571,notochord,24,0.000,-0.461,0.904
1577,skin,6,0.177,0.196,-0.985
1577,skin,8,0.306,-0.473,-0.828
1577,skin,10,0.188,-0.903,-0.322
1577,skin,13,0.214,-0.908,-0.308
1577,skin,17,0.242,-0.914,-0.293
1577,skin,24,0.260,-0.918,-0.283
1581,muscle,6,0.138,0.586,0.750
1581,muscle,8,0.135,0.190,0.933
1581,muscle,10,0.098,-0.246,0.924
1581,muscle,13,0.084,-0.386,0.891
1581,muscle,17,0.077,-0.470,0.871
1581,muscle,24,0.071,-0.526,0.857
1587,muscle,6,0.372,0.774,0.463
1587,muscle,8,0.414,0.549,0.692
1587,muscle,10,0.362,0.269,0.860
1587,muscle,13,0.219,0.185,0.931
1587,muscle,17,0.133,0.134,0.973
1587,muscle,24,0.076,0.100,1.001
1592,skin,6,-0.192,0.691,-0.719
1592,skin,8,-0.444,0.331,-0.838
1592,skin,10,-0.648,-0.069,-0.756
1592,skin,13,-0.703,-0.069,-0.713
1592,skin,17,-0.765,-0.070,-0.665
1592,skin,24,-0.806,-0.070,-0.632
1594,skin,6,0.404,0.756,-0.533
1594,skin,8,0.746,0.473,-0.505
1594,skin,10,0.977,0.139,-0.280
1594,skin,13,0.993,0.140,-0.232
1594,skin,17,1.012,0.141,-0.179
1594,skin,24,1.025,0.141,-0.143
1597,skin,6,-0.661,0.753,-0.265
1597,skin,8,-0.937,0.452,-0.058
1597,skin,10,-0.991,0.105,0.260
1597,skin,13,-0.984,0.105,0.296
1597,skin,17,-0.977,0.106,0.335
1597,skin,24,-0.972,0.106,0.361
1601,notochord,6,0.043,0.567,0.816
1601,notochord,8,0.041,0.124,0.985
1601,notochord,10,0.028,-0.347,0.930
1601,notochord,13,0.013,-0.502,0.857
1601,notochord,17,0.005,-0.578,0.821
1601,notochord,24,0.000,-0.629,0.797
1610,skin,6,0.855,0.457,-0.363
1610,skin,8,1.037,-0.067,-0.083
1610,skin,10,0.814,-0.559,0.199
1610,skin,13,0.808,-0.561,0.228
1610,skin,17,0.802,-0.564,0.261
1610,skin,24,0.798,-0.566,0.282
1613,notochord,6,0.021,0.888,0.364
1613,notochord,8,0.024,0.800,0.529
1613,notochord,10,0.022,0.683,0.674
1613,notochord,13,0.010,0.671,0.727
1613,notochord,17,0.004,0.665,0.753
1613,notochord,24,0.000,0.661,0.770
1616,notochord,6,-0.088,0.743,0.624
1616,notochord,8,-0.093,0.480,0.842
1616,notochord,10,-0.077,0.159,0.957
1616,notochord,13,-0.035,0.048,0.989
1616,notochord,17,-0.014,-0.007,1.004
1616,notochord,24,0.000,-0.043,1.014
1621,muscle,6,-0.464,0.541,0.697
1621,muscle,8,-0.444,0.086,0.882
1621,muscle,10,-0.304,-0.386,0.849
1621,muscle,13,-0.195,-0.528,0.800
1621,muscle,17,-0.130,-0.613,0.770
1621,muscle,24,-0.087,-0.669,0.751
1622,skin,6,-0.012,0.990,-0.225
1622,skin,8,-0.041,0.939,-0.325
1622,skin,10,-0.081,0.878,-0.414
1622,skin,13,-0.117,0.883,-0.406
1622,skin,17,-0.158,0.889,-0.397
1622,skin,24,-0.185,0.893,-0.391
1625,muscle,6,-0.361,0.484,0.789
1625,muscle,8,-0.330,-0.015,0.933
1625,muscle,10,-0.208,-0.507,0.815
1625,muscle,13,-0.148,-0.645,0.723
1625,muscle,17,-0.112,-0.728,0.668
1625,muscle,24,-0.088,-0.783,0.631
1634,skin,6,-0.087,1.000,-0.214
1634,skin,8,-0.209,0.945,-0.268
1634,skin,10,-0.354,0.879,-0.264
1634,skin,13,-0.372,0.885,-0.243
1634,skin,17,-0.392,0.891,-0.220
1634,skin,24,-0.406,0.895,-0.204
1635,skin,6,-0.014,0.977,-0.117
1635,skin,8,-0.043,0.959,-0.169
1635,skin,10,-0.084,0.938,-0.214
1635,skin,13,-0.102,0.942,-0.207
1635,skin,17,-0.122,0.947,-0.199
1635,skin,24,-0.135,0.950,-0.194
1637,skin,6,-0.188,1.016,-0.178
1637,skin,8,-0.346,0.948,-0.156
1637,skin,10,-0.484,0.869,-0.047
1637,skin,13,-0.489,0.875,-0.026
1637,skin,17,-0.493,0.882,-0.002
1637,skin,24,-0.496,0.886,0.014
1642,skin,6,0.682,0.642,0.363
1642,skin,8,0.738,0.277,0.620
1642,skin,10,0.598,-0.132,0.773
1642,skin,13,0.586,-0.133,0.787
1642,skin,17,0.574,-0.134,0.803
1642,skin,24,0.565,-0.134,0.814
1648,skin,6,-0.823,0.504,0.438
1648,skin,8,-0.795,-0.011,0.667
1648,skin,10,-0.527,-0.503,0.681
1648,skin,13,-0.517,-0.506,0.694
1648,skin,17,-0.506,-0.510,0.708
1648,skin,24,-0.499,-0.512,0.718
1655,neural,6,0.174,0.369,0.999
1655,neural,8,0.141,-0.277,1.028
1655,neural,10,0.068,-0.818,0.684
1655,neural,13,0.050,-0.917,0.535
1655,neural,17,0.034,-1.005,0.400
1655,neural,24,0.023,-1.064,0.311
1658,skin,6,0.368,0.855,-0.428
1658,skin,8,0.680,0.651,-0.398
1658,skin,10,0.921,0.403,-0.195
1658,skin,13,0.933,0.406,-0.152
1658,skin,17,0.947,0.408,-0.103
1658,skin,24,0.956,0.410,-0.071
1670,notochord,6,0.061,0.210,0.997
1670,notochord,8,0.043,-0.466,0.905
1670,notochord,10,0.014,-0.932,0.409
1670,notochord,13,0.006,-1.038,0.148
1670,notochord,17,0.003,-1.089,0.020
1670,notochord,24,0.000,-1.124,-0.065
1671,skin,6,0.532,0.820,0.057
1671,skin,8,0.694,0.652,0.271
1671,skin,10,0.711,0.434,0.534
1671,skin,13,0.699,0.436,0.553
1671,skin,17,0.685,0.438,0.573
1671,skin,24,0.676,0.439,0.587
1673,notochord,6,-0.044,0.312,0.959
1673,notochord,8,-0.035,-0.312,0.959
1673,notochord,10,-0.016,-0.815,0.592
1673,notochord,13,-0.007,-0.918,0.378
1673,notochord,17,-0.003,-0.968,0.273
1673,notochord,24,0.000,-1.002,0.203
1677,muscle,6,0.446,0.648,0.587
1677,muscle,8,0.461,0.297,0.812
1677,muscle,10,0.361,-0.103,0.898
1677,muscle,13,0.219,-0.233,0.918
1677,muscle,17,0.134,-0.311,0.930
1677,muscle,24,0.077,-0.363,0.938
1678,skin,6,0.029,0.832,-0.679
1678,skin,8,0.085,0.534,-0.879
1678,skin,10,0.146,0.198,-0.960
1678,skin,13,0.232,0.200,-0.946
1678,skin,17,0.329,0.202,-0.931
1678,skin,24,0.393,0.203,-0.921
1685,skin,6,0.268,0.987,-0.308
1685,skin,8,0.506,0.861,-0.291
1685,skin,10,0.712,0.711,-0.144
1685,skin,13,0.722,0.717,-0.111
1685,skin,17,0.734,0.723,-0.074
1685,skin,24,0.742,0.727,-0.049
1687,skin,6,-0.242,0.616,-0.800
1687,skin,8,-0.515,0.172,-0.866
1687,skin,10,-0.674,-0.285,-0.690
1687,skin,13,-0.724,-0.287,-0.647
1687,skin,17,-0.780,-0.289,-0.599
1687,skin,24,-0.817,-0.290,-0.567
1688,notochord,6,-0.105,0.744,0.640
1688,notochord,8,-0.111,0.470,0.860
1688,notochord,10,-0.091,0.136,0.972
1688,notochord,13,-0.041,0.021,0.994
1688,notochord,17,-0.016,-0.036,1.005
1688,notochord,24,0.000,-0.074,1.012
1695,skin,6,-0.816,0.392,-0.555
1695,skin,8,-1.003,-0.195,-0.271
1695,skin,10,-0.733,-0.691,0.046
1695,skin,13,-0.733,-0.695,0.076
1695,skin,17,-0.734,-0.700,0.108
1695,skin,24,-0.734,-0.703,0.130
1705,notochord,6,-0.017,0.551,0.852
1705,notochord,8,-0.016,0.076,1.011
1705,notochord,10,-0.011,-0.416,0.924
1705,notochord,13,-0.005,-0.567,0.825
1705,notochord,17,-0.002,-0.641,0.777
1705,notochord,24,0.000,-0.690,0.745
1710,skin,6,0.481,0.206,0.897
1710,skin,8,0.346,-0.471,0.840
1710,skin,10,0.113,-0.926,0.382
1710,skin,13,0.111,-0.933,0.386
1710,skin,17,0.108,-0.942,0.391
1710,skin,24,0.107,-0.948,0.394
1719,skin,6,0.588,0.907,-0.032
1719,skin,8,0.775,0.698,0.182
1719,skin,10,0.796,0.451,0.458
1719,skin,13,0.787,0.455,0.483
1719,skin,17,0.777,0.458,0.510
1719,skin,24,0.770,0.461,0.529
1724,skin,6,0.804,0.390,-0.642
1724,skin,8,0.997,-0.228,-0.351
1724,skin,10,0.715,-0.723,-0.008
1724,skin,13,0.719,-0.729,0.022
1724,skin,17,0.723,-0.735,0.056
1724,skin,24,0.726,-0.739,0.078
1727,skin,6,0.711,0.681,0.170
1727,skin,8,0.832,0.362,0.436
1727,skin,10,0.736,-0.011,0.668
1727,skin,13,0.723,-0.011,0.686
1727,skin,17,0.708,-0.011,0.706
1727,skin,24,0.698,-0.012,0.720
1733,skin,6,0.021,0.989,0.062
1733,skin,8,0.026,0.984,0.095
1733,skin,10,0.025,0.978,0.128
1733,skin,13,0.025,0.992,0.130
1733,skin,17,0.024,1.008,0.132
1733,skin,24,0.024,1.019,0.133
1743,skin,6,-0.153,1.011,-0.326
1743,skin,8,-0.344,0.900,-0.383
1743,skin,10,-0.550,0.771,-0.342
1743,skin,13,-0.574,0.777,-0.311
1743,skin,17,-0.600,0.784,-0.276
1743,skin,24,-0.618,0.788,-0.254
1746,skin,6,-0.713,0.413,-0.667
1746,skin,8,-0.954,-0.167,-0.422
1746,skin,10,-0.761,-0.664,-0.069
1746,skin,13,-0.766,-0.669,-0.036
1746,skin,17,-0.773,-0.673,0.002
1746,skin,24,-0.777,-0.677,0.027
1758,skin,6,-0.314,1.007,-0.179
1758,skin,8,-0.508,0.903,-0.097
1758,skin,10,-0.637,0.780,0.087
1758,skin,13,-0.637,0.786,0.112
1758,skin,17,-0.636,0.793,0.139
1758,skin,24,-0.636,0.797,0.158
1760,skin,6,-0.035,1.034,-0.309
1760,skin,8,-0.105,0.938,-0.428
1760,skin,10,-0.197,0.827,-0.514
1760,skin,13,-0.240,0.834,-0.499
1760,skin,17,-0.288,0.842,-0.482
1760,skin,24,-0.320,0.847,-0.471
1762,skin,6,0.056,0.710,-0.778
1762,skin,8,0.153,0.324,-0.956
1762,skin,10,0.239,-0.091,-0.954
1762,skin,13,0.322,-0.092,-0.934
1762,skin,17,0.415,-0.093,-0.910
1762,skin,24,0.476,-0.093,-0.895
1766,notochord,6,0.049,0.795,0.563
1766,notochord,8,0.054,0.585,0.778
1766,notochord,10,0.046,0.320,0.919
1766,notochord,13,0.021,0.234,0.965
1766,notochord,17,0.008,0.191,0.987
1766,notochord,24,0.000,0.163,1.002
1767,skin,6,-0.019,0.637,-0.806
1767,skin,8,-0.054,0.217,-0.977
1767,skin,10,-0.083,-0.226,-0.948
1767,skin,13,-0.169,-0.227,-0.937
1767,skin,17,-0.266,-0.229,-0.925
1767,skin,24,-0.330,-0.230,-0.917
1773,skin,6,-0.004,0.406,-0.988
1773,skin,8,-0.010,-0.204,-1.008
1773,skin,10,-0.011,-0.702,-0.695
1773,skin,13,-0.076,-0.708,-0.692
1773,skin,17,-0.149,-0.714,-0.689
1773,skin,24,-0.198,-0.718,-0.686
1774,neural,6,0.115,0.978,0.314
1774,neural,8,0.134,0.905,0.467
1774,neural,10,0.126,0.810,0.609
1774,neural,13,0.095,0.819,0.652
1774,neural,17,0.067,0.827,0.691
1774,neural,24,0.048,0.832,0.716
1775,notochord,6,-0.003,0.866,0.434
1775,notochord,8,-0.004,0.742,0.622
1775,notochord,10,-0.003,0.579,0.776
1775,notochord,13,-0.002,0.542,0.831
1775,notochord,17,-0.001,0.524,0.859
1775,notochord,24,0.000,0.512,0.877
1799,skin,6,0.088,0.844,-0.478
1799,skin,8,0.244,0.686,-0.643
1799,skin,10,0.435,0.484,-0.725
1799,skin,13,0.491,0.486,-0.692
1799,skin,17,0.552,0.488,-0.655
1799,skin,24,0.593,0.489,-0.631
1802,skin,6,0.470,0.791,-0.491
1802,skin,8,0.811,0.505,-0.414
1802,skin,10,1.011,0.174,-0.151
1802,skin,13,1.022,0.176,-0.105
1802,skin,17,1.034,0.177,-0.054
1802,skin,24,1.042,0.178,-0.019
1804,skin,6,0.339,0.246,-0.875
1804,skin,8,0.542,-0.373,-0.726
1804,skin,10,0.387,-0.835,-0.304
1804,skin,13,0.407,-0.838,-0.280
1804,skin,17,0.429,-0.841,-0.254
1804,skin,24,0.444,-0.843,-0.236
1808,notochord,6,-0.072,0.833,0.570
1808,notochord,8,-0.079,0.623,0.792
1808,notochord,10,-0.068,0.358,0.941
1808,notochord,13,-0.031,0.270,0.971
1808,notochord,17,-0.012,0.226,0.986
1808,notochord,24,0.000,0.198,0.996
1812,notochord,6,0.022,0.719,0.686
1812,notochord,8,0.023,0.412,0.904
1812,notochord,10,0.019,0.047,0.992
1812,notochord,13,0.008,-0.081,0.995
1812,notochord,17,0.003,-0.144,0.997
1812,notochord,24,0.000,-0.185,0.998
1814,skin,6,-0.046,1.008,-0.387
1814,skin,8,-0.135,0.882,-0.529
1814,skin,10,-0.250,0.734,-0.624
1814,skin,13,-0.302,0.740,-0.605
1814,skin,17,-0.360,0.747,-0.584
1814,skin,24,-0.399,0.752,-0.570
1817,skin,6,-0.028,0.681,-0.772
1817,skin,8,-0.081,0.296,-0.957
1817,skin,10,-0.128,-0.122,-0.963
1817,skin,13,-0.215,-0.123,-0.949
1817,skin,17,-0.312,-0.124,-0.933
1817,skin,24,-0.376,-0.124,-0.922
1820,skin,6,0.148,0.977,0.100
1820,skin,8,0.183,0.949,0.184
1820,skin,10,0.186,0.914,0.280
1820,skin,13,0.183,0.920,0.285
1820,skin,17,0.179,0.927,0.290
1820,skin,24,0.176,0.932,0.293
1821,neural,6,-0.006,0.964,0.375
1821,neural,8,-0.007,0.877,0.546
1821,neural,10,-0.007,0.760,0.697
1821,neural,13,-0.005,0.757,0.739
1821,neural,17,-0.003,0.754,0.776
1821,neural,24,-0.002,0.752,0.801
1827,notochord,6,-0.045,0.442,0.852
1827,notochord,8,-0.040,-0.066,0.958
1827,notochord,10,-0.024,-0.555,0.784
1827,notochord,13,-0.011,-0.713,0.664
1827,notochord,17,-0.004,-0.791,0.606
1827,notochord,24,0.000,-0.843,0.566
1830,skin,6,-0.024,1.020,-0.254
1830,skin,8,-0.073,0.950,-0.359
1830,skin,10,-0.142,0.868,-0.443
1830,skin,13,-0.179,0.874,-0.431
1830,skin,17,-0.221,0.881,-0.418
1830,skin,24,-0.249,0.886,-0.410
1834,skin,6,0.066,0.951,-0.425
1834,skin,8,0.188,0.814,-0.575
1834,skin,10,0.341,0.649,-0.663
1834,skin,13,0.394,0.653,-0.638
1834,skin,17,0.453,0.658,-0.610
1834,skin,24,0.493,0.661,-0.591
1846,skin,6,0.364,0.898,0.286
1846,skin,8,0.430,0.762,0.485
1846,skin,10,0.408,0.590,0.678
1846,skin,13,0.401,0.594,0.688
1846,skin,17,0.392,0.599,0.700
1846,skin,24,0.386,0.602,0.708
1853,notochord,6,0.095,0.724,0.635
1853,notochord,8,0.100,0.449,0.851
1853,notochord,10,0.082,0.117,0.956
1853,notochord,13,0.037,-0.000,0.986
1853,notochord,17,0.015,-0.058,1.001
1853,notochord,24,0.000,-0.096,1.011
1855,skin,6,-0.448,0.866,0.249
1855,skin,8,-0.536,0.705,0.465
1855,skin,10,-0.512,0.501,0.679
1855,skin,13,-0.502,0.504,0.691
1855,skin,17,-0.491,0.508,0.705
1855,skin,24,-0.484,0.510,0.714
1869,skin,6,-0.162,1.000,0.228
1869,skin,8,-0.191,0.941,0.357
1869,skin,10,-0.184,0.866,0.484
1869,skin,13,-0.180,0.872,0.489
1869,skin,17,-0.176,0.879,0.495
1869,skin,24,-0.173,0.883,0.498
1880,neural,6,-0.047,0.848,0.654
1880,neural,8,-0.050,0.589,0.891
1880,neural,10,-0.042,0.269,1.031
1880,neural,13,-0.029,0.190,1.061
1880,neural,17,-0.018,0.120,1.087
1880,neural,24,-0.010,0.072,1.105
1881,skin,6,0.048,0.848,-0.535
1881,skin,8,0.144,0.653,-0.728
1881,skin,10,0.261,0.414,-0.843
1881,skin,13,0.332,0.416,-0.820
1881,skin,17,0.411,0.419,-0.794
1881,skin,24,0.464,0.420,-0.777
1898,muscle,6,0.152,0.683,0.683
1898,muscle,8,0.156,0.359,0.896
1898,muscle,10,0.123,-0.021,0.968
1898,muscle,13,0.103,-0.142,0.969
1898,muscle,17,0.090,-0.215,0.970
1898,muscle,24,0.082,-0.264,0.971
1906,skin,6,-0.070,0.950,-0.492
1906,skin,8,-0.198,0.774,-0.655
1906,skin,10,-0.351,0.566,-0.741
1906,skin,13,-0.412,0.570,-0.715
1906,skin,17,-0.480,0.575,-0.687
1906,skin,24,-0.525,0.578,-0.667
1919,skin,6,0.808,0.302,0.502
1919,skin,8,0.688,-0.288,0.647
1919,skin,10,0.337,-0.769,0.478
1919,skin,13,0.330,-0.774,0.486
1919,skin,17,0.323,-0.779,0.495
1919,skin,24,0.318,-0.783,0.501
1924,skin,6,0.823,0.382,0.601
1924,skin,8,0.703,-0.231,0.747
1924,skin,10,0.367,-0.733,0.579
1924,skin,13,0.360,-0.738,0.588
1924,skin,17,0.352,-0.744,0.598
1924,skin,24,0.347,-0.747,0.604
1928,skin,6,0.848,0.500,-0.499
1928,skin,8,1.065,-0.054,-0.218
1928,skin,10,0.863,-0.552,0.107
1928,skin,13,0.863,-0.557,0.141
1928,skin,17,0.863,-0.561,0.179
1928,skin,24,0.863,-0.564,0.204
1934,notochord,6,0.077,0.825,0.602
1934,notochord,8,0.084,0.594,0.828
1934,notochord,10,0.072,0.304,0.971
1934,notochord,13,0.032,0.206,0.991
1934,notochord,17,0.013,0.157,1.001
1934,notochord,24,0.000,0.125,1.007
1936,skin,6,-0.554,0.869,0.012
1936,skin,8,-0.728,0.685,0.223
1936,skin,10,-0.750,0.458,0.491
1936,skin,13,-0.739,0.461,0.513
1936,skin,17,-0.727,0.464,0.537
1936,skin,24,-0.719,0.466,0.553
1958,notochord,6,-0.030,0.880,0.401
1958,notochord,8,-0.035,0.774,0.579
1958,notochord,10,-0.032,0.633,0.730
1958,notochord,13,-0.014,0.608,0.784
1958,notochord,17,-0.006,0.595,0.811
1958,notochord,24,0.000,0.587,0.828
1959,skin,6,-0.260,0.870,-0.459
1959,skin,8,-0.545,0.686,-0.503
1959,skin,10,-0.813,0.461,-0.390
1959,skin,13,-0.837,0.463,-0.346
1959,skin,17,-0.865,0.466,-0.297
1959,skin,24,-0.883,0.468,-0.264
1961,skin,6,-0.472,0.124,0.898
1961,skin,8,-0.312,-0.566,0.774
1961,skin,10,-0.068,-0.966,0.235
1961,skin,13,-0.067,-0.976,0.238
1961,skin,17,-0.065,-0.987,0.241
1961,skin,24,-0.065,-0.994,0.243
1972,skin,6,0.040,0.792,-0.558
1972,skin,8,0.121,0.583,-0.761
1972,skin,10,0.219,0.321,-0.883
1972,skin,13,0.295,0.323,-0.861
1972,skin,17,0.379,0.324,-0.836
1972,skin,24,0.435,0.325,-0.820
1975,skin,6,0.879,0.401,-0.538
1975,skin,8,1.040,-0.210,-0.230
1975,skin,10,0.728,-0.707,0.079
1975,skin,13,0.728,-0.712,0.108
1975,skin,17,0.729,-0.718,0.140
1975,skin,24,0.729,-0.722,0.161
1978,skin,6,-0.896,0.333,-0.389
1978,skin,8,-0.997,-0.259,-0.087
1978,skin,10,-0.634,-0.746,0.150
1978,skin,13,-0.629,-0.749,0.173
1978,skin,17,-0.624,-0.753,0.198
1978,skin,24,-0.621,-0.755,0.215
1984,muscle,6,-0.203,0.775,0.620
1984,muscle,8,-0.216,0.506,0.847
1984,muscle,10,-0.180,0.177,0.973
1984,muscle,13,-0.142,0.075,0.989
1984,muscle,17,-0.119,0.014,0.999
1984,muscle,24,-0.104,-0.027,1.005
1994,skin,6,0.010,1.006,-0.117
1994,skin,8,0.031,0.978,-0.170
1994,skin,10,0.063,0.947,-0.216
1994,skin,13,0.081,0.953,-0.211
1994,skin,17,0.102,0.959,-0.204
1994,skin,24,0.115,0.963,-0.200
1998,notochord,6,-0.075,0.701,0.656
1998,notochord,8,-0.078,0.408,0.868
1998,notochord,10,-0.063,0.059,0.959
1998,notochord,13,-0.028,-0.066,0.982
1998,notochord,17,-0.011,-0.128,0.993
1998,notochord,24,0.000,-0.169,1.001
2001,skin,6,0.274,0.902,-0.492
2001,skin,8,0.566,0.692,-0.533
2001,skin,10,0.829,0.444,-0.409
2001,skin,13,0.857,0.447,-0.365
2001,skin,17,0.888,0.451,-0.315
2001,skin,24,0.908,0.453,-0.282
2015,skin,6,-1.008,0.450,0.151
2015,skin,8,-0.981,-0.130,0.425
2015,skin,10,-0.615,-0.631,0.492
2015,skin,13,-0.606,-0.636,0.509
2015,skin,17,-0.596,-0.641,0.529
2015,skin,24,-0.589,-0.644,0.542
2018,skin,6,-0.092,0.738,-0.639
2018,skin,8,-0.251,0.460,-0.824
2018,skin,10,-0.417,0.129,-0.872
2018,skin,13,-0.486,0.129,-0.838
2018,skin,17,-0.563,0.130,-0.801
2018,skin,24,-0.615,0.130,-0.776
2020,skin,6,-0.291,0.176,-0.920
2020,skin,8,-0.452,-0.476,-0.730
2020,skin,10,-0.253,-0.900,-0.247
2020,skin,13,-0.270,-0.904,-0.231
2020,skin,17,-0.289,-0.908,-0.212
2020,skin,24,-0.301,-0.911,-0.200
2027,skin,6,0.654,0.492,0.607
2027,skin,8,0.616,-0.008,0.797
2027,skin,10,0.400,-0.497,0.750
2027,skin,13,0.393,-0.501,0.761
2027,skin,17,0.384,-0.505,0.774
2027,skin,24,0.379,-0.509,0.782
2033,skin,6,-0.755,0.438,0.677
2033,skin,8,-0.656,-0.162,0.825
2033,skin,10,-0.366,-0.676,0.670
2033,skin,13,-0.359,-0.680,0.678
2033,skin,17,-0.350,-0.684,0.687
2033,skin,24,-0.344,-0.687,0.693
2048,skin,6,-0.747,0.543,0.581
2048,skin,8,-0.705,0.021,0.789
2048,skin,10,-0.464,-0.477,0.765
2048,skin,13,-0.455,-0.480,0.776
2048,skin,17,-0.445,-0.483,0.789
2048,skin,24,-0.438,-0.485,0.797
2057,notochord,6,0.047,0.448,0.919
2057,notochord,8,0.041,-0.107,1.016
2057,notochord,10,0.024,-0.629,0.804
2057,notochord,13,0.011,-0.764,0.646
2057,notochord,17,0.004,-0.830,0.568
2057,notochord,24,0.000,-0.874,0.517
2081,notochord,6,0.044,0.172,1.002
2081,notochord,8,0.030,-0.514,0.876
2081,notochord,10,0.009,-0.957,0.338
2081,notochord,13,0.004,-1.070,0.057
2081,notochord,17,0.002,-1.126,-0.081
2081,notochord,24,0.000,-1.163,-0.172
2089,skin,6,-0.586,0.693,0.495
2089,skin,8,-0.618,0.336,0.739
2089,skin,10,-0.494,-0.065,0.864
2089,skin,13,-0.485,-0.065,0.877
2089,skin,17,-0.474,-0.066,0.891
2089,skin,24,-0.467,-0.066,0.900
2095,skin,6,0.184,0.732,-0.749
2095,skin,8,0.428,0.356,-0.872
2095,skin,10,0.624,-0.049,-0.792
2095,skin,13,0.684,-0.049,-0.750
2095,skin,17,0.751,-0.050,-0.704
2095,skin,24,0.796,-0.050,-0.673
2100,skin,6,0.087,0.812,-0.640
2100,skin,8,0.236,0.539,-0.823
2100,skin,10,0.396,0.222,-0.879
2100,skin,13,0.467,0.223,-0.848
2100,skin,17,0.547,0.225,-0.814
2100,skin,24,0.601,0.226,-0.791
2115,skin,6,0.124,0.756,-0.610
2115,skin,8,0.321,0.499,-0.777
2115,skin,10,0.528,0.187,-0.805
2115,skin,13,0.589,0.188,-0.766
2115,skin,17,0.656,0.189,-0.723
2115,skin,24,0.701,0.190,-0.694
2116,skin,6,-0.921,0.573,0.164
2116,skin,8,-0.969,0.081,0.447
2116,skin,10,-0.717,-0.399,0.597
2116,skin,13,-0.706,-0.402,0.617
2116,skin,17,-0.694,-0.405,0.639
2116,skin,24,-0.686,-0.407,0.654
2120,skin,6,0.756,0.303,0.704
2120,skin,8,0.601,-0.345,0.780
2120,skin,10,0.264,-0.832,0.496
2120,skin,13,0.259,-0.837,0.503
2120,skin,17,0.253,-0.843,0.510
2120,skin,24,0.249,-0.847,0.515
2124,skin,6,-0.685,0.784,-0.180
2124,skin,8,-0.930,0.492,0.048
2124,skin,10,-0.953,0.154,0.361
2124,skin,13,-0.945,0.155,0.393
2124,skin,17,-0.935,0.156,0.428
2124,skin,24,-0.929,0.157,0.452
2131,skin,6,-0.987,0.529,0.088
2131,skin,8,-1.019,-0.012,0.380
2131,skin,10,-0.714,-0.508,0.521
2131,skin,13,-0.704,-0.512,0.542
2131,skin,17,-0.694,-0.516,0.566
2131,skin,24,-0.687,-0.519,0.581
2134,notochord,6,0.045,0.247,0.980
2134,notochord,8,0.033,-0.408,0.925
2134,notochord,10,0.013,-0.889,0.478
2134,notochord,13,0.006,-0.992,0.238
2134,notochord,17,0.002,-1.042,0.120
2134,notochord,24,0.000,-1.076,0.041
2135,notochord,6,-0.026,0.862,0.478
2135,notochord,8,-0.029,0.714,0.678
2135,notochord,10,-0.026,0.521,0.835
2135,notochord,13,-0.012,0.466,0.884
2135,notochord,17,-0.005,0.440,0.908
2135,notochord,24,0.000,0.422,0.923
2136,notochord,6,-0.038,0.768,0.661
2136,notochord,8,-0.040,0.488,0.887
2136,notochord,10,-0.033,0.148,1.000
2136,notochord,13,-0.015,0.031,1.007
2136,notochord,17,-0.006,-0.026,1.011
2136,notochord,24,0.000,-0.064,1.013
2147,notochord,6,0.087,0.164,0.981
2147,notochord,8,0.060,-0.510,0.854
2147,notochord,10,0.016,-0.942,0.323
2147,notochord,13,0.007,-1.066,0.043
2147,notochord,17,0.003,-1.126,-0.094
2147,notochord,24,0.000,-1.167,-0.185
2151,skin,6,0.666,0.780,0.147
2151,skin,8,0.800,0.507,0.403
2151,skin,10,0.741,0.186,0.655
2151,skin,13,0.728,0.187,0.674
2151,skin,17,0.715,0.188,0.696
2151,skin,24,0.705,0.189,0.710
2163,notochord,6,-0.063,0.639,0.714
2163,notochord,8,-0.063,0.289,0.913
2163,notochord,10,-0.048,-0.110,0.953
2163,notochord,13,-0.022,-0.256,0.947
2163,notochord,17,-0.009,-0.327,0.945
2163,notochord,24,0.000,-0.375,0.943
2164,skin,6,-0.011,0.989,-0.231
2164,skin,8,-0.035,0.937,-0.334
2164,skin,10,-0.070,0.874,-0.426
2164,skin,13,-0.108,0.879,-0.419
2164,skin,17,-0.150,0.884,-0.411
2164,skin,24,-0.178,0.888,-0.405
2167,notochord,6,-0.105,0.682,0.683
2167,notochord,8,-0.108,0.363,0.894
2167,notochord,10,-0.085,-0.012,0.966
2167,notochord,13,-0.038,-0.146,0.975
2167,notochord,17,-0.015,-0.212,0.980
2167,notochord,24,0.000,-0.256,0.982
2169,notochord,6,-0.044,0.651,0.737
2169,notochord,8,-0.044,0.290,0.939
2169,notochord,10,-0.033,-0.122,0.975
2169,notochord,13,-0.015,-0.267,0.955
2169,notochord,17,-0.006,-0.338,0.946
2169,notochord,24,0.000,-0.385,0.939
2170,notochord,6,0.083,0.687,0.699
2170,notochord,8,0.085,0.360,0.911
2170,notochord,10,0.067,-0.023,0.980
2170,notochord,13,0.030,-0.158,0.979
2170,notochord,17,0.012,-0.224,0.979
2170,notochord,24,0.000,-0.268,0.979
2179,skin,6,-0.191,0.705,-0.672
2179,skin,8,-0.448,0.384,-0.797
2179,skin,10,-0.671,0.013,-0.733
2179,skin,13,-0.723,0.013,-0.689
2179,skin,17,-0.781,0.013,-0.639
2179,skin,24,-0.820,0.013,-0.606
2183,notochord,6,-0.073,0.547,0.835
2183,notochord,8,-0.069,0.083,0.994
2183,notochord,10,-0.046,-0.401,0.914
2183,notochord,13,-0.021,-0.555,0.825
2183,notochord,17,-0.008,-0.631,0.781
2183,notochord,24,0.000,-0.682,0.752
2188,muscle,6,-0.069,0.928,0.271
2188,muscle,8,-0.081,0.877,0.403
2188,muscle,10,-0.077,0.808,0.528
2188,muscle,13,-0.077,0.812,0.558
2188,muscle,17,-0.077,0.814,0.576
2188,muscle,24,-0.077,0.816,0.589
2202,notochord,6,0.089,0.585,0.835
2202,notochord,8,0.085,0.130,1.010
2202,notochord,10,0.058,-0.353,0.955
2202,notochord,13,0.026,-0.503,0.869
2202,notochord,17,0.011,-0.577,0.827
2202,notochord,24,0.000,-0.626,0.799
2213,skin,6,-0.562,0.822,-0.310
2213,skin,8,-0.858,0.573,-0.152
2213,skin,10,-0.983,0.279,0.147
2213,skin,13,-0.981,0.281,0.185
2213,skin,17,-0.978,0.283,0.227
2213,skin,24,-0.976,0.284,0.255
2227,skin,6,0.250,0.691,-0.723
2227,skin,8,0.540,0.316,-0.804
2227,skin,10,0.751,-0.093,-0.669
2227,skin,13,0.798,-0.093,-0.623
2227,skin,17,0.850,-0.094,-0.571
2227,skin,24,0.885,-0.095,-0.536
2228,neural,6,0.207,0.771,0.687
2228,neural,8,0.216,0.455,0.918
2228,neural,10,0.175,0.080,1.022
2228,neural,13,0.121,-0.017,1.049
2228,neural,17,0.072,-0.104,1.074
2228,neural,24,0.040,-0.162,1.090
2256,muscle,6,0.293,0.675,0.699
2256,muscle,8,0.297,0.310,0.915
2256,muscle,10,0.228,-0.106,0.971
2256,muscle,13,0.166,-0.234,0.955
2256,muscle,17,0.128,-0.310,0.945
2256,muscle,24,0.104,-0.361,0.939
2268,skin,6,-0.799,0.731,-0.242
2268,skin,8,-1.037,0.340,0.019
2268,skin,10,-0.987,-0.076,0.339
2268,skin,13,-0.980,-0.076,0.373
2268,skin,17,-0.973,-0.077,0.412
2268,skin,24,-0.969,-0.077,0.437
2269,neural,6,-0.293,0.779,0.615
2269,neural,8,-0.311,0.491,0.847
2269,neural,10,-0.257,0.146,0.973
2269,neural,13,-0.179,0.058,1.022
2269,neural,17,-0.108,-0.020,1.066
2269,neural,24,-0.061,-0.073,1.095
2280,muscle,6,-0.264,0.695,0.645
2280,muscle,8,-0.274,0.378,0.865
2280,muscle,10,-0.219,0.006,0.954
2280,muscle,13,-0.151,-0.113,0.967
2280,muscle,17,-0.111,-0.185,0.974
2280,muscle,24,-0.084,-0.232,0.979
2284,skin,6,0.917,0.504,-0.015
2284,skin,8,1.006,0.008,0.273
2284,skin,10,0.752,-0.476,0.463
2284,skin,13,0.741,-0.478,0.484
2284,skin,17,0.729,-0.481,0.509
2284,skin,24,0.721,-0.483,0.525
2288,neural,6,-0.308,0.612,0.803
2288,neural,8,-0.296,0.153,0.993
2288,neural,10,-0.207,-0.332,0.960
2288,neural,13,-0.144,-0.460,0.932
2288,neural,17,-0.088,-0.575,0.906
2288,neural,24,-0.050,-0.651,0.889
2294,skin,6,0.058,0.890,-0.540
2294,skin,8,0.169,0.689,-0.724
2294,skin,10,0.302,0.449,-0.825
2294,skin,13,0.371,0.452,-0.801
2294,skin,17,0.448,0.455,-0.774
2294,skin,24,0.499,0.458,-0.755
2299,skin,6,0.484,0.831,0.463
2299,skin,8,0.530,0.561,0.705
2299,skin,10,0.456,0.243,0.876
2299,skin,13,0.446,0.245,0.886
2299,skin,17,0.436,0.246,0.898
2299,skin,24,0.429,0.247,0.906
2302,muscle,6,0.336,0.508,0.818
2302,muscle,8,0.307,0.003,0.966
2302,muscle,10,0.196,-0.499,0.851
2302,muscle,13,0.151,-0.632,0.752
2302,muscle,17,0.124,-0.712,0.693
2302,muscle,24,0.106,-0.765,0.653
2303,skin,6,-0.201,0.991,-0.112
2303,skin,8,-0.335,0.941,-0.061
2303,skin,10,-0.434,0.882,0.063
2303,skin,13,-0.432,0.887,0.080
2303,skin,17,-0.431,0.893,0.098
2303,skin,24,-0.430,0.897,0.111
2305,skin,6,0.604,0.358,-0.812
2305,skin,8,0.842,-0.268,-0.582
2305,skin,10,0.637,-0.757,-0.190
2305,skin,13,0.650,-0.763,-0.159
2305,skin,17,0.664,-0.769,-0.124
2305,skin,24,0.674,-0.773,-0.100
2307,skin,6,-0.276,0.275,0.997
2307,skin,8,-0.208,-0.407,0.959
2307,skin,10,-0.082,-0.914,0.519
2307,skin,13,-0.080,-0.915,0.520
2307,skin,17,-0.077,-0.917,0.522
2307,skin,24,-0.076,-0.919,0.523
2309,skin,6,-0.383,0.804,-0.627
2309,skin,8,-0.726,0.471,-0.621
2309,skin,10,-0.955,0.105,-0.408
2309,skin,13,-0.983,0.106,-0.358
2309,skin,17,-1.015,0.107,-0.303
2309,skin,24,-1.036,0.108,-0.266
2316,skin,6,-0.722,0.620,0.447
2316,skin,8,-0.741,0.191,0.694
2316,skin,10,-0.557,-0.260,0.789
2316,skin,13,-0.547,-0.261,0.803
2316,skin,17,-0.535,-0.263,0.818
2316,skin,24,-0.527,-0.265,0.828
2324,skin,6,0.576,0.675,-0.525
2324,skin,8,0.916,0.302,-0.391
2324,skin,10,1.025,-0.108,-0.080
2324,skin,13,1.032,-0.109,-0.035
2324,skin,17,1.039,-0.109,0.015
2324,skin,24,1.044,-0.110,0.049
2327,neural,6,-0.236,0.872,0.489
2327,neural,8,-0.263,0.687,0.706
2327,neural,10,-0.234,0.454,0.873
2327,neural,13,-0.165,0.410,0.940
2327,neural,17,-0.103,0.371,1.000
2327,neural,24,-0.062,0.345,1.040
2332,skin,6,0.302,0.919,0.289
2332,skin,8,0.356,0.806,0.473
2332,skin,10,0.338,0.662,0.651
2332,skin,13,0.332,0.667,0.660
2332,skin,17,0.325,0.673,0.670
2332,skin,24,0.320,0.677,0.677
2333,skin,6,-0.757,0.612,-0.497
2333,skin,8,-1.042,0.140,-0.264
2333,skin,10,-0.986,-0.330,0.077
2333,skin,13,-0.987,-0.333,0.117
2333,skin,17,-0.989,-0.336,0.161
2333,skin,24,-0.990,-0.337,0.191
2339,skin,6,-0.657,0.694,-0.381
2339,skin,8,-0.962,0.347,-0.191
2339,skin,10,-1.022,-0.043,0.133
2339,skin,13,-1.019,-0.044,0.172
2339,skin,17,-1.016,-0.044,0.216
2339,skin,24,-1.014,-0.044,0.246
2344,skin,6,-0.525,0.695,-0.546
2344,skin,8,-0.873,0.340,-0.443
2344,skin,10,-1.021,-0.056,-0.150
2344,skin,13,-1.031,-0.057,-0.103
2344,skin,17,-1.042,-0.057,-0.051
2344,skin,24,-1.050,-0.057,-0.017
2345,skin,6,1.036,0.285,0.203
2345,skin,8,0.891,-0.361,0.428
2345,skin,10,0.409,-0.832,0.349
2345,skin,13,0.402,-0.837,0.360
2345,skin,17,0.395,-0.843,0.373
2345,skin,24,0.390,-0.847,0.381
2351,neural,6,0.383,0.647,0.705
2351,neural,8,0.382,0.243,0.916
2351,neural,10,0.283,-0.200,0.948
2351,neural,13,0.197,-0.323,0.958
2351,neural,17,0.120,-0.433,0.966
2351,neural,24,0.068,-0.506,0.972
2367,neural,6,0.073,1.012,0.345
2367,neural,8,0.084,0.935,0.507
2367,neural,10,0.079,0.833,0.654
2367,neural,13,0.058,0.830,0.687
2367,neural,17,0.040,0.827,0.717
2367,neural,24,0.028,0.826,0.737
2368,skin,6,-0.456,0.263,-0.894
2368,skin,8,-0.664,-0.387,-0.681
2368,skin,10,-0.443,-0.849,-0.247
2368,skin,13,-0.459,-0.854,-0.222
2368,skin,17,-0.477,-0.860,-0.195
2368,skin,24,-0.489,-0.863,-0.176
2369,skin,6,-1.040,0.348,0.028
2369,skin,8,-0.981,-0.271,0.306
2369,skin,10,-0.539,-0.760,0.356
2369,skin,13,-0.532,-0.765,0.372
2369,skin,17,-0.524,-0.770,0.390
2369,skin,24,-0.518,-0.774,0.402
2380,skin,6,0.595,0.553,0.629
2380,skin,8,0.574,0.086,0.832
2380,skin,10,0.396,-0.391,0.823
2380,skin,13,0.389,-0.394,0.834
2380,skin,17,0.380,-0.397,0.846
2380,skin,24,0.375,-0.400,0.855
2383,skin,6,-0.046,1.050,-0.012
2383,skin,8,-0.068,1.015,0.004
2383,skin,10,-0.082,0.980,0.032
2383,skin,13,-0.081,0.987,0.034
2383,skin,17,-0.080,0.995,0.037
2383,skin,24,-0.080,1.000,0.040
2402,skin,6,-0.076,0.554,-0.832
2402,skin,8,-0.194,0.092,-0.965
2402,skin,10,-0.269,-0.377,-0.858
2402,skin,13,-0.342,-0.379,-0.834
2402,skin,17,-0.422,-0.382,-0.807
2402,skin,24,-0.476,-0.383,-0.790
2405,skin,6,0.077,0.963,-0.388
2405,skin,8,0.212,0.844,-0.520
2405,skin,10,0.380,0.699,-0.588
2405,skin,13,0.426,0.704,-0.561
2405,skin,17,0.476,0.709,-0.532
2405,skin,24,0.510,0.713,-0.512
2407,muscle,6,0.162,0.930,0.384
2407,muscle,8,0.186,0.819,0.567
2407,muscle,10,0.172,0.674,0.728
2407,muscle,13,0.140,0.638,0.767
2407,muscle,17,0.121,0.616,0.790
2407,muscle,24,0.109,0.602,0.806
2424,skin,6,-0.320,0.644,-0.692
2424,skin,8,-0.642,0.266,-0.725
2424,skin,10,-0.843,-0.151,-0.534
2424,skin,13,-0.878,-0.152,-0.485
2424,skin,17,-0.916,-0.153,-0.431
2424,skin,24,-0.941,-0.153,-0.395
2430,skin,6,-0.443,0.780,0.449
2430,skin,8,-0.491,0.533,0.686
2430,skin,10,-0.427,0.231,0.858
2430,skin,13,-0.419,0.233,0.871
2430,skin,17,-0.411,0.236,0.884
2430,skin,24,-0.405,0.237,0.894
2431,skin,6,0.417,0.861,-0.320
2431,skin,8,0.706,0.688,-0.234
2431,skin,10,0.901,0.472,0.007
2431,skin,13,0.902,0.474,0.044
2431,skin,17,0.904,0.477,0.086
2431,skin,24,0.906,0.479,0.114
2436,skin,6,-0.052,0.999,-0.314
2436,skin,8,-0.147,0.909,-0.431
2436,skin,10,-0.273,0.802,-0.507
2436,skin,13,-0.313,0.807,-0.487
2436,skin,17,-0.359,0.814,-0.465
2436,skin,24,-0.389,0.818,-0.450
2440,muscle,6,0.215,0.876,0.387
2440,muscle,8,0.247,0.750,0.579
2440,muscle,10,0.228,0.586,0.747
2440,muscle,13,0.155,0.549,0.806
2440,muscle,17,0.112,0.527,0.842
2440,muscle,24,0.083,0.513,0.865
2445,notochord,6,-0.045,0.451,0.886
2445,notochord,8,-0.040,-0.080,0.991
2445,notochord,10,-0.024,-0.586,0.802
2445,notochord,13,-0.011,-0.733,0.664
2445,notochord,17,-0.004,-0.805,0.596
2445,notochord,24,0.000,-0.853,0.551
2447,skin,6,0.237,1.036,-0.188
2447,skin,8,0.412,0.947,-0.143
2447,skin,10,0.549,0.845,-0.004
2447,skin,13,0.552,0.852,0.019
2447,skin,17,0.556,0.860,0.045
2447,skin,24,0.558,0.865,0.062
2469,skin,6,-0.172,0.944,-0.129
2469,skin,8,-0.309,0.914,-0.098
2469,skin,10,-0.428,0.873,0.009
2469,skin,13,-0.428,0.876,0.026
2469,skin,17,-0.428,0.880,0.046
2469,skin,24,-0.428,0.882,0.059
2473,skin,6,0.638,0.466,0.748
2473,skin,8,0.562,-0.111,0.891
2473,skin,10,0.327,-0.629,0.739
2473,skin,13,0.320,-0.632,0.746
2473,skin,17,0.312,-0.636,0.754
2473,skin,24,0.307,-0.638,0.759
2476,skin,6,0.223,0.583,-0.860
2476,skin,8,0.473,0.089,-0.917
2476,skin,10,0.594,-0.390,-0.713
2476,skin,13,0.647,-0.393,-0.674
2476,skin,17,0.707,-0.396,-0.631
2476,skin,24,0.747,-0.399,-0.602
2488,skin,6,-0.311,0.743,-0.703
2488,skin,8,-0.633,0.374,-0.747
2488,skin,10,-0.855,-0.025,-0.573
2488,skin,13,-0.895,-0.025,-0.524
2488,skin,17,-0.939,-0.026,-0.470
2488,skin,24,-0.969,-0.026,-0.433
2494,skin,6,0.146,0.409,-0.912
2494,skin,8,0.311,-0.157,-0.933
2494,skin,10,0.340,-0.652,-0.647
2494,skin,13,0.391,-0.656,-0.621
2494,skin,17,0.448,-0.660,-0.592
2494,skin,24,0.486,-0.663,-0.573
2502,skin,6,-0.104,0.445,-0.969
2502,skin,8,-0.230,-0.146,-0.996
2502,skin,10,-0.256,-0.647,-0.708
2502,skin,13,-0.316,-0.653,-0.688
2502,skin,17,-0.383,-0.658,-0.665
2502,skin,24,-0.427,-0.662,-0.650
2518,skin,6,-0.186,1.054,-0.076
2518,skin,8,-0.290,0.993,-0.019
2518,skin,10,-0.356,0.926,0.092
2518,skin,13,-0.354,0.933,0.105
2518,skin,17,-0.353,0.942,0.120
2518,skin,24,-0.352,0.947,0.129
2519,skin,6,-0.142,0.984,-0.329
2519,skin,8,-0.329,0.880,-0.398
2519,skin,10,-0.538,0.756,-0.372
2519,skin,13,-0.564,0.761,-0.340
2519,skin,17,-0.592,0.767,-0.306
2519,skin,24,-0.611,0.771,-0.282
2526,skin,6,0.081,0.996,-0.142
2526,skin,8,0.180,0.962,-0.165
2526,skin,10,0.291,0.923,-0.138
2526,skin,13,0.299,0.928,-0.122
2526,skin,17,0.309,0.934,-0.105
2526,skin,24,0.316,0.937,-0.093
2533,notochord,6,0.003,0.825,0.601
2533,notochord,8,0.003,0.598,0.826
2533,notochord,10,0.002,0.312,0.970
2533,notochord,13,0.001,0.215,0.990
2533,notochord,17,0.000,0.167,1.000
2533,notochord,24,0.000,0.135,1.006
2543,skin,6,0.621,0.797,-0.096
2543,skin,8,0.843,0.564,0.122
2543,skin,10,0.879,0.281,0.419
2543,skin,13,0.868,0.282,0.446
2543,skin,17,0.856,0.284,0.477
2543,skin,24,0.848,0.285,0.497
2544,skin,6,0.053,0.551,-0.867
2544,skin,8,0.136,0.064,-0.993
2544,skin,10,0.186,-0.415,-0.867
2544,skin,13,0.262,-0.418,-0.850
2544,skin,17,0.346,-0.421,-0.830
2544,skin,24,0.403,-0.423,-0.817
2546,skin,6,-0.307,0.825,-0.612
2546,skin,8,-0.627,0.529,-0.655
2546,skin,10,-0.881,0.194,-0.503
2546,skin,13,-0.916,0.195,-0.454
2546,skin,17,-0.954,0.197,-0.400
2546,skin,24,-0.980,0.198,-0.364
2548,skin,6,-0.488,0.885,-0.248
2548,skin,8,-0.755,0.700,-0.109
2548,skin,10,-0.893,0.474,0.162
2548,skin,13,-0.889,0.477,0.195
2548,skin,17,-0.886,0.480,0.233
2548,skin,24,-0.884,0.483,0.258
2551,notochord,6,0.057,0.651,0.719
2551,notochord,8,0.058,0.303,0.921
2551,notochord,10,0.044,-0.098,0.965
2551,notochord,13,0.020,-0.241,0.957
2551,notochord,17,0.008,-0.312,0.952
2551,notochord,24,0.000,-0.359,0.950
2552,skin,6,0.412,0.400,-0.833
2552,skin,8,0.687,-0.166,-0.727
2552,skin,10,0.643,-0.661,-0.374
2552,skin,13,0.667,-0.664,-0.338
2552,skin,17,0.694,-0.668,-0.297
2552,skin,24,0.712,-0.670,-0.270
2558,notochord,6,-0.009,0.956,0.267
2558,notochord,8,-0.010,0.910,0.394
2558,notochord,10,-0.010,0.848,0.514
2558,notochord,13,-0.004,0.849,0.537
2558,notochord,17,-0.002,0.849,0.548
2558,notochord,24,0.000,0.850,0.556
2559,skin,6,-0.227,0.802,-0.542
2559,skin,8,-0.508,0.576,-0.632
2559,skin,10,-0.778,0.299,-0.558
2559,skin,13,-0.815,0.301,-0.511
2559,skin,17,-0.856,0.302,-0.460
2559,skin,24,-0.883,0.303,-0.425
2560,skin,6,-0.282,0.786,-0.673
2560,skin,8,-0.592,0.452,-0.737
2560,skin,10,-0.833,0.082,-0.598
2560,skin,13,-0.875,0.083,-0.550
2560,skin,17,-0.922,0.083,-0.496
2560,skin,24,-0.953,0.084,-0.460
2564,notochord,6,-0.089,0.593,0.769
2564,notochord,8,-0.086,0.189,0.952
2564,notochord,10,-0.062,-0.254,0.938
2564,notochord,13,-0.028,-0.409,0.896
2564,notochord,17,-0.011,-0.485,0.876
2564,notochord,24,0.000,-0.536,0.862
2572,skin,6,0.011,0.536,-0.827
2572,skin,8,0.032,0.075,-0.972
2572,skin,10,0.045,-0.395,-0.881
2572,skin,13,0.126,-0.396,-0.871
2572,skin,17,0.217,-0.398,-0.861
2572,skin,24,0.277,-0.400,-0.854
2573,skin,6,0.223,0.568,-0.767
2573,skin,8,0.484,0.139,-0.846
2573,skin,10,0.639,-0.314,-0.685
2573,skin,13,0.687,-0.315,-0.642
2573,skin,17,0.741,-0.316,-0.595
2573,skin,24,0.777,-0.317,-0.563
2576,skin,6,-0.266,0.569,-0.881
2576,skin,8,-0.535,0.051,-0.903
2576,skin,10,-0.638,-0.438,-0.656
2576,skin,13,-0.686,-0.442,-0.616
2576,skin,17,-0.741,-0.446,-0.572
2576,skin,24,-0.777,-0.449,-0.542
2578,skin,6,0.583,0.844,0.043
2578,skin,8,0.749,0.642,0.268
2578,skin,10,0.754,0.394,0.537
2578,skin,13,0.742,0.396,0.558
2578,skin,17,0.729,0.398,0.581
2578,skin,24,0.721,0.400,0.597
2580,skin,6,0.616,0.852,-0.041
2580,skin,8,0.812,0.627,0.182
2580,skin,10,0.831,0.359,0.468
2580,skin,13,0.820,0.361,0.493
2580,skin,17,0.809,0.363,0.521
2580,skin,24,0.801,0.365,0.540
2584,skin,6,0.175,0.932,-0.175
2584,skin,8,0.336,0.893,-0.162
2584,skin,10,0.489,0.840,-0.061
2584,skin,13,0.492,0.843,-0.039
2584,skin,17,0.496,0.847,-0.014
2584,skin,24,0.498,0.849,0.002
2587,skin,6,-0.058,0.652,-0.796
2587,skin,8,-0.156,0.240,-0.964
2587,skin,10,-0.236,-0.195,-0.932
2587,skin,13,-0.317,-0.197,-0.911
2587,skin,17,-0.407,-0.198,-0.887
2587,skin,24,-0.466,-0.199,-0.871
2593,skin,6,0.655,0.499,0.706
2593,skin,8,0.593,-0.054,0.873
2593,skin,10,0.364,-0.566,0.767
2593,skin,13,0.356,-0.569,0.775
2593,skin,17,0.347,-0.572,0.784
2593,skin,24,0.341,-0.574,0.790
2597,skin,6,-0.829,0.544,-0.302
2597,skin,8,-1.042,0.079,-0.034
2597,skin,10,-0.900,-0.393,0.263
2597,skin,13,-0.893,-0.395,0.294
2597,skin,17,-0.885,-0.397,0.329
2597,skin,24,-0.880,-0.398,0.352
2600,notochord,6,-0.038,0.738,0.618
2600,notochord,8,-0.040,0.482,0.833
2600,notochord,10,-0.033,0.167,0.948
2600,notochord,13,-0.015,0.058,0.985
2600,notochord,17,-0.006,0.005,1.003
2600,notochord,24,0.000,-0.031,1.015
2602,skin,6,0.020,0.277,-0.935
2602,skin,8,0.046,-0.335,-0.909
2602,skin,10,0.042,-0.807,-0.524
2602,skin,13,0.089,-0.811,-0.517
2602,skin,17,0.143,-0.814,-0.509
2602,skin,24,0.178,-0.817,-0.504
2607,skin,6,0.602,0.507,-0.639
2607,skin,8,0.911,0.018,-0.476
2607,skin,10,0.891,-0.464,-0.142
2607,skin,13,0.900,-0.466,-0.101
2607,skin,17,0.910,-0.468,-0.055
2607,skin,24,0.916,-0.470,-0.025
2617,notochord,6,0.004,0.908,0.333
2617,notochord,8,0.005,0.835,0.487
2617,notochord,10,0.004,0.737,0.625
2617,notochord,13,0.002,0.733,0.670
2617,notochord,17,0.001,0.730,0.692
2617,notochord,24,0.000,0.729,0.707
2633,skin,6,-0.188,0.831,-0.461
2633,skin,8,-0.438,0.668,-0.559
2633,skin,10,-0.705,0.459,-0.522
2633,skin,13,-0.739,0.461,-0.479
2633,skin,17,-0.776,0.463,-0.431
2633,skin,24,-0.801,0.464,-0.400
2646,skin,6,0.072,0.701,-0.767
2646,skin,8,0.194,0.321,-0.942
2646,skin,10,0.302,-0.091,-0.935
2646,skin,13,0.381,-0.092,-0.910
2646,skin,17,0.469,-0.093,-0.882
2646,skin,24,0.528,-0.093,-0.863
2659,skin,6,0.830,0.506,-0.303
2659,skin,8,1.032,0.029,-0.034
2659,skin,10,0.867,-0.448,0.253
2659,skin,13,0.860,-0.450,0.283
2659,skin,17,0.851,-0.452,0.316
2659,skin,24,0.846,-0.454,0.338
2660,skin,6,-0.969,0.336,-0.379
2660,skin,8,-1.029,-0.292,-0.055
2660,skin,10,-0.612,-0.777,0.166
2660,skin,13,-0.609,-0.783,0.188
2660,skin,17,-0.605,-0.788,0.212
2660,skin,24,-0.602,-0.792,0.228
2661,skin,6,-0.142,0.412,-0.885
2661,skin,8,-0.308,-0.135,-0.922
2661,skin,10,-0.346,-0.628,-0.658
2661,skin,13,-0.397,-0.631,-0.631
2661,skin,17,-0.455,-0.634,-0.601
2661,skin,24,-0.493,-0.636,-0.581
2664,skin,6,-0.898,0.454,-0.262
2664,skin,8,-1.040,-0.072,0.029
2664,skin,10,-0.784,-0.563,0.277
2664,skin,13,-0.777,-0.566,0.303
2664,skin,17,-0.768,-0.569,0.332
2664,skin,24,-0.762,-0.571,0.352
2666,skin,6,0.240,0.237,-0.955
2666,skin,8,0.408,-0.414,-0.815
2666,skin,10,0.285,-0.866,-0.353
2666,skin,13,0.311,-0.870,-0.334
2666,skin,17,0.340,-0.876,-0.312
2666,skin,24,0.359,-0.879,-0.298
2676,skin,6,-0.680,0.313,-0.765
2676,skin,8,-0.876,-0.327,-0.492
2676,skin,10,-0.585,-0.806,-0.112
2676,skin,13,-0.593,-0.811,-0.085
2676,skin,17,-0.602,-0.817,-0.054
2676,skin,24,-0.608,-0.821,-0.034
2683,skin,6,0.078,0.709,-0.686
2683,skin,8,0.213,0.392,-0.874
2683,skin,10,0.347,0.026,-0.910
2683,skin,13,0.422,0.026,-0.881
2683,skin,17,0.505,0.026,-0.848
2683,skin,24,0.561,0.026,-0.826
2685,notochord,6,-0.086,0.724,0.701
2685,notochord,8,-0.089,0.405,0.921
2685,notochord,10,-0.071,0.027,1.006
2685,notochord,13,-0.032,-0.103,0.999
2685,notochord,17,-0.013,-0.167,0.996
2685,notochord,24,0.000,-0.210,0.993
2691,skin,6,-0.476,0.854,-0.271
2691,skin,8,-0.754,0.670,-0.143
2691,skin,10,-0.910,0.441,0.125
2691,skin,13,-0.907,0.444,0.160
2691,skin,17,-0.904,0.446,0.199
2691,skin,24,-0.902,0.448,0.225
2699,muscle,6,-0.166,0.860,0.460
2699,muscle,8,-0.186,0.706,0.664
2699,muscle,10,-0.168,0.508,0.826
2699,muscle,13,-0.128,0.455,0.874
2699,muscle,17,-0.105,0.423,0.903
2699,muscle,24,-0.089,0.402,0.922
2701,skin,6,0.537,0.947,-0.010
2701,skin,8,0.707,0.766,0.191
2701,skin,10,0.732,0.552,0.449
2701,skin,13,0.724,0.556,0.472
2701,skin,17,0.714,0.561,0.497
2701,skin,24,0.708,0.564,0.514
2704,skin,6,0.028,0.447,-0.881
2704,skin,8,0.073,-0.080,-0.972
2704,skin,10,0.091,-0.572,-0.775
2704,skin,13,0.161,-0.575,-0.763
2704,skin,17,0.238,-0.578,-0.750
2704,skin,24,0.290,-0.580,-0.741
2707,skin,6,-0.202,0.785,-0.556
2707,skin,8,-0.469,0.554,-0.666
2707,skin,10,-0.733,0.271,-0.618
2707,skin,13,-0.775,0.272,-0.572
2707,skin,17,-0.821,0.274,-0.521
2707,skin,24,-0.852,0.275,-0.487
2709,neural,6,-0.141,0.876,0.514
2709,neural,8,-0.156,0.699,0.729
2709,neural,10,-0.139,0.472,0.891
2709,neural,13,-0.098,0.429,0.948
2709,neural,17,-0.061,0.390,1.000
2709,neural,24,-0.036,0.364,1.034
2710,notochord,6,-0.067,0.762,0.671
2710,notochord,8,-0.071,0.473,0.896
2710,notochord,10,-0.058,0.124,1.005
2710,notochord,13,-0.026,0.004,1.008
2710,notochord,17,-0.010,-0.055,1.010
2710,notochord,24,0.000,-0.094,1.011
2711,notochord,6,-0.007,0.818,0.618
2711,notochord,8,-0.007,0.578,0.845
2711,notochord,10,-0.006,0.279,0.984
2711,notochord,13,-0.003,0.177,0.999
2711,notochord,17,-0.001,0.127,1.006
2711,notochord,24,0.000,0.093,1.011
2714,skin,6,0.510,0.822,-0.137
2714,skin,8,0.745,0.656,0.034
2714,skin,10,0.842,0.443,0.313
2714,skin,13,0.832,0.444,0.341
2714,skin,17,0.822,0.446,0.371
2714,skin,24,0.815,0.447,0.391
2715,notochord,6,-0.080,0.371,0.952
2715,notochord,8,-0.066,-0.233,0.994
2715,notochord,10,-0.033,-0.754,0.689
2715,notochord,13,-0.015,-0.867,0.493
2715,notochord,17,-0.006,-0.922,0.397
2715,notochord,24,0.000,-0.959,0.333
2716,skin,6,0.115,1.051,0.042
2716,skin,8,0.147,1.009,0.097
2716,skin,10,0.152,0.965,0.163
2716,skin,13,0.149,0.972,0.167
2716,skin,17,0.146,0.980,0.171
2716,skin,24,0.144,0.985,0.174
2718,neural,6,0.005,0.580,0.870
2718,neural,8,0.005,0.101,1.039
2718,neural,10,0.003,-0.401,0.962
2718,neural,13,0.002,-0.529,0.910
2718,neural,17,0.001,-0.644,0.864
2718,neural,24,0.001,-0.721,0.832
2720,skin,6,-0.293,0.430,-0.820
2720,skin,8,-0.557,-0.090,-0.803
2720,skin,10,-0.602,-0.580,-0.516
2720,skin,13,-0.636,-0.582,-0.478
2720,skin,17,-0.674,-0.585,-0.436
2720,skin,24,-0.700,-0.586,-0.408
2728,notochord,6,-0.010,0.868,0.474
2728,notochord,8,-0.012,0.723,0.674
2728,notochord,10,-0.011,0.534,0.832
2728,notochord,13,-0.005,0.480,0.878
2728,notochord,17,-0.002,0.454,0.901
2728,notochord,24,0.000,0.437,0.916
2733,skin,6,0.583,0.814,-0.195
2733,skin,8,0.840,0.589,-0.007
2733,skin,10,0.925,0.315,0.293
2733,skin,13,0.917,0.316,0.324
2733,skin,17,0.909,0.318,0.360
2733,skin,24,0.903,0.319,0.383
2735,skin,6,0.433,0.739,-0.478
2735,skin,8,0.773,0.475,-0.423
2735,skin,10,0.992,0.156,-0.179
2735,skin,13,1.001,0.156,-0.133
2735,skin,17,1.012,0.157,-0.081
2735,skin,24,1.020,0.157,-0.047
2741,notochord,6,0.060,0.614,0.819
2741,notochord,8,0.058,0.181,1.006
2741,notochord,10,0.042,-0.289,0.980
2741,notochord,13,0.019,-0.438,0.907
2741,notochord,17,0.007,-0.511,0.871
2741,notochord,24,0.000,-0.560,0.847
2748,skin,6,-0.484,0.893,-0.098
2748,skin,8,-0.690,0.744,0.071
2748,skin,10,-0.770,0.557,0.332
2748,skin,13,-0.761,0.560,0.357
2748,skin,17,-0.752,0.564,0.384
2748,skin,24,-0.746,0.566,0.403
2750,skin,6,-0.567,0.395,-0.781
2750,skin,8,-0.834,-0.190,-0.592
2750,skin,10,-0.702,-0.686,-0.220
2750,skin,13,-0.715,-0.690,-0.185
2750,skin,17,-0.731,-0.695,-0.146
2750,skin,24,-0.741,-0.698,-0.120
2756,skin,6,0.034,0.444,-0.921
2756,skin,8,0.084,-0.111,-0.990
2756,skin,10,0.101,-0.608,-0.758
2756,skin,13,0.169,-0.611,-0.747
2756,skin,17,0.245,-0.615,-0.734
2756,skin,24,0.296,-0.618,-0.725
2763,skin,6,-1.054,0.387,0.059
2763,skin,8,-1.000,-0.232,0.340
2763,skin,10,-0.572,-0.727,0.397
2763,skin,13,-0.565,-0.733,0.414
2763,skin,17,-0.557,-0.739,0.433
2763,skin,24,-0.551,-0.743,0.445
2771,notochord,6,0.033,0.863,0.443
2771,notochord,8,0.037,0.735,0.633
2771,notochord,10,0.034,0.565,0.788
2771,notochord,13,0.015,0.525,0.843
2771,notochord,17,0.006,0.505,0.870
2771,notochord,24,0.000,0.492,0.888
2778,muscle,6,0.073,0.930,0.410
2778,muscle,8,0.083,0.821,0.594
2778,muscle,10,0.077,0.677,0.752
2778,muscle,13,0.093,0.637,0.780
2778,muscle,17,0.103,0.614,0.797
2778,muscle,24,0.109,0.598,0.809
2779,notochord,6,0.064,0.880,0.436
2779,notochord,8,0.073,0.754,0.627
2779,notochord,10,0.066,0.589,0.784
2779,notochord,13,0.030,0.548,0.834
2779,notochord,17,0.012,0.528,0.859
2779,notochord,24,0.000,0.514,0.875
2783,skin,6,-0.681,0.484,0.709
2783,skin,8,-0.608,-0.086,0.868
2783,skin,10,-0.363,-0.601,0.744
2783,skin,13,-0.355,-0.605,0.752
2783,skin,17,-0.346,-0.608,0.761
2783,skin,24,-0.341,-0.610,0.767
2786,skin,6,0.045,0.663,-0.758
2786,skin,8,0.125,0.284,-0.941
2786,skin,10,0.197,-0.131,-0.945
2786,skin,13,0.280,-0.132,-0.926
2786,skin,17,0.372,-0.133,-0.904
2786,skin,24,0.433,-0.133,-0.889
2788,skin,6,0.330,0.819,-0.505
2788,skin,8,0.650,0.585,-0.518
2788,skin,10,0.911,0.303,-0.348
2788,skin,13,0.933,0.305,-0.301
2788,skin,17,0.957,0.307,-0.248
2788,skin,24,0.973,0.308,-0.213
2793,notochord,6,0.070,0.866,0.524
2793,notochord,8,0.078,0.690,0.738
2793,notochord,10,0.069,0.463,0.897
2793,notochord,13,0.031,0.389,0.932
2793,notochord,17,0.012,0.353,0.949
2793,notochord,24,0.000,0.329,0.960
2795,skin,6,-0.926,0.267,0.310
2795,skin,8,-0.796,-0.342,0.497
2795,skin,10,-0.368,-0.812,0.378
2795,skin,13,-0.361,-0.815,0.386
2795,skin,17,-0.353,-0.819,0.396
2795,skin,24,-0.348,-0.822,0.403
2804,skin,6,-0.809,0.341,0.480
2804,skin,8,-0.714,-0.229,0.648
2804,skin,10,-0.382,-0.718,0.526
2804,skin,13,-0.374,-0.722,0.536
2804,skin,17,-0.366,-0.727,0.546
2804,skin,24,-0.361,-0.731,0.553
2805,skin,6,0.798,0.747,0.113
2805,skin,8,0.924,0.382,0.392
2805,skin,10,0.805,-0.016,0.636
2805,skin,13,0.793,-0.016,0.659
2805,skin,17,0.780,-0.016,0.685
2805,skin,24,0.772,-0.016,0.702
2806,skin,6,-0.189,0.803,-0.548
2806,skin,8,-0.446,0.582,-0.665
2806,skin,10,-0.707,0.310,-0.630
2806,skin,13,-0.750,0.311,-0.586
2806,skin,17,-0.798,0.313,-0.536
2806,skin,24,-0.830,0.314,-0.503
2807,skin,6,0.921,0.338,0.395
2807,skin,8,0.805,-0.268,0.584
2807,skin,10,0.413,-0.757,0.476
2807,skin,13,0.406,-0.762,0.486
2807,skin,17,0.397,-0.767,0.498
2807,skin,24,0.392,-0.770,0.505
2810,notochord,6,-0.009,0.273,0.968
2810,notochord,8,-0.007,-0.366,0.936
2810,notochord,10,-0.003,-0.856,0.525
2810,notochord,13,-0.001,-0.958,0.297
2810,notochord,17,-0.000,-1.009,0.185
2810,notochord,24,0.000,-1.042,0.111
2816,neural,6,0.103,0.988,0.325
2816,neural,8,0.119,0.914,0.481
2816,neural,10,0.112,0.815,0.625
2816,neural,13,0.084,0.820,0.665
2816,neural,17,0.059,0.825,0.701
2816,neural,24,0.042,0.828,0.725
2826,skin,6,-0.428,0.825,-0.295
2826,skin,8,-0.715,0.660,-0.198
2826,skin,10,-0.903,0.447,0.051
2826,skin,13,-0.901,0.448,0.087
2826,skin,17,-0.900,0.450,0.128
2826,skin,24,-0.899,0.451,0.155
2827,skin,6,-0.158,0.249,1.008
2827,skin,8,-0.117,-0.432,0.946
2827,skin,10,-0.043,-0.926,0.480
2827,skin,13,-0.042,-0.930,0.482
2827,skin,17,-0.041,-0.935,0.485
2827,skin,24,-0.040,-0.938,0.486
2829,notochord,6,-0.040,0.953,0.364
2829,notochord,8,-0.046,0.869,0.531
2829,notochord,10,-0.043,0.756,0.680
2829,notochord,13,-0.019,0.727,0.708
2829,notochord,17,-0.008,0.713,0.723
2829,notochord,24,0.000,0.703,0.732
2846,skin,6,0.639,0.645,-0.439
2846,skin,8,0.955,0.275,-0.262
2846,skin,10,1.015,-0.136,0.059
2846,skin,13,1.014,-0.137,0.100
2846,skin,17,1.013,-0.138,0.146
2846,skin,24,1.013,-0.138,0.176
2851,skin,6,0.775,0.680,-0.338
2851,skin,8,1.040,0.271,-0.092
2851,skin,10,1.002,-0.162,0.236
2851,skin,13,0.997,-0.163,0.273
2851,skin,17,0.992,-0.164,0.314
2851,skin,24,0.989,-0.165,0.341
2853,skin,6,0.029,0.689,-0.795
2853,skin,8,0.082,0.286,-0.974
2853,skin,10,0.128,-0.141,-0.966
2853,skin,13,0.216,-0.142,-0.953
2853,skin,17,0.313,-0.143,-0.938
2853,skin,24,0.378,-0.144,-0.928
2856,notochord,6,0.133,0.445,0.893
2856,notochord,8,0.117,-0.098,0.993
2856,notochord,10,0.068,-0.609,0.793
2856,notochord,13,0.031,-0.751,0.647
2856,notochord,17,0.012,-0.821,0.575
2856,notochord,24,0.000,-0.867,0.527
2859,skin,6,0.489,0.811,-0.426
2859,skin,8,0.818,0.552,-0.327
2859,skin,10,1.004,0.246,-0.054
2859,skin,13,1.010,0.248,-0.011
2859,skin,17,1.016,0.250,0.038
2859,skin,24,1.020,0.251,0.070
2864,skin,6,-0.550,0.821,-0.378
2864,skin,8,-0.865,0.551,-0.238
2864,skin,10,-1.010,0.238,0.059
2864,skin,13,-1.012,0.240,0.100
2864,skin,17,-1.013,0.242,0.146
2864,skin,24,-1.015,0.243,0.176
2866,neural,6,0.164,0.809,0.628
2866,neural,8,0.176,0.547,0.859
2866,neural,10,0.148,0.226,0.992
2866,neural,13,0.103,0.147,1.035
2866,neural,17,0.062,0.076,1.073
2866,neural,24,0.035,0.029,1.098
2867,skin,6,-0.585,0.741,-0.292
2867,skin,8,-0.880,0.481,-0.121
2867,skin,10,-0.988,0.165,0.186
2867,skin,13,-0.982,0.166,0.222
2867,skin,17,-0.975,0.166,0.262
2867,skin,24,-0.971,0.167,0.289
2871,neural,6,0.090,0.754,0.767
2871,neural,8,0.092,0.394,0.997
2871,neural,10,0.072,-0.025,1.070
2871,neural,13,0.050,-0.132,1.069
2871,neural,17,0.029,-0.229,1.069
2871,neural,24,0.016,-0.294,1.069
2878,skin,6,0.521,0.913,-0.115
2878,skin,8,0.735,0.737,0.064
2878,skin,10,0.807,0.525,0.335
2878,skin,13,0.800,0.528,0.362
2878,skin,17,0.791,0.532,0.392
2878,skin,24,0.786,0.535,0.411
2881,notochord,6,0.042,0.916,0.328
2881,notochord,8,0.049,0.845,0.481
2881,notochord,10,0.046,0.748,0.620
2881,notochord,13,0.021,0.743,0.663
2881,notochord,17,0.008,0.740,0.684
2881,notochord,24,0.000,0.738,0.697
2885,skin,6,0.680,0.470,-0.618
2885,skin,8,0.957,-0.056,-0.407
2885,skin,10,0.851,-0.548,-0.064
2885,skin,13,0.856,-0.551,-0.027
2885,skin,17,0.862,-0.554,0.014
2885,skin,24,0.865,-0.556,0.042
2890,skin,6,0.640,0.766,0.131
2890,skin,8,0.782,0.514,0.382
2890,skin,10,0.738,0.208,0.639
2890,skin,13,0.725,0.209,0.657
2890,skin,17,0.711,0.210,0.678
2890,skin,24,0.701,0.211,0.692
2894,notochord,6,-0.149,0.173,0.951
2894,notochord,8,-0.104,-0.483,0.843
2894,notochord,10,-0.031,-0.914,0.340
2894,notochord,13,-0.014,-1.046,0.073
2894,notochord,17,-0.005,-1.111,-0.058
2894,notochord,24,0.000,-1.154,-0.146
2900,skin,6,0.807,0.303,-0.547
2900,skin,8,0.947,-0.302,-0.254
2900,skin,10,0.601,-0.782,0.039
2900,skin,13,0.600,-0.785,0.063
2900,skin,17,0.600,-0.789,0.090
2900,skin,24,0.599,-0.792,0.107
2901,skin,6,-0.177,0.995,0.102
2901,skin,8,-0.221,0.954,0.197
2901,skin,10,-0.225,0.905,0.305
2901,skin,13,-0.220,0.911,0.310
2901,skin,17,-0.216,0.918,0.316
2901,skin,24,-0.212,0.922,0.320
2902,notochord,6,0.039,0.931,0.423
2902,notochord,8,0.045,0.819,0.610
2902,notochord,10,0.041,0.669,0.769
2902,notochord,13,0.018,0.625,0.801
2902,notochord,17,0.007,0.603,0.817
2902,notochord,24,0.000,0.588,0.827
2908,skin,6,0.119,0.975,-0.262
2908,skin,8,0.276,0.906,-0.319
2908,skin,10,0.458,0.821,-0.299
2908,skin,13,0.478,0.826,-0.272
2908,skin,17,0.500,0.831,-0.243
2908,skin,24,0.515,0.834,-0.223
2912,skin,6,-0.503,0.462,0.812
2912,skin,8,-0.443,-0.104,0.939
2912,skin,10,-0.258,-0.623,0.768
2912,skin,13,-0.253,-0.626,0.775
2912,skin,17,-0.247,-0.630,0.782
2912,skin,24,-0.242,-0.633,0.787
2928,skin,6,0.498,0.561,0.766
2928,skin,8,0.465,0.055,0.944
2928,skin,10,0.307,-0.448,0.875
2928,skin,13,0.300,-0.450,0.881
2928,skin,17,0.293,-0.453,0.889
2928,skin,24,0.287,-0.454,0.894
2932,skin,6,-0.393,0.738,-0.570
2932,skin,8,-0.736,0.433,-0.554
2932,skin,10,-0.965,0.080,-0.336
2932,skin,13,-0.986,0.080,-0.286
2932,skin,17,-1.008,0.080,-0.232
2932,skin,24,-1.024,0.081,-0.195
2934,skin,6,0.888,0.552,-0.070
2934,skin,8,1.020,0.087,0.217
2934,skin,10,0.819,-0.383,0.451
2934,skin,13,0.808,-0.385,0.475
2934,skin,17,0.796,-0.388,0.503
2934,skin,24,0.788,-0.389,0.521
2936,skin,6,0.290,0.988,0.079
2936,skin,8,0.374,0.916,0.208
2936,skin,10,0.389,0.830,0.369
2936,skin,13,0.382,0.835,0.379
2936,skin,17,0.375,0.841,0.390
2936,skin,24,0.370,0.845,0.398
2949,notochord,6,-0.091,0.791,0.566
2949,notochord,8,-0.099,0.575,0.783
2949,notochord,10,-0.085,0.304,0.923
2949,notochord,13,-0.038,0.215,0.968
2949,notochord,17,-0.015,0.171,0.990
2949,notochord,24,0.000,0.142,1.005
2950,skin,6,0.624,0.641,-0.439
2950,skin,8,0.944,0.279,-0.270
2950,skin,10,1.014,-0.129,0.049
2950,skin,13,1.013,-0.130,0.090
2950,skin,17,1.012,-0.130,0.135
2950,skin,24,1.011,-0.130,0.166
2957,neural,6,-0.034,0.546,0.905
2957,neural,8,-0.032,0.030,1.054
2957,neural,10,-0.020,-0.491,0.931
2957,neural,13,-0.014,-0.618,0.859
2957,neural,17,-0.009,-0.732,0.794
2957,neural,24,-0.005,-0.809,0.751
2959,neural,6,0.262,0.492,0.865
2959,neural,8,0.236,-0.035,0.996
2959,neural,10,0.145,-0.548,0.845
2959,neural,13,0.103,-0.679,0.771
2959,neural,17,0.065,-0.796,0.705
2959,neural,24,0.040,-0.875,0.661
2961,skin,6,-0.098,1.039,0.139
2961,skin,8,-0.117,1.005,0.220
2961,skin,10,-0.114,0.966,0.301
2961,skin,13,-0.111,0.971,0.304
2961,skin,17,-0.108,0.977,0.307
2961,skin,24,-0.106,0.981,0.308
2964,muscle,6,0.273,0.765,0.527
2964,muscle,8,0.298,0.537,0.749
2964,muscle,10,0.257,0.251,0.897
2964,muscle,13,0.165,0.164,0.950
2964,muscle,17,0.110,0.112,0.982
2964,muscle,24,0.073,0.077,1.003
2968,skin,6,-0.718,0.744,-0.236
2968,skin,8,-0.975,0.412,-0.004
2968,skin,10,-0.984,0.039,0.316
2968,skin,13,-0.977,0.039,0.350
2968,skin,17,-0.969,0.040,0.388
2968,skin,24,-0.963,0.040,0.414
2991,muscle,6,-0.366,0.562,0.742
2991,muscle,8,-0.351,0.116,0.924
2991,muscle,10,-0.243,-0.353,0.890
2991,muscle,13,-0.168,-0.493,0.836
2991,muscle,17,-0.122,-0.576,0.804
2991,muscle,24,-0.092,-0.632,0.782
2993,skin,6,-0.747,0.248,-0.692
2993,skin,8,-0.879,-0.403,-0.383
2993,skin,10,-0.488,-0.859,-0.042
2993,skin,13,-0.491,-0.864,-0.020
2993,skin,17,-0.495,-0.869,0.004
2993,skin,24,-0.497,-0.873,0.020
2998,skin,6,-0.053,0.401,-0.888
2998,skin,8,-0.127,-0.145,-0.951
2998,skin,10,-0.149,-0.638,-0.708
2998,skin,13,-0.210,-0.641,-0.692
2998,skin,17,-0.278,-0.644,-0.675
2998,skin,24,-0.324,-0.646,-0.663
3002,skin,6,0.919,0.432,0.245
3002,skin,8,0.896,-0.110,0.495
3002,skin,10,0.570,-0.605,0.536
3002,skin,13,0.560,-0.608,0.551
3002,skin,17,0.548,-0.612,0.567
3002,skin,24,0.541,-0.614,0.577
3004,notochord,6,-0.031,0.333,0.924
3004,notochord,8,-0.025,-0.259,0.947
3004,notochord,10,-0.012,-0.756,0.626
3004,notochord,13,-0.006,-0.877,0.433
3004,notochord,17,-0.002,-0.937,0.339
3004,notochord,24,0.000,-0.977,0.276
3010,skin,6,-0.459,0.847,0.433
3010,skin,8,-0.510,0.605,0.670
3010,skin,10,-0.447,0.315,0.850
3010,skin,13,-0.438,0.317,0.861
3010,skin,17,-0.428,0.319,0.873
3010,skin,24,-0.422,0.321,0.881
3013,neural,6,-0.103,0.682,0.762
3013,neural,8,-0.104,0.306,0.973
3013,neural,10,-0.079,-0.121,1.013
3013,neural,13,-0.055,-0.237,1.015
3013,neural,17,-0.033,-0.340,1.016
3013,neural,24,-0.018,-0.409,1.017
3014,skin,6,0.322,0.510,-0.819
3014,skin,8,0.612,0.008,-0.808
3014,skin,10,0.697,-0.477,-0.538
3014,skin,13,0.733,-0.479,-0.496
3014,skin,17,0.774,-0.482,-0.450
3014,skin,24,0.801,-0.484,-0.418
3018,muscle,6,-0.154,0.348,0.903
3018,muscle,8,-0.126,-0.232,0.943
3018,muscle,10,-0.063,-0.730,0.647
3018,muscle,13,-0.073,-0.842,0.481
3018,muscle,17,-0.079,-0.910,0.382
3018,muscle,24,-0.083,-0.955,0.316
3019,skin,6,0.003,1.031,-0.314
3019,skin,8,0.010,0.935,-0.443
3019,skin,10,0.019,0.823,-0.552
3019,skin,13,0.071,0.830,-0.548
3019,skin,17,0.128,0.837,-0.545
3019,skin,24,0.167,0.842,-0.543
3024,skin,6,0.888,0.645,-0.045
3024,skin,8,1.031,0.203,0.247
3024,skin,10,0.863,-0.250,0.500
3024,skin,13,0.852,-0.252,0.527
3024,skin,17,0.841,-0.254,0.557
3024,skin,24,0.833,-0.255,0.576
3026,notochord,6,-0.014,0.798,0.606
3026,notochord,8,-0.015,0.563,0.828
3026,notochord,10,-0.013,0.269,0.963
3026,notochord,13,-0.006,0.169,0.990
3026,notochord,17,-0.002,0.120,1.003
3026,notochord,24,0.000,0.088,1.011
3036,skin,6,0.976,0.339,0.213
3036,skin,8,0.893,-0.260,0.448
3036,skin,10,0.481,-0.748,0.423
3036,skin,13,0.472,-0.752,0.436
3036,skin,17,0.463,-0.756,0.450
3036,skin,24,0.457,-0.759,0.459
3037,skin,6,-0.393,0.792,-0.457
3037,skin,8,-0.721,0.562,-0.422
3037,skin,10,-0.960,0.280,-0.203
3037,skin,13,-0.972,0.281,-0.157
3037,skin,17,-0.985,0.282,-0.106
3037,skin,24,-0.994,0.283,-0.073
3038,muscle,6,0.168,0.786,0.594
3038,muscle,8,0.181,0.542,0.818
3038,muscle,10,0.153,0.239,0.954
3038,muscle,13,0.125,0.146,0.979
3038,muscle,17,0.107,0.090,0.994
3038,muscle,24,0.096,0.052,1.004
3039,notochord,6,0.018,0.713,0.673
3039,notochord,8,0.019,0.413,0.889
3039,notochord,10,0.015,0.055,0.978
3039,notochord,13,0.007,-0.071,0.990
3039,notochord,17,0.003,-0.133,0.996
3039,notochord,24,0.000,-0.174,1.000
3042,skin,6,-0.388,0.996,0.087
3042,skin,8,-0.494,0.880,0.251
3042,skin,10,-0.504,0.743,0.448
3042,skin,13,-0.496,0.749,0.462
3042,skin,17,-0.488,0.755,0.478
3042,skin,24,-0.482,0.759,0.488
3044,skin,6,-0.198,0.908,-0.289
3044,skin,8,-0.414,0.828,-0.313
3044,skin,10,-0.635,0.721,-0.222
3044,skin,13,-0.648,0.724,-0.190
3044,skin,17,-0.662,0.727,-0.153
3044,skin,24,-0.671,0.729,-0.129
3051,skin,6,0.828,0.549,0.373
3051,skin,8,0.831,0.064,0.623
3051,skin,10,0.588,-0.416,0.694
3051,skin,13,0.577,-0.418,0.709
3051,skin,17,0.565,-0.421,0.725
3051,skin,24,0.557,-0.423,0.736
3052,skin,6,-0.391,0.891,0.111
3052,skin,8,-0.503,0.792,0.287
3052,skin,10,-0.520,0.661,0.500
3052,skin,13,-0.510,0.664,0.512
3052,skin,17,-0.499,0.667,0.526
3052,skin,24,-0.492,0.670,0.536
3055,neural,6,-0.014,0.820,0.700
3055,neural,8,-0.015,0.526,0.938
3055,neural,10,-0.012,0.168,1.060
3055,neural,13,-0.008,0.078,1.079
3055,neural,17,-0.005,-0.003,1.096
3055,neural,24,-0.003,-0.057,1.107
3059,neural,6,-0.118,0.990,0.377
3059,neural,8,-0.135,0.893,0.553
3059,neural,10,-0.126,0.765,0.710
3059,neural,13,-0.092,0.757,0.753
3059,neural,17,-0.062,0.749,0.792
3059,neural,24,-0.041,0.744,0.817
3061,skin,6,-0.012,0.967,-0.459
3061,skin,8,-0.039,0.810,-0.634
3061,skin,10,-0.073,0.625,-0.763
3061,skin,13,-0.143,0.630,-0.755
3061,skin,17,-0.221,0.636,-0.746
3061,skin,24,-0.273,0.639,-0.740
3070,notochord,6,-0.154,0.406,0.931
3070,notochord,8,-0.130,-0.179,1.000
3070,notochord,10,-0.070,-0.702,0.739
3070,notochord,13,-0.032,-0.825,0.561
3070,notochord,17,-0.013,-0.886,0.474
3070,notochord,24,0.000,-0.926,0.416
3078,skin,6,-0.208,0.990,-0.387
3078,skin,8,-0.444,0.844,-0.433
3078,skin,10,-0.679,0.672,-0.352
3078,skin,13,-0.703,0.678,-0.315
3078,skin,17,-0.731,0.684,-0.274
3078,skin,24,-0.749,0.688,-0.247
3087,notochord,6,0.050,0.871,0.399
3087,notochord,8,0.057,0.764,0.577
3087,notochord,10,0.053,0.622,0.728
3087,notochord,13,0.024,0.599,0.786
3087,notochord,17,0.009,0.587,0.814
3087,notochord,24,0.000,0.580,0.833
3096,notochord,6,-0.008,0.307,0.974
3096,notochord,8,-0.006,-0.328,0.966
3096,notochord,10,-0.003,-0.835,0.584
3096,notochord,13,-0.001,-0.931,0.363
3096,notochord,17,-0.000,-0.978,0.255
3096,notochord,24,0.000,-1.010,0.182
3105,neural,6,-0.015,0.850,0.629
3105,neural,8,-0.016,0.609,0.861
3105,neural,10,-0.014,0.308,1.007
3105,neural,13,-0.009,0.236,1.043
3105,neural,17,-0.006,0.171,1.075
3105,neural,24,-0.003,0.128,1.096
3107,skin,6,0.688,0.724,-0.458
3107,skin,8,1.002,0.330,-0.261
3107,skin,10,1.046,-0.089,0.075
3107,skin,13,1.048,-0.090,0.118
3107,skin,17,1.050,-0.090,0.165
3107,skin,24,1.052,-0.091,0.196
3110,notochord,6,0.073,0.702,0.662
3110,notochord,8,0.076,0.405,0.875
3110,notochord,10,0.061,0.051,0.964
3110,notochord,13,0.028,-0.076,0.983
3110,notochord,17,0.011,-0.138,0.993
3110,notochord,24,0.000,-0.179,0.999
3112,skin,6,0.041,1.012,-0.079
3112,skin,8,0.093,0.986,-0.094
3112,skin,10,0.154,0.959,-0.084
3112,skin,13,0.160,0.965,-0.075
3112,skin,17,0.166,0.971,-0.066
3112,skin,24,0.170,0.975,-0.059
3114,skin,6,0.812,0.614,-0.417
3114,skin,8,1.068,0.140,-0.159
3114,skin,10,0.972,-0.331,0.173
3114,skin,13,0.971,-0.333,0.210
3114,skin,17,0.968,-0.336,0.251
3114,skin,24,0.967,-0.338,0.279
3115,notochord,6,-0.015,0.605,0.806
3115,notochord,8,-0.014,0.181,0.990
3115,notochord,10,-0.010,-0.280,0.966
3115,notochord,13,-0.005,-0.431,0.902
3115,notochord,17,-0.002,-0.506,0.871
3115,notochord,24,0.000,-0.555,0.850
3117,skin,6,0.770,0.668,0.079
3117,skin,8,0.911,0.314,0.351
3117,skin,10,0.803,-0.084,0.598
3117,skin,13,0.790,-0.085,0.620
3117,skin,17,0.775,-0.085,0.644
3117,skin,24,0.766,-0.085,0.660
3124,skin,6,0.018,0.992,0.142
3124,skin,8,0.021,0.978,0.213
3124,skin,10,0.020,0.959,0.282
3124,skin,13,0.020,0.972,0.286
3124,skin,17,0.020,0.987,0.291
3124,skin,24,0.019,0.997,0.294
3147,neural,6,-0.310,0.875,0.532
3147,neural,8,-0.339,0.644,0.764
3147,neural,10,-0.295,0.362,0.927
3147,neural,13,-0.206,0.300,0.990
3147,neural,17,-0.126,0.245,1.047
3147,neural,24,-0.073,0.208,1.086
3148,notochord,6,-0.106,0.659,0.748
3148,notochord,8,-0.106,0.288,0.953
3148,notochord,10,-0.080,-0.134,0.987
3148,notochord,13,-0.036,-0.279,0.958
3148,notochord,17,-0.014,-0.350,0.944
3148,notochord,24,0.000,-0.397,0.934
3151,skin,6,-0.427,0.871,0.151
3151,skin,8,-0.537,0.748,0.346
3151,skin,10,-0.540,0.587,0.569
3151,skin,13,-0.530,0.590,0.582
3151,skin,17,-0.519,0.593,0.596
3151,skin,24,-0.511,0.595,0.606
3155,skin,6,-0.779,0.576,0.435
3155,skin,8,-0.782,0.107,0.678
3155,skin,10,-0.561,-0.366,0.745
3155,skin,13,-0.550,-0.368,0.759
3155,skin,17,-0.539,-0.371,0.774
3155,skin,24,-0.531,-0.373,0.785
3173,notochord,6,0.041,0.271,0.940
3173,notochord,8,0.031,-0.349,0.913
3173,notochord,10,0.013,-0.828,0.519
3173,notochord,13,0.006,-0.943,0.302
3173,notochord,17,0.002,-0.999,0.194
3173,notochord,24,0.000,-1.037,0.123
3180,skin,6,-0.137,0.905,-0.437
3180,skin,8,-0.340,0.760,-0.554
3180,skin,10,-0.574,0.580,-0.566
3180,skin,13,-0.614,0.584,-0.529
3180,skin,17,-0.658,0.587,-0.488
3180,skin,24,-0.688,0.590,-0.461
3185,skin,6,-0.665,0.314,-0.767
3185,skin,8,-0.866,-0.322,-0.501
3185,skin,10,-0.587,-0.801,-0.121
3185,skin,13,-0.595,-0.806,-0.093
3185,skin,17,-0.605,-0.812,-0.063
3185,skin,24,-0.611,-0.816,-0.042
3192,skin,6,0.579,0.845,-0.347
3192,skin,8,0.883,0.572,-0.188
3192,skin,10,1.005,0.259,0.117
3192,skin,13,1.006,0.261,0.156
3192,skin,17,1.006,0.263,0.201
3192,skin,24,1.006,0.265,0.230
3193,skin,6,-0.504,0.862,-0.380
3193,skin,8,-0.816,0.618,-0.262
3193,skin,10,-0.986,0.332,0.016
3193,skin,13,-0.989,0.335,0.057
3193,skin,17,-0.994,0.338,0.103
3193,skin,24,-0.996,0.339,0.133
3196,neural,6,0.355,0.804,0.608
3196,neural,8,0.377,0.505,0.845
3196,neural,10,0.311,0.152,0.976
3196,neural,13,0.216,0.064,1.027
3196,neural,17,0.130,-0.016,1.072
3196,neural,24,0.073,-0.069,1.103
3204,neural,6,0.142,0.872,0.512
3204,neural,8,0.158,0.695,0.727
3204,neural,10,0.140,0.468,0.889
3204,neural,13,0.099,0.425,0.947
3204,neural,17,0.062,0.387,0.999
3204,neural,24,0.037,0.361,1.034
3211,skin,6,0.814,0.614,-0.074
3211,skin,8,0.988,0.218,0.200
3211,skin,10,0.869,-0.213,0.468
3211,skin,13,0.857,-0.214,0.494
3211,skin,17,0.844,-0.215,0.523
3211,skin,24,0.835,-0.216,0.542
3213,skin,6,-0.775,0.613,0.445
3213,skin,8,-0.782,0.152,0.692
3213,skin,10,-0.571,-0.316,0.771
3213,skin,13,-0.560,-0.318,0.786
3213,skin,17,-0.548,-0.321,0.801
3213,skin,24,-0.541,-0.322,0.812
3225,skin,6,-0.296,0.648,-0.763
3225,skin,8,-0.602,0.225,-0.805
3225,skin,10,-0.781,-0.217,-0.612
3225,skin,13,-0.824,-0.219,-0.565
3225,skin,17,-0.871,-0.220,-0.513
3225,skin,24,-0.903,-0.221,-0.478
3228,skin,6,0.026,0.059,-0.969
3228,skin,8,0.046,-0.619,-0.741
3228,skin,10,0.011,-0.955,-0.116
3228,skin,13,0.022,-0.959,-0.114
3228,skin,17,0.033,-0.963,-0.112
3228,skin,24,0.041,-0.966,-0.111
3230,skin,6,0.128,1.051,-0.071
3230,skin,8,0.210,1.003,-0.037
3230,skin,10,0.270,0.952,0.040
3230,skin,13,0.270,0.959,0.051
3230,skin,17,0.269,0.967,0.062
3230,skin,24,0.269,0.972,0.070
3234,skin,6,-0.514,0.465,-0.842
3234,skin,8,-0.807,-0.119,-0.692
3234,skin,10,-0.747,-0.621,-0.320
3234,skin,13,-0.769,-0.626,-0.281
3234,skin,17,-0.794,-0.631,-0.238
3234,skin,24,-0.810,-0.635,-0.209
3240,skin,6,0.949,0.357,0.155
3240,skin,8,0.907,-0.213,0.405
3240,skin,10,0.528,-0.704,0.431
3240,skin,13,0.518,-0.707,0.444
3240,skin,17,0.508,-0.710,0.459
3240,skin,24,0.501,-0.712,0.469
3249,skin,6,-0.010,1.073,-0.093
3249,skin,8,-0.031,1.025,-0.132
3249,skin,10,-0.059,0.976,-0.163
3249,skin,13,-0.073,0.984,-0.158
3249,skin,17,-0.088,0.992,-0.153
3249,skin,24,-0.099,0.998,-0.150
3255,muscle,6,0.111,0.916,0.308
3255,muscle,8,0.129,0.846,0.460
3255,muscle,10,0.122,0.752,0.601
3255,muscle,13,0.100,0.746,0.641
3255,muscle,17,0.087,0.742,0.665
3255,muscle,24,0.078,0.740,0.682
3258,skin,6,-0.253,0.682,-0.753
3258,skin,8,-0.541,0.283,-0.829
3258,skin,10,-0.738,-0.142,-0.680
3258,skin,13,-0.786,-0.143,-0.634
3258,skin,17,-0.841,-0.145,-0.583
3258,skin,24,-0.877,-0.145,-0.549
3259,skin,6,-0.017,0.839,-0.672
3259,skin,8,-0.052,0.547,-0.875
3259,skin,10,-0.090,0.216,-0.963
3259,skin,13,-0.178,0.218,-0.953
3259,skin,17,-0.277,0.220,-0.942
3259,skin,24,-0.343,0.221,-0.935
3267,notochord,6,0.065,0.698,0.660
3267,notochord,8,0.068,0.402,0.872
3267,notochord,10,0.054,0.050,0.960
3267,notochord,13,0.024,-0.077,0.981
3267,notochord,17,0.010,-0.139,0.992
3267,notochord,24,0.000,-0.180,0.999
3273,skin,6,-0.529,0.690,0.545
3273,skin,8,-0.553,0.335,0.782
3273,skin,10,-0.439,-0.066,0.892
3273,skin,13,-0.431,-0.067,0.904
3273,skin,17,-0.421,-0.068,0.917
3273,skin,24,-0.415,-0.068,0.926
3275,muscle,6,0.332,0.656,0.678
3275,muscle,8,0.336,0.289,0.892
3275,muscle,10,0.257,-0.126,0.947
3275,muscle,13,0.175,-0.256,0.938
3275,muscle,17,0.126,-0.334,0.932
3275,muscle,24,0.093,-0.386,0.929
3277,skin,6,-0.043,0.087,-1.039
3277,skin,8,-0.076,-0.621,-0.797
3277,skin,10,-0.024,-0.968,-0.162
3277,skin,13,-0.039,-0.975,-0.159
3277,skin,17,-0.055,-0.982,-0.157
3277,skin,24,-0.066,-0.987,-0.155
3287,muscle,6,0.515,0.459,0.746
3287,muscle,8,0.463,-0.070,0.890
3287,muscle,10,0.281,-0.571,0.759
3287,muscle,13,0.189,-0.704,0.659
3287,muscle,17,0.134,-0.783,0.599
3287,muscle,24,0.098,-0.836,0.559
3291,skin,6,0.564,0.920,0.051
3291,skin,8,0.718,0.724,0.268
3291,skin,10,0.719,0.492,0.525
3291,skin,13,0.709,0.496,0.546
3291,skin,17,0.698,0.500,0.570
3291,skin,24,0.691,0.503,0.586
3305,skin,6,0.998,0.193,0.055
3305,skin,8,0.850,-0.444,0.289
3305,skin,10,0.324,-0.881,0.224
3305,skin,13,0.318,-0.884,0.233
3305,skin,17,0.312,-0.888,0.242
3305,skin,24,0.308,-0.890,0.249
3308,skin,6,-0.248,1.005,0.018
3308,skin,8,-0.337,0.947,0.120
3308,skin,10,-0.367,0.878,0.261
3308,skin,13,-0.361,0.884,0.272
3308,skin,17,-0.356,0.890,0.283
3308,skin,24,-0.352,0.894,0.291
3315,skin,6,-0.611,0.688,0.563
3315,skin,8,-0.623,0.281,0.802
3315,skin,10,-0.476,-0.156,0.887
3315,skin,13,-0.466,-0.157,0.898
3315,skin,17,-0.455,-0.158,0.911
3315,skin,24,-0.448,-0.159,0.919
3321,skin,6,0.845,0.679,-0.212
3321,skin,8,1.056,0.254,0.065
3321,skin,10,0.954,-0.186,0.371
3321,skin,13,0.946,-0.188,0.403
3321,skin,17,0.938,-0.189,0.439
3321,skin,24,0.932,-0.190,0.463
3323,skin,6,0.385,0.572,-0.779
3323,skin,8,0.706,0.096,-0.749
3323,skin,10,0.816,-0.377,-0.476
3323,skin,13,0.848,-0.380,-0.430
3323,skin,17,0.883,-0.383,-0.379
3323,skin,24,0.906,-0.384,-0.345
3324,skin,6,-0.459,0.851,0.488
3324,skin,8,-0.501,0.582,0.729
3324,skin,10,-0.429,0.266,0.896
3324,skin,13,-0.420,0.267,0.905
3324,skin,17,-0.409,0.269,0.915
3324,skin,24,-0.402,0.270,0.922
3327,skin,6,0.291,0.244,-0.951
3327,skin,8,0.476,-0.410,-0.792
3327,skin,10,0.327,-0.864,-0.332
3327,skin,13,0.351,-0.869,-0.311
3327,skin,17,0.377,-0.874,-0.287
3327,skin,24,0.395,-0.878,-0.272
3328,skin,6,0.458,0.609,0.752
3328,skin,8,0.439,0.139,0.948
3328,skin,10,0.306,-0.348,0.923
3328,skin,13,0.299,-0.350,0.929
3328,skin,17,0.291,-0.351,0.936
3328,skin,24,0.286,-0.353,0.941
3329,skin,6,0.081,0.806,-0.657
3329,skin,8,0.222,0.520,-0.843
3329,skin,10,0.370,0.192,-0.897
3329,skin,13,0.444,0.193,-0.868
3329,skin,17,0.527,0.194,-0.836
3329,skin,24,0.582,0.195,-0.814
3331,notochord,6,-0.102,0.732,0.638
3331,notochord,8,-0.108,0.456,0.856
3331,notochord,10,-0.089,0.122,0.963
3331,notochord,13,-0.040,0.005,0.990
3331,notochord,17,-0.016,-0.052,1.003
3331,notochord,24,0.000,-0.090,1.011
3332,skin,6,0.723,0.362,0.726
3332,skin,8,0.596,-0.267,0.826
3332,skin,10,0.294,-0.772,0.587
3332,skin,13,0.288,-0.776,0.593
3332,skin,17,0.281,-0.781,0.601
3332,skin,24,0.277,-0.785,0.606
3340,skin,6,0.465,0.972,0.130
3340,skin,8,0.576,0.817,0.326
3340,skin,10,0.569,0.634,0.545
3340,skin,13,0.560,0.639,0.561
3340,skin,17,0.550,0.644,0.578
3340,skin,24,0.544,0.648,0.590
3343,skin,6,-0.097,0.717,-0.674
3343,skin,8,-0.260,0.410,-0.853
3343,skin,10,-0.421,0.052,-0.881
3343,skin,13,-0.491,0.052,-0.847
3343,skin,17,-0.569,0.052,-0.810
3343,skin,24,-0.621,0.053,-0.785
3347,skin,6,0.445,0.797,0.459
3347,skin,8,0.491,0.545,0.696
3347,skin,10,0.426,0.241,0.867
3347,skin,13,0.418,0.243,0.879
3347,skin,17,0.409,0.245,0.892
3347,skin,24,0.403,0.247,0.901
3349,skin,6,0.536,0.694,0.572
3349,skin,8,0.554,0.322,0.808
3349,skin,10,0.433,-0.092,0.905
3349,skin,13,0.424,-0.093,0.916
3349,skin,17,0.414,-0.094,0.928
3349,skin,24,0.408,-0.094,0.937
3353,skin,6,0.273,0.877,-0.429
3353,skin,8,0.557,0.706,-0.456
3353,skin,10,0.819,0.496,-0.327
3353,skin,13,0.839,0.498,-0.285
3353,skin,17,0.862,0.501,-0.237
3353,skin,24,0.877,0.503,-0.205
3361,skin,6,0.878,0.350,-0.402
3361,skin,8,1.000,-0.230,-0.106
3361,skin,10,0.666,-0.720,0.146
3361,skin,13,0.662,-0.723,0.170
3361,skin,17,0.657,-0.727,0.197
3361,skin,24,0.654,-0.729,0.215
3370,skin,6,-0.115,0.792,-0.634
3370,skin,8,-0.301,0.519,-0.804
3370,skin,10,-0.494,0.200,-0.834
3370,skin,13,-0.559,0.201,-0.798
3370,skin,17,-0.632,0.202,-0.758
3370,skin,24,-0.680,0.203,-0.731
3371,skin,6,-0.740,0.661,-0.130
3371,skin,8,-0.958,0.323,0.121
3371,skin,10,-0.918,-0.065,0.419
3371,skin,13,-0.906,-0.065,0.448
3371,skin,17,-0.892,-0.066,0.479
3371,skin,24,-0.884,-0.066,0.500
3375,skin,6,-0.111,1.037,0.107
3375,skin,8,-0.134,1.001,0.179
3375,skin,10,-0.132,0.961,0.255
3375,skin,13,-0.129,0.967,0.258
3375,skin,17,-0.126,0.974,0.261
3375,skin,24,-0.124,0.978,0.264
3376,skin,6,0.436,0.936,-0.156
3376,skin,8,0.654,0.797,-0.018
3376,skin,10,0.763,0.627,0.226
3376,skin,13,0.758,0.631,0.253
3376,skin,17,0.752,0.635,0.283
3376,skin,24,0.748,0.638,0.303
3377,skin,6,0.098,0.958,-0.352
3377,skin,8,0.254,0.856,-0.460
3377,skin,10,0.444,0.730,-0.496
3377,skin,13,0.480,0.735,-0.467
3377,skin,17,0.521,0.740,-0.434
3377,skin,24,0.548,0.743,-0.413
3378,skin,6,-0.394,0.246,-0.851
3378,skin,8,-0.602,-0.371,-0.681
3378,skin,10,-0.419,-0.833,-0.266
3378,skin,13,-0.435,-0.836,-0.241
3378,skin,17,-0.454,-0.839,-0.214
3378,skin,24,-0.466,-0.842,-0.196
3387,skin,6,-0.211,0.893,-0.302
3387,skin,8,-0.438,0.806,-0.325
3387,skin,10,-0.668,0.690,-0.226
3387,skin,13,-0.681,0.692,-0.192
3387,skin,17,-0.695,0.695,-0.154
3387,skin,24,-0.704,0.697,-0.129
3389,skin,6,0.588,0.654,-0.639
3389,skin,8,0.930,0.207,-0.500
3389,skin,10,1.001,-0.248,-0.172
3389,skin,13,1.015,-0.250,-0.126
3389,skin,17,1.030,-0.252,-0.075
3389,skin,24,1.040,-0.254,-0.040
3392,skin,6,0.839,0.555,0.085
3392,skin,8,0.942,0.125,0.363
3392,skin,10,0.753,-0.330,0.561
3392,skin,13,0.740,-0.331,0.580
3392,skin,17,0.726,-0.333,0.602
3392,skin,24,0.716,-0.334,0.617
3396,skin,6,-0.793,0.756,0.045
3396,skin,8,-0.944,0.400,0.322
3396,skin,10,-0.845,0.011,0.586
3396,skin,13,-0.834,0.011,0.611
3396,skin,17,-0.822,0.012,0.639
3396,skin,24,-0.813,0.012,0.658
3405,skin,6,-0.840,0.663,-0.246
3405,skin,8,-1.059,0.232,0.028
3405,skin,10,-0.959,-0.214,0.337
3405,skin,13,-0.952,-0.216,0.371
3405,skin,17,-0.944,-0.217,0.408
3405,skin,24,-0.939,-0.219,0.432
3406,skin,6,-0.411,0.762,0.627
3406,skin,8,-0.429,0.424,0.863
3406,skin,10,-0.344,0.036,0.972
3406,skin,13,-0.336,0.036,0.979
3406,skin,17,-0.327,0.036,0.987
3406,skin,24,-0.322,0.036,0.993
3414,notochord,6,-0.100,0.571,0.796
3414,notochord,8,-0.096,0.141,0.969
3414,notochord,10,-0.067,-0.320,0.927
3414,notochord,13,-0.030,-0.477,0.866
3414,notochord,17,-0.012,-0.553,0.836
3414,notochord,24,0.000,-0.605,0.815
3422,neural,6,0.435,0.546,0.758
3422,neural,8,0.409,0.063,0.933
3422,neural,10,0.273,-0.427,0.869
3422,neural,13,0.192,-0.561,0.836
3422,neural,17,0.120,-0.681,0.807
3422,neural,24,0.072,-0.761,0.787
3428,skin,6,0.280,0.580,-0.735
3428,skin,8,0.577,0.167,-0.784
3428,skin,10,0.747,-0.277,-0.597
3428,skin,13,0.786,-0.279,-0.551
3428,skin,17,0.830,-0.280,-0.500
3428,skin,24,0.859,-0.281,-0.465
3447,skin,6,-0.269,0.705,-0.681
3447,skin,8,-0.572,0.359,-0.753
3447,skin,10,-0.801,-0.029,-0.616
3447,skin,13,-0.842,-0.030,-0.568
3447,skin,17,-0.889,-0.030,-0.514
3447,skin,24,-0.920,-0.030,-0.478
3448,notochord,6,-0.010,0.466,0.842
3448,notochord,8,-0.009,-0.026,0.962
3448,notochord,10,-0.005,-0.511,0.815
3448,notochord,13,-0.002,-0.671,0.709
3448,notochord,17,-0.001,-0.750,0.657
3448,notochord,24,0.000,-0.803,0.622
3449,skin,6,-0.147,0.440,-0.867
3449,skin,8,-0.324,-0.086,-0.921
3449,skin,10,-0.380,-0.578,-0.685
3449,skin,13,-0.434,-0.580,-0.656
3449,skin,17,-0.493,-0.583,-0.623
3449,skin,24,-0.532,-0.585,-0.602
3451,skin,6,0.788,0.646,-0.092
3451,skin,8,0.980,0.275,0.176
3451,skin,10,0.893,-0.138,0.459
3451,skin,13,0.881,-0.139,0.486
3451,skin,17,0.868,-0.139,0.516
3451,skin,24,0.859,-0.140,0.536
3452,skin,6,0.860,0.674,0.167
3452,skin,8,0.946,0.246,0.452
3452,skin,10,0.764,-0.197,0.651
3452,skin,13,0.753,-0.199,0.672
3452,skin,17,0.740,-0.201,0.696
3452,skin,24,0.732,-0.202,0.712
3453,notochord,6,0.008,0.932,0.387
3453,notochord,8,0.009,0.838,0.561
3453,notochord,10,0.008,0.711,0.714
3453,notochord,13,0.004,0.680,0.748
3453,notochord,17,0.001,0.664,0.765
3453,notochord,24,0.000,0.654,0.777
3459,notochord,6,-0.048,0.606,0.786
3459,notochord,8,-0.047,0.196,0.972
3459,notochord,10,-0.034,-0.254,0.958
3459,notochord,13,-0.015,-0.406,0.907
3459,notochord,17,-0.006,-0.481,0.882
3459,notochord,24,0.000,-0.531,0.865
3464,skin,6,0.724,0.472,-0.529
3464,skin,8,0.985,-0.034,-0.301
3464,skin,10,0.864,-0.521,0.026
3464,skin,13,0.864,-0.523,0.062
3464,skin,17,0.865,-0.526,0.101
3464,skin,24,0.865,-0.527,0.128
3465,skin,6,-0.922,0.450,0.181
3465,skin,8,-0.926,-0.079,0.444
3465,skin,10,-0.616,-0.571,0.526
3465,skin,13,-0.605,-0.574,0.542
3465,skin,17,-0.593,-0.578,0.560
3465,skin,24,-0.585,-0.580,0.572
3472,neural,6,0.239,0.964,0.416
3472,neural,8,0.271,0.819,0.617
3472,neural,10,0.248,0.637,0.788
3472,neural,13,0.178,0.614,0.850
3472,neural,17,0.114,0.593,0.906
3472,neural,24,0.072,0.580,0.944
3486,notochord,6,0.022,0.928,0.390
3486,notochord,8,0.025,0.832,0.565
3486,notochord,10,0.023,0.703,0.718
3486,notochord,13,0.010,0.671,0.754
3486,notochord,17,0.004,0.656,0.772
3486,notochord,24,0.000,0.646,0.783
3496,notochord,6,-0.006,0.793,0.591
3496,notochord,8,-0.006,0.566,0.810
3496,notochord,10,-0.005,0.282,0.946
3496,notochord,13,-0.002,0.186,0.981
3496,notochord,17,-0.001,0.140,0.998
3496,notochord,24,0.000,0.109,1.009
3498,skin,6,0.708,0.514,0.664
3498,skin,8,0.647,-0.036,0.845
3498,skin,10,0.404,-0.546,0.764
3498,skin,13,0.395,-0.549,0.773
3498,skin,17,0.386,-0.552,0.783
3498,skin,24,0.379,-0.555,0.789
3509,notochord,6,-0.143,0.468,0.903
3509,notochord,8,-0.126,-0.076,1.014
3509,notochord,10,-0.075,-0.596,0.826
3509,notochord,13,-0.034,-0.734,0.679
3509,notochord,17,-0.014,-0.802,0.607
3509,notochord,24,0.000,-0.848,0.559
3511,notochord,6,0.042,0.967,0.263
3511,notochord,8,0.048,0.922,0.389
3511,notochord,10,0.046,0.860,0.509
3511,notochord,13,0.021,0.857,0.530
3511,notochord,17,0.008,0.856,0.540
3511,notochord,24,0.000,0.855,0.547
3524,muscle,6,-0.294,0.192,0.902
3524,muscle,8,-0.211,-0.448,0.828
3524,muscle,10,-0.068,-0.886,0.371
3524,muscle,13,-0.070,-1.004,0.145
3524,muscle,17,-0.072,-1.074,0.009
3524,muscle,24,-0.073,-1.121,-0.081
3526,neural,6,0.314,0.475,0.887
3526,neural,8,0.277,-0.084,1.005
3526,neural,10,0.164,-0.610,0.821
3526,neural,13,0.117,-0.736,0.732
3526,neural,17,0.075,-0.850,0.651
3526,neural,24,0.046,-0.925,0.598
3528,skin,6,0.182,0.745,-0.585
3528,skin,8,0.435,0.496,-0.715
3528,skin,10,0.685,0.190,-0.686
3528,skin,13,0.733,0.191,-0.640
3528,skin,17,0.785,0.192,-0.590
3528,skin,24,0.820,0.192,-0.557
3529,skin,6,0.110,0.729,-0.668
3529,skin,8,0.288,0.427,-0.841
3529,skin,10,0.464,0.074,-0.861
3529,skin,13,0.532,0.075,-0.825
3529,skin,17,0.607,0.075,-0.786
3529,skin,24,0.657,0.075,-0.759
3530,skin,6,-0.656,0.780,0.396
3530,skin,8,-0.712,0.440,0.654
3530,skin,10,-0.593,0.063,0.827
3530,skin,13,-0.582,0.063,0.841
3530,skin,17,-0.570,0.064,0.858
3530,skin,24,-0.562,0.064,0.869
3536,skin,6,0.642,0.785,-0.283
3536,skin,8,0.925,0.494,-0.086
3536,skin,10,0.997,0.158,0.231
3536,skin,13,0.992,0.159,0.267
3536,skin,17,0.986,0.160,0.308
3536,skin,24,0.983,0.161,0.335
3538,muscle,6,-0.360,0.825,0.401
3538,muscle,8,-0.410,0.642,0.621
3538,muscle,10,-0.372,0.411,0.805
3538,muscle,13,-0.227,0.347,0.885
3538,muscle,17,-0.140,0.308,0.933
3538,muscle,24,-0.082,0.283,0.965
3539,notochord,6,0.053,0.671,0.697
3539,notochord,8,0.054,0.343,0.905
3539,notochord,10,0.042,-0.039,0.967
3539,notochord,13,0.019,-0.177,0.970
3539,notochord,17,0.008,-0.244,0.972
3539,notochord,24,0.000,-0.289,0.973
3540,skin,6,-0.692,0.368,0.716
3540,skin,8,-0.579,-0.242,0.823
3540,skin,10,-0.295,-0.745,0.602
3540,skin,13,-0.289,-0.750,0.610
3540,skin,17,-0.282,-0.756,0.618
3540,skin,24,-0.278,-0.760,0.624
3541,muscle,6,0.199,0.779,0.567
3541,muscle,8,0.215,0.545,0.788
3541,muscle,10,0.184,0.254,0.928
3541,muscle,13,0.134,0.165,0.965
3541,muscle,17,0.104,0.112,0.988
3541,muscle,24,0.085,0.076,1.003
3542,notochord,6,0.095,0.557,0.854
3542,notochord,8,0.089,0.079,1.015
3542,notochord,10,0.060,-0.416,0.930
3542,notochord,13,0.027,-0.566,0.829
3542,notochord,17,0.011,-0.639,0.780
3542,notochord,24,0.000,-0.688,0.747
3558,skin,6,-0.144,0.361,-0.884
3558,skin,8,-0.305,-0.200,-0.897
3558,skin,10,-0.319,-0.690,-0.596
3558,skin,13,-0.366,-0.693,-0.571
3558,skin,17,-0.417,-0.696,-0.543
3558,skin,24,-0.451,-0.698,-0.524
3564,muscle,6,0.157,0.566,0.786
3564,muscle,8,0.150,0.136,0.959
3564,muscle,10,0.105,-0.324,0.917
3564,muscle,13,0.094,-0.465,0.860
3564,muscle,17,0.088,-0.549,0.826
3564,muscle,24,0.084,-0.605,0.803
3576,notochord,6,-0.078,0.670,0.766
3576,notochord,8,-0.078,0.290,0.974
3576,notochord,10,-0.059,-0.141,1.006
3576,notochord,13,-0.026,-0.284,0.965
3576,notochord,17,-0.011,-0.355,0.946
3576,notochord,24,0.000,-0.402,0.932
3579,skin,6,-0.972,0.478,-0.266
3579,skin,8,-1.086,-0.090,0.046
3579,skin,10,-0.784,-0.590,0.289
3579,skin,13,-0.779,-0.594,0.316
3579,skin,17,-0.772,-0.599,0.346
3579,skin,24,-0.768,-0.603,0.366
3580,skin,6,-0.458,0.580,-0.661
3580,skin,8,-0.798,0.160,-0.596
3580,skin,10,-0.920,-0.288,-0.315
3580,skin,13,-0.938,-0.290,-0.268
3580,skin,17,-0.958,-0.291,-0.216
3580,skin,24,-0.972,-0.292,-0.181
3584,skin,6,-0.588,0.546,-0.710
3584,skin,8,-0.908,0.033,-0.554
3584,skin,10,-0.901,-0.454,-0.210
3584,skin,13,-0.916,-0.457,-0.167
3584,skin,17,-0.932,-0.461,-0.119
3584,skin,24,-0.943,-0.464,-0.087
3587,skin,6,-1.023,0.320,0.121
3587,skin,8,-0.931,-0.302,0.374
3587,skin,10,-0.480,-0.784,0.367
3587,skin,13,-0.473,-0.789,0.380
3587,skin,17,-0.464,-0.794,0.395
3587,skin,24,-0.459,-0.797,0.405
3593,skin,6,0.649,0.527,-0.545
3593,skin,8,0.952,0.071,-0.362
3593,skin,10,0.932,-0.397,-0.034
3593,skin,13,0.935,-0.399,0.006
3593,skin,17,0.938,-0.401,0.050
3593,skin,24,0.940,-0.402,0.080
3598,muscle,6,-0.670,0.268,0.727
3598,muscle,8,-0.524,-0.365,0.776
3598,muscle,10,-0.218,-0.839,0.463
3598,muscle,13,-0.157,-0.938,0.282
3598,muscle,17,-0.120,-0.997,0.174
3598,muscle,24,-0.096,-1.037,0.102
3601,skin,6,-0.641,0.788,0.097
3601,skin,8,-0.793,0.541,0.344
3601,skin,10,-0.760,0.243,0.608
3601,skin,13,-0.747,0.245,0.629
3601,skin,17,-0.733,0.246,0.651
3601,skin,24,-0.724,0.247,0.666
3606,neural,6,0.102,0.652,0.790
3606,neural,8,0.101,0.249,0.991
3606,neural,10,0.074,-0.200,1.002
3606,neural,13,0.052,-0.322,0.991
3606,neural,17,0.031,-0.430,0.982
3606,neural,24,0.017,-0.503,0.975
3615,skin,6,-0.241,0.240,1.000
3615,skin,8,-0.176,-0.447,0.934
3615,skin,10,-0.063,-0.935,0.460
3615,skin,13,-0.062,-0.939,0.462
3615,skin,17,-0.060,-0.943,0.464
3615,skin,24,-0.059,-0.946,0.466
3623,skin,6,-0.199,1.013,0.038
3623,skin,8,-0.264,0.966,0.125
3623,skin,10,-0.282,0.912,0.239
3623,skin,13,-0.278,0.917,0.247
3623,skin,17,-0.273,0.924,0.255
3623,skin,24,-0.269,0.928,0.261
3624,skin,6,-0.549,0.554,0.763
3624,skin,8,-0.508,0.028,0.938
3624,skin,10,-0.329,-0.483,0.856
3624,skin,13,-0.321,-0.485,0.862
3624,skin,17,-0.312,-0.487,0.869
3624,skin,24,-0.306,-0.488,0.874
3630,skin,6,-0.199,0.960,-0.271
3630,skin,8,-0.403,0.874,-0.283
3630,skin,10,-0.605,0.769,-0.186
3630,skin,13,-0.616,0.773,-0.156
3630,skin,17,-0.629,0.778,-0.122
3630,skin,24,-0.638,0.781,-0.100
3632,skin,6,-0.386,0.842,-0.509
3632,skin,8,-0.717,0.584,-0.486
3632,skin,10,-0.957,0.284,-0.275
3632,skin,13,-0.976,0.286,-0.228
3632,skin,17,-0.996,0.289,-0.175
3632,skin,24,-1.010,0.290,-0.140
3641,skin,6,-0.390,0.843,0.346
3641,skin,8,-0.453,0.674,0.563
3641,skin,10,-0.419,0.459,0.758
3641,skin,13,-0.411,0.462,0.770
3641,skin,17,-0.402,0.467,0.783
3641,skin,24,-0.397,0.469,0.791
3645,skin,6,-0.385,0.600,-0.668
3645,skin,8,-0.721,0.208,-0.654
3645,skin,10,-0.891,-0.222,-0.417
3645,skin,13,-0.915,-0.223,-0.369
3645,skin,17,-0.943,-0.224,-0.315
3645,skin,24,-0.961,-0.225,-0.279
3647,notochord,6,0.004,0.482,0.884
3647,notochord,8,0.004,-0.037,1.005
3647,notochord,10,0.002,-0.544,0.844
3647,notochord,13,0.001,-0.692,0.715
3647,notochord,17,0.000,-0.764,0.651
3647,notochord,24,0.000,-0.812,0.609
3648,skin,6,0.534,0.718,0.522
3648,skin,8,0.564,0.379,0.764
3648,skin,10,0.456,-0.008,0.891
3648,skin,13,0.447,-0.008,0.903
3648,skin,17,0.437,-0.008,0.916
3648,skin,24,0.431,-0.008,0.925
3649,notochord,6,-0.016,0.853,0.526
3649,notochord,8,-0.017,0.677,0.738
3649,notochord,10,-0.015,0.449,0.894
3649,notochord,13,-0.007,0.377,0.933
3649,notochord,17,-0.003,0.342,0.951
3649,notochord,24,0.000,0.318,0.964
3657,skin,6,-0.383,1.007,0.131
3657,skin,8,-0.474,0.886,0.299
3657,skin,10,-0.472,0.743,0.489
3657,skin,13,-0.465,0.749,0.502
3657,skin,17,-0.456,0.755,0.517
3657,skin,24,-0.451,0.760,0.526
3663,notochord,6,-0.067,0.417,0.926
3663,notochord,8,-0.057,-0.154,1.003
3663,notochord,10,-0.031,-0.675,0.758
3663,notochord,13,-0.014,-0.804,0.588
3663,notochord,17,-0.006,-0.868,0.505
3663,notochord,24,0.000,-0.910,0.449
3668,muscle,6,-0.175,0.907,0.380
3668,muscle,8,-0.201,0.795,0.564
3668,muscle,10,-0.187,0.648,0.726
3668,muscle,13,-0.141,0.615,0.773
3668,muscle,17,-0.114,0.596,0.801
3668,muscle,24,-0.095,0.582,0.820
3682,skin,6,-0.510,0.594,-0.688
3682,skin,8,-0.850,0.139,-0.589
3682,skin,10,-0.934,-0.325,-0.280
3682,skin,13,-0.952,-0.327,-0.234
3682,skin,17,-0.972,-0.329,-0.182
3682,skin,24,-0.986,-0.330,-0.148
3688,skin,6,0.060,0.595,-0.766
3688,skin,8,0.161,0.195,-0.935
3688,skin,10,0.244,-0.241,-0.903
3688,skin,13,0.321,-0.241,-0.879
3688,skin,17,0.406,-0.243,-0.853
3688,skin,24,0.463,-0.243,-0.836
3694,skin,6,-0.608,0.597,0.553
3694,skin,8,-0.613,0.177,0.779
3694,skin,10,-0.452,-0.272,0.835
3694,skin,13,-0.444,-0.274,0.847
3694,skin,17,-0.434,-0.277,0.861
3694,skin,24,-0.428,-0.279,0.870
3695,notochord,6,-0.079,0.885,0.485
3695,notochord,8,-0.089,0.732,0.690
3695,notochord,10,-0.080,0.534,0.852
3695,notochord,13,-0.036,0.472,0.891
3695,notochord,17,-0.014,0.443,0.910
3695,notochord,24,0.000,0.423,0.923
3698,skin,6,0.783,0.542,-0.553
3698,skin,8,1.046,0.013,-0.302
3698,skin,10,0.918,-0.480,0.042
3698,skin,13,0.921,-0.483,0.080
3698,skin,17,0.924,-0.487,0.122
3698,skin,24,0.926,-0.490,0.150
3721,skin,6,-0.554,0.662,-0.521
3721,skin,8,-0.896,0.302,-0.399
3721,skin,10,-1.018,-0.102,-0.095
3721,skin,13,-1.025,-0.103,-0.050
3721,skin,17,-1.032,-0.103,0.000
3721,skin,24,-1.037,-0.104,0.034
3725,skin,6,-0.136,1.053,0.182
3725,skin,8,-0.160,1.002,0.286
3725,skin,10,-0.154,0.942,0.389
3725,skin,13,-0.151,0.946,0.392
3725,skin,17,-0.147,0.950,0.395
3725,skin,24,-0.144,0.952,0.398
3726,skin,6,-0.181,0.983,0.146
3726,skin,8,-0.221,0.938,0.254
3726,skin,10,-0.220,0.883,0.371
3726,skin,13,-0.216,0.889,0.377
3726,skin,17,-0.211,0.896,0.383
3726,skin,24,-0.208,0.901,0.387
3727,notochord,6,-0.040,0.976,0.310
3727,notochord,8,-0.046,0.915,0.456
3727,notochord,10,-0.044,0.832,0.590
3727,notochord,13,-0.020,0.813,0.612
3727,notochord,17,-0.008,0.803,0.622
3727,notochord,24,0.000,0.797,0.629
3738,skin,6,0.042,0.729,-0.684
3738,skin,8,0.123,0.419,-0.884
3738,skin,10,0.206,0.060,-0.949
3738,skin,13,0.288,0.061,-0.928
3738,skin,17,0.380,0.061,-0.906
3738,skin,24,0.442,0.061,-0.890
3742,skin,6,-0.030,0.907,-0.582
3742,skin,8,-0.091,0.678,-0.777
3742,skin,10,-0.163,0.413,-0.888
3742,skin,13,-0.242,0.416,-0.873
3742,skin,17,-0.331,0.420,-0.857
3742,skin,24,-0.389,0.422,-0.846
3745,muscle,6,-0.217,0.858,0.480
3745,muscle,8,-0.242,0.682,0.693
3745,muscle,10,-0.216,0.458,0.858
3745,muscle,13,-0.158,0.394,0.904
3745,muscle,17,-0.123,0.356,0.932
3745,muscle,24,-0.100,0.331,0.950
3754,neural,6,0.180,0.986,0.334
3754,neural,8,0.207,0.891,0.503
3754,neural,10,0.195,0.769,0.658
3754,neural,13,0.144,0.769,0.710
3754,neural,17,0.098,0.770,0.758
3754,neural,24,0.068,0.771,0.789
3756,notochord,6,-0.016,0.957,0.347
3756,notochord,8,-0.018,0.881,0.507
3756,notochord,10,-0.017,0.779,0.652
3756,notochord,13,-0.008,0.755,0.679
3756,notochord,17,-0.003,0.743,0.692
3756,notochord,24,0.000,0.735,0.701
3758,muscle,6,0.379,0.751,0.487
3758,muscle,8,0.417,0.508,0.718
3758,muscle,10,0.359,0.207,0.876
3758,muscle,13,0.216,0.114,0.941
3758,muscle,17,0.130,0.058,0.980
3758,muscle,24,0.073,0.020,1.006
3766,notochord,6,-0.057,0.784,0.639
3766,notochord,8,-0.060,0.522,0.864
3766,notochord,10,-0.051,0.201,0.989
3766,notochord,13,-0.023,0.090,1.003
3766,notochord,17,-0.009,0.036,1.010
3766,notochord,24,0.000,0.000,1.015
3781,skin,6,0.057,0.784,-0.585
3781,skin,8,0.166,0.554,-0.784
3781,skin,10,0.292,0.271,-0.884
3781,skin,13,0.366,0.272,-0.858
3781,skin,17,0.448,0.273,-0.829
3781,skin,24,0.503,0.274,-0.809
3786,notochord,6,-0.038,0.788,0.600
3786,notochord,8,-0.041,0.554,0.820
3786,notochord,10,-0.035,0.261,0.954
3786,notochord,13,-0.016,0.163,0.986
3786,notochord,17,-0.006,0.114,1.001
3786,notochord,24,0.000,0.082,1.012
3788,muscle,6,-0.172,0.907,0.316
3788,muscle,8,-0.200,0.824,0.480
3788,muscle,10,-0.189,0.713,0.633
3788,muscle,13,-0.135,0.699,0.684
3788,muscle,17,-0.102,0.691,0.715
3788,muscle,24,-0.080,0.686,0.735
3790,skin,6,-0.622,0.411,0.810
3790,skin,8,-0.522,-0.209,0.911
3790,skin,10,-0.275,-0.732,0.678
3790,skin,13,-0.268,-0.735,0.683
3790,skin,17,-0.261,-0.738,0.689
3790,skin,24,-0.256,-0.740,0.693
3792,skin,6,-0.422,0.855,0.277
3792,skin,8,-0.501,0.698,0.491
3792,skin,10,-0.476,0.498,0.699
3792,skin,13,-0.466,0.502,0.710
3792,skin,17,-0.456,0.505,0.723
3792,skin,24,-0.450,0.508,0.732
3809,skin,6,0.013,0.871,-0.603
3809,skin,8,0.040,0.628,-0.806
3809,skin,10,0.071,0.346,-0.921
3809,skin,13,0.156,0.349,-0.912
3809,skin,17,0.251,0.351,-0.902
3809,skin,24,0.314,0.353,-0.896
3812,notochord,6,0.027,0.953,0.272
3812,notochord,8,0.032,0.905,0.402
3812,notochord,10,0.030,0.840,0.523
3812,notochord,13,0.014,0.840,0.549
3812,notochord,17,0.005,0.840,0.561
3812,notochord,24,0.000,0.841,0.569
3814,skin,6,0.134,0.397,-0.866
3814,skin,8,0.294,-0.141,-0.908
3814,skin,10,0.332,-0.632,-0.651
3814,skin,13,0.382,-0.634,-0.624
3814,skin,17,0.439,-0.637,-0.594
3814,skin,24,0.477,-0.638,-0.575
3819,skin,6,-0.728,0.561,0.517
3819,skin,8,-0.715,0.084,0.743
3819,skin,10,-0.499,-0.395,0.771
3819,skin,13,-0.489,-0.397,0.784
3819,skin,17,-0.478,-0.400,0.797
3819,skin,24,-0.471,-0.402,0.806
3820,skin,6,0.016,0.834,-0.478
3820,skin,8,0.051,0.683,-0.674
3820,skin,10,0.098,0.485,-0.823
3820,skin,13,0.172,0.487,-0.809
3820,skin,17,0.254,0.489,-0.794
3820,skin,24,0.308,0.490,-0.784
3821,skin,6,0.925,0.500,-0.099
3821,skin,8,1.033,-0.007,0.194
3821,skin,10,0.779,-0.494,0.407
3821,skin,13,0.769,-0.496,0.431
3821,skin,17,0.758,-0.499,0.457
3821,skin,24,0.750,-0.501,0.475
3829,skin,6,-0.265,0.542,-0.769
3829,skin,8,-0.546,0.098,-0.815
3829,skin,10,-0.687,-0.365,-0.614
3829,skin,13,-0.728,-0.366,-0.570
3829,skin,17,-0.775,-0.368,-0.521
3829,skin,24,-0.805,-0.369,-0.489
3832,skin,6,0.754,0.623,0.454
3832,skin,8,0.765,0.173,0.701
3832,skin,10,0.565,-0.289,0.785
3832,skin,13,0.554,-0.291,0.799
3832,skin,17,0.542,-0.293,0.815
3832,skin,24,0.534,-0.294,0.825
3836,skin,6,-0.527,0.286,-0.913
3836,skin,8,-0.734,-0.386,-0.666
3836,skin,10,-0.483,-0.851,-0.226
3836,skin,13,-0.499,-0.858,-0.200
3836,skin,17,-0.516,-0.865,-0.172
3836,skin,24,-0.528,-0.871,-0.153
3837,skin,6,0.735,0.755,0.049
3837,skin,8,0.895,0.442,0.314
3837,skin,10,0.829,0.085,0.584
3837,skin,13,0.816,0.085,0.607
3837,skin,17,0.803,0.086,0.634
3837,skin,24,0.794,0.086,0.651
3842,skin,6,0.638,0.589,-0.561
3842,skin,8,0.958,0.146,-0.389
3842,skin,10,0.978,-0.312,-0.058
3842,skin,13,0.983,-0.314,-0.015
3842,skin,17,0.989,-0.316,0.032
3842,skin,24,0.993,-0.317,0.064
3852,skin,6,-0.114,0.628,-0.790
3852,skin,8,-0.283,0.212,-0.934
3852,skin,10,-0.411,-0.229,-0.864
3852,skin,13,-0.480,-0.230,-0.832
3852,skin,17,-0.558,-0.232,-0.797
3852,skin,24,-0.609,-0.233,-0.773
3854,skin,6,0.210,0.128,0.939
3854,skin,8,0.140,-0.536,0.794
3854,skin,10,0.032,-0.933,0.251
3854,skin,13,0.032,-0.952,0.256
3854,skin,17,0.031,-0.974,0.262
3854,skin,24,0.031,-0.988,0.266
3855,skin,6,0.174,0.935,-0.515
3855,skin,8,0.410,0.732,-0.623
3855,skin,10,0.656,0.495,-0.598
3855,skin,13,0.699,0.499,-0.558
3855,skin,17,0.748,0.504,-0.514
3855,skin,24,0.781,0.507,-0.484
3857,muscle,6,-0.369,0.678,0.611
3857,muscle,8,-0.384,0.349,0.834
3857,muscle,10,-0.305,-0.034,0.927
3857,muscle,13,-0.193,-0.157,0.947
3857,muscle,17,-0.126,-0.231,0.958
3857,muscle,24,-0.082,-0.280,0.966
3859,notochord,6,0.048,0.914,0.350
3859,notochord,8,0.055,0.833,0.511
3859,notochord,10,0.051,0.724,0.656
3859,notochord,13,0.023,0.711,0.700
3859,notochord,17,0.009,0.704,0.721
3859,notochord,24,0.000,0.700,0.736
3860,skin,6,-0.085,0.872,-0.401
3860,skin,8,-0.234,0.761,-0.545
3860,skin,10,-0.425,0.614,-0.621
3860,skin,13,-0.471,0.616,-0.589
3860,skin,17,-0.522,0.618,-0.555
3860,skin,24,-0.556,0.620,-0.531
3864,skin,6,0.121,0.995,0.075
3864,skin,8,0.152,0.970,0.141
3864,skin,10,0.155,0.940,0.218
3864,skin,13,0.152,0.946,0.222
3864,skin,17,0.149,0.953,0.226
3864,skin,24,0.146,0.957,0.229
3874,skin,6,0.197,0.780,-0.676
3874,skin,8,0.457,0.462,-0.796
3874,skin,10,0.688,0.104,-0.733
3874,skin,13,0.742,0.105,-0.689
3874,skin,17,0.802,0.106,-0.640
3874,skin,24,0.842,0.107,-0.607
3883,skin,6,-1.111,0.143,0.060
3883,skin,8,-0.854,-0.560,0.289
3883,skin,10,-0.227,-0.949,0.157
3883,skin,13,-0.224,-0.956,0.164
3883,skin,17,-0.221,-0.964,0.171
3883,skin,24,-0.219,-0.969,0.176
3895,skin,6,0.328,0.988,-0.139
3895,skin,8,0.510,0.891,-0.041
3895,skin,10,0.620,0.776,0.151
3895,skin,13,0.617,0.781,0.174
3895,skin,17,0.613,0.787,0.199
3895,skin,24,0.611,0.791,0.216
3898,notochord,6,0.037,0.940,0.285
3898,notochord,8,0.043,0.887,0.421
3898,notochord,10,0.041,0.814,0.547
3898,notochord,13,0.019,0.815,0.578
3898,notochord,17,0.007,0.816,0.594
3898,notochord,24,0.000,0.816,0.604
3899,neural,6,-0.161,0.656,0.824
3899,neural,8,-0.158,0.223,1.025
3899,neural,10,-0.114,-0.252,1.019
3899,neural,13,-0.079,-0.375,0.993
3899,neural,17,-0.047,-0.485,0.969
3899,neural,24,-0.026,-0.559,0.954
3930,skin,6,0.240,0.608,-0.717
3930,skin,8,0.522,0.224,-0.799
3930,skin,10,0.714,-0.201,-0.658
3930,skin,13,0.759,-0.202,-0.612
3930,skin,17,0.808,-0.202,-0.561
3930,skin,24,0.841,-0.203,-0.527
3931,skin,6,1.006,0.155,-0.192
3931,skin,8,0.876,-0.504,0.100
3931,skin,10,0.291,-0.915,0.129
3931,skin,13,0.287,-0.919,0.138
3931,skin,17,0.283,-0.923,0.148
3931,skin,24,0.280,-0.926,0.155
3932,skin,6,-0.134,0.720,-0.690
3932,skin,8,-0.336,0.396,-0.849
3932,skin,10,-0.525,0.025,-0.836
3932,skin,13,-0.589,0.025,-0.798
3932,skin,17,-0.661,0.025,-0.755
3932,skin,24,-0.708,0.025,-0.727
3933,skin,6,-0.270,0.355,-0.965
3933,skin,8,-0.484,-0.276,-0.873
3933,skin,10,-0.428,-0.765,-0.475
3933,skin,13,-0.463,-0.770,-0.447
3933,skin,17,-0.502,-0.777,-0.417
3933,skin,24,-0.528,-0.781,-0.396
3939,notochord,6,0.071,0.443,0.849
3939,notochord,8,0.063,-0.064,0.956
3939,notochord,10,0.038,-0.551,0.785
3939,notochord,13,0.017,-0.710,0.667
3939,notochord,17,0.007,-0.788,0.609
3939,notochord,24,0.000,-0.840,0.570
3941,notochord,6,0.135,0.209,0.958
3941,notochord,8,0.098,-0.444,0.878
3941,notochord,10,0.033,-0.899,0.407
3941,notochord,13,0.015,-1.018,0.157
3941,notochord,17,0.006,-1.077,0.034
3941,notochord,24,0.000,-1.117,-0.048
3947,skin,6,0.059,0.312,-0.991
3947,skin,8,0.127,-0.326,-0.949
3947,skin,10,0.116,-0.804,-0.550
3947,skin,13,0.164,-0.810,-0.540
3947,skin,17,0.218,-0.816,-0.528
3947,skin,24,0.254,-0.820,-0.520
3949,skin,6,-0.471,0.942,-0.291
3949,skin,8,-0.746,0.744,-0.168
3949,skin,10,-0.897,0.514,0.093
3949,skin,13,-0.898,0.518,0.129
3949,skin,17,-0.899,0.523,0.169
3949,skin,24,-0.900,0.526,0.195
3959,neural,6,-0.198,0.406,0.966
3959,neural,8,-0.165,-0.208,1.028
3959,neural,10,-0.087,-0.748,0.741
3959,neural,13,-0.063,-0.858,0.611
3959,neural,17,-0.042,-0.958,0.494
3959,neural,24,-0.027,-1.024,0.416
3960,notochord,6,0.008,0.551,0.797
3960,notochord,8,0.007,0.118,0.962
3960,notochord,10,0.005,-0.342,0.906
3960,notochord,13,0.002,-0.502,0.844
3960,notochord,17,0.001,-0.581,0.814
3960,notochord,24,0.000,-0.633,0.794
3972,skin,6,-0.626,0.763,-0.192
3972,skin,8,-0.884,0.508,0.013
3972,skin,10,-0.945,0.199,0.321
3972,skin,13,-0.935,0.200,0.353
3972,skin,17,-0.925,0.201,0.388
3972,skin,24,-0.918,0.202,0.412
3983,skin,6,-0.242,1.005,0.144
3983,skin,8,-0.297,0.937,0.270
3983,skin,10,-0.296,0.856,0.408
3983,skin,13,-0.290,0.862,0.416
3983,skin,17,-0.284,0.868,0.424
3983,skin,24,-0.280,0.872,0.429
3984,neural,6,-0.513,0.337,0.863
3984,neural,8,-0.412,-0.297,0.908
3984,neural,10,-0.193,-0.805,0.595
3984,neural,13,-0.145,-0.912,0.460
3984,neural,17,-0.103,-1.008,0.338
3984,neural,24,-0.074,-1.072,0.257
3986,notochord,6,-0.059,0.695,0.707
3986,notochord,8,-0.061,0.366,0.921
3986,notochord,10,-0.048,-0.020,0.990
3986,notochord,13,-0.022,-0.155,0.985
3986,notochord,17,-0.009,-0.221,0.982
3986,notochord,24,0.000,-0.265,0.980
3987,neural,6,-0.382,0.526,0.802
3987,neural,8,-0.353,0.025,0.960
3987,neural,10,-0.229,-0.476,0.863
3987,neural,13,-0.162,-0.609,0.814
3987,neural,17,-0.101,-0.729,0.770
3987,neural,24,-0.061,-0.808,0.740
3988,notochord,6,-0.033,0.972,0.242
3988,notochord,8,-0.039,0.934,0.358
3988,notochord,10,-0.037,0.881,0.470
3988,notochord,13,-0.017,0.882,0.487
3988,notochord,17,-0.007,0.883,0.495
3988,notochord,24,0.000,0.883,0.500
3992,skin,6,-0.057,0.782,-0.624
3992,skin,8,-0.164,0.522,-0.823
3992,skin,10,-0.284,0.211,-0.909
3992,skin,13,-0.360,0.212,-0.884
3992,skin,17,-0.446,0.214,-0.856
3992,skin,24,-0.503,0.214,-0.837
4001,skin,6,-0.255,0.869,-0.550
4001,skin,8,-0.547,0.629,-0.617
4001,skin,10,-0.813,0.349,-0.514
4001,skin,13,-0.848,0.352,-0.468
4001,skin,17,-0.887,0.354,-0.417
4001,skin,24,-0.914,0.356,-0.383
4019,neural,6,-0.294,0.650,0.737
4019,neural,8,-0.292,0.251,0.945
4019,neural,10,-0.217,-0.191,0.970
4019,neural,13,-0.151,-0.312,0.973
4019,neural,17,-0.091,-0.421,0.976
4019,neural,24,-0.052,-0.494,0.978
4022,neural,6,-0.015,0.374,0.989
4022,neural,8,-0.012,-0.255,1.025
4022,neural,10,-0.006,-0.791,0.697
4022,neural,13,-0.004,-0.894,0.554
4022,neural,17,-0.003,-0.988,0.425
4022,neural,24,-0.002,-1.050,0.340
4023,skin,6,0.150,0.624,-0.853
4023,skin,8,0.349,0.156,-0.960
4023,skin,10,0.474,-0.311,-0.825
4023,skin,13,0.540,-0.313,-0.791
4023,skin,17,0.613,-0.316,-0.754
4023,skin,24,0.662,-0.318,-0.729
4028,skin,6,0.047,0.319,-0.999
4028,skin,8,0.103,-0.322,-0.959
4028,skin,10,0.095,-0.802,-0.562
4028,skin,13,0.145,-0.808,-0.553
4028,skin,17,0.201,-0.814,-0.542
4028,skin,24,0.238,-0.818,-0.535
4031,skin,6,-0.174,0.301,-0.969
4031,skin,8,-0.331,-0.333,-0.893
4031,skin,10,-0.281,-0.809,-0.480
4031,skin,13,-0.319,-0.814,-0.460
4031,skin,17,-0.361,-0.820,-0.437
4031,skin,24,-0.389,-0.824,-0.422
4032,muscle,6,-0.417,0.321,0.815
4032,muscle,8,-0.341,-0.259,0.866
4032,muscle,10,-0.166,-0.744,0.585
4032,muscle,13,-0.118,-0.857,0.424
4032,muscle,17,-0.089,-0.925,0.328
4032,muscle,24,-0.070,-0.971,0.264
4034,skin,6,0.011,0.237,1.021
4034,skin,8,0.008,-0.449,0.945
4034,skin,10,0.003,-0.938,0.460
4034,skin,13,0.003,-0.942,0.462
4034,skin,17,0.003,-0.947,0.465
4034,skin,24,0.003,-0.951,0.466
4039,skin,6,-0.222,0.492,-0.854
4039,skin,8,-0.461,-0.020,-0.889
4039,skin,10,-0.545,-0.508,-0.651
4039,skin,13,-0.592,-0.511,-0.614
4039,skin,17,-0.645,-0.514,-0.573
4039,skin,24,-0.681,-0.516,-0.546
4057,skin,6,-0.048,0.506,-0.925
4057,skin,8,-0.119,-0.035,-1.013
4057,skin,10,-0.151,-0.531,-0.817
4057,skin,13,-0.223,-0.535,-0.803
4057,skin,17,-0.304,-0.540,-0.787
4057,skin,24,-0.358,-0.543,-0.776
4058,skin,6,0.821,0.575,-0.027
4058,skin,8,0.972,0.167,0.249
4058,skin,10,0.825,-0.275,0.494
4058,skin,13,0.813,-0.276,0.517
4058,skin,17,0.798,-0.277,0.543
4058,skin,24,0.789,-0.278,0.560
4059,neural,6,0.044,0.549,0.886
4059,neural,8,0.041,0.048,1.039
4059,neural,10,0.027,-0.463,0.930
4059,neural,13,0.019,-0.592,0.867
4059,neural,17,0.012,-0.708,0.809
4059,neural,24,0.007,-0.785,0.771
4060,notochord,6,-0.099,0.694,0.720
4060,notochord,8,-0.101,0.353,0.934
4060,notochord,10,-0.079,-0.045,0.998
4060,notochord,13,-0.035,-0.182,0.984
4060,notochord,17,-0.014,-0.249,0.977
4060,notochord,24,0.000,-0.294,0.972
4068,skin,6,0.724,0.547,-0.453
4068,skin,8,1.002,0.096,-0.231
4068,skin,10,0.944,-0.369,0.094
4068,skin,13,0.942,-0.371,0.131
4068,skin,17,0.939,-0.372,0.172
4068,skin,24,0.937,-0.374,0.199
4069,notochord,6,-0.040,0.933,0.312
4069,notochord,8,-0.047,0.869,0.459
4069,notochord,10,-0.044,0.782,0.594
4069,notochord,13,-0.020,0.776,0.630
4069,notochord,17,-0.008,0.774,0.648
4069,notochord,24,0.000,0.772,0.659
4071,notochord,6,-0.037,0.513,0.810
4071,notochord,8,-0.035,0.059,0.957
4071,notochord,10,-0.023,-0.410,0.867
4071,notochord,13,-0.010,-0.573,0.791
4071,notochord,17,-0.004,-0.653,0.754
4071,notochord,24,0.000,-0.706,0.729
4074,muscle,6,0.226,0.642,0.698
4074,muscle,8,0.228,0.284,0.903
4074,muscle,10,0.174,-0.124,0.948
4074,muscle,13,0.126,-0.255,0.938
4074,muscle,17,0.098,-0.333,0.933
4074,muscle,24,0.078,-0.385,0.929
4075,skin,6,0.271,0.862,-0.455
4075,skin,8,0.560,0.678,-0.492
4075,skin,10,0.827,0.452,-0.368
4075,skin,13,0.850,0.454,-0.324
4075,skin,17,0.876,0.457,-0.275
4075,skin,24,0.893,0.459,-0.243
4076,notochord,6,0.021,0.811,0.539
4076,notochord,8,0.024,0.620,0.751
4076,notochord,10,0.021,0.376,0.898
4076,notochord,13,0.009,0.299,0.947
4076,notochord,17,0.004,0.262,0.971
4076,notochord,24,0.000,0.237,0.987
4077,muscle,6,0.113,0.901,0.375
4077,muscle,8,0.129,0.802,0.550
4077,muscle,10,0.120,0.670,0.704
4077,muscle,13,0.102,0.645,0.748
4077,muscle,17,0.092,0.631,0.774
4077,muscle,24,0.085,0.621,0.791
4081,muscle,6,-0.409,0.510,0.751
4081,muscle,8,-0.381,0.029,0.913
4081,muscle,10,-0.249,-0.455,0.833
4081,muscle,13,-0.168,-0.595,0.760
4081,muscle,17,-0.120,-0.679,0.715
4081,muscle,24,-0.087,-0.736,0.686
4087,notochord,6,0.099,0.469,0.858
4087,notochord,8,0.089,-0.038,0.977
4087,notochord,10,0.055,-0.534,0.821
4087,notochord,13,0.025,-0.688,0.703
4087,notochord,17,0.010,-0.764,0.645
4087,notochord,24,0.000,-0.814,0.606
4088,skin,6,0.542,0.797,-0.202
4088,skin,8,0.805,0.597,-0.031
4088,skin,10,0.913,0.344,0.261
4088,skin,13,0.905,0.345,0.293
4088,skin,17,0.896,0.347,0.328
4088,skin,24,0.890,0.348,0.351
4095,skin,6,0.236,0.877,-0.425
4095,skin,8,0.505,0.720,-0.475
4095,skin,10,0.769,0.524,-0.380
4095,skin,13,0.793,0.526,-0.338
4095,skin,17,0.819,0.529,-0.291
4095,skin,24,0.837,0.531,-0.260
4096,notochord,6,-0.002,0.549,0.865
4096,notochord,8,-0.002,0.064,1.021
4096,notochord,10,-0.001,-0.435,0.924
4096,notochord,13,-0.001,-0.583,0.818
4096,notochord,17,-0.000,-0.656,0.766
4096,notochord,24,0.000,-0.705,0.731
4104,notochord,6,0.090,0.780,0.631
4104,notochord,8,0.096,0.521,0.855
4104,notochord,10,0.080,0.202,0.980
4104,notochord,13,0.036,0.092,0.999
4104,notochord,17,0.014,0.039,1.009
4104,notochord,24,0.000,0.003,1.015
4106,skin,6,0.111,0.028,-1.034
4106,skin,8,0.169,-0.685,-0.725
4106,skin,10,0.018,-0.979,-0.049
4106,skin,13,0.022,-0.986,-0.048
4106,skin,17,0.027,-0.993,-0.046
4106,skin,24,0.030,-0.998,-0.045
4118,skin,6,0.082,0.993,-0.034
4118,skin,8,0.132,0.975,-0.010
4118,skin,10,0.168,0.955,0.042
4118,skin,13,0.167,0.960,0.048
4118,skin,17,0.166,0.965,0.055
4118,skin,24,0.165,0.969,0.059
4131,skin,6,0.111,0.164,-0.964
4131,skin,8,0.202,-0.496,-0.817
4131,skin,10,0.116,-0.912,-0.299
4131,skin,13,0.140,-0.916,-0.289
4131,skin,17,0.167,-0.920,-0.278
4131,skin,24,0.186,-0.923,-0.271
4139,neural,6,0.098,0.449,0.925
4139,neural,8,0.085,-0.113,1.021
4139,neural,10,0.049,-0.639,0.805
4139,neural,13,0.035,-0.763,0.704
4139,neural,17,0.023,-0.875,0.613
4139,neural,24,0.014,-0.949,0.552
4145,skin,6,-0.780,0.649,0.076
4145,skin,8,-0.918,0.285,0.349
4145,skin,10,-0.801,-0.123,0.592
4145,skin,13,-0.787,-0.123,0.613
4145,skin,17,-0.773,-0.124,0.637
4145,skin,24,-0.763,-0.124,0.653
4146,skin,6,0.259,0.979,0.139
4146,skin,8,0.321,0.913,0.271
4146,skin,10,0.323,0.831,0.420
4146,skin,13,0.317,0.836,0.428
4146,skin,17,0.310,0.842,0.437
4146,skin,24,0.306,0.846,0.443
4153,skin,6,0.669,0.521,-0.649
4153,skin,8,0.965,-0.001,-0.448
4153,skin,10,0.897,-0.492,-0.098
4153,skin,13,0.905,-0.496,-0.058
4153,skin,17,0.915,-0.499,-0.014
4153,skin,24,0.921,-0.502,0.016
4171,notochord,6,0.024,0.708,0.731
4171,notochord,8,0.025,0.366,0.948
4171,notochord,10,0.019,-0.033,1.014
4171,notochord,13,0.009,-0.169,0.993
4171,notochord,17,0.003,-0.235,0.983
4171,notochord,24,0.000,-0.280,0.976
4184,skin,6,-0.160,0.235,-0.948
4184,skin,8,-0.296,-0.403,-0.846
4184,skin,10,-0.219,-0.857,-0.397
4184,skin,13,-0.250,-0.861,-0.380
4184,skin,17,-0.284,-0.866,-0.361
4184,skin,24,-0.307,-0.869,-0.349
4187,muscle,6,0.193,0.796,0.521
4187,muscle,8,0.212,0.594,0.737
4187,muscle,10,0.186,0.339,0.888
4187,muscle,13,0.131,0.265,0.938
4187,muscle,17,0.098,0.220,0.968
4187,muscle,24,0.076,0.190,0.988
4192,skin,6,-0.073,0.823,-0.511
4192,skin,8,-0.210,0.646,-0.692
4192,skin,10,-0.376,0.420,-0.790
4192,skin,13,-0.439,0.421,-0.760
4192,skin,17,-0.508,0.423,-0.726
4192,skin,24,-0.555,0.424,-0.703
4195,skin,6,0.019,0.910,-0.462
4195,skin,8,0.061,0.760,-0.644
4195,skin,10,0.115,0.575,-0.780
4195,skin,13,0.185,0.579,-0.767
4195,skin,17,0.263,0.583,-0.754
4195,skin,24,0.315,0.585,-0.744
4197,notochord,6,0.080,0.204,0.984
4197,notochord,8,0.057,-0.465,0.891
4197,notochord,10,0.019,-0.923,0.397
4197,notochord,13,0.008,-1.036,0.138
4197,notochord,17,0.003,-1.091,0.010
4197,notochord,24,0.000,-1.128,-0.074
4205,skin,6,0.166,0.643,-0.733
4205,skin,8,0.395,0.268,-0.863
4205,skin,10,0.576,-0.148,-0.787
4205,skin,13,0.634,-0.148,-0.746
4205,skin,17,0.699,-0.149,-0.701
4205,skin,24,0.742,-0.149,-0.670
4211,skin,6,-0.384,0.504,-0.733
4211,skin,8,-0.698,0.042,-0.699
4211,skin,10,-0.791,-0.430,-0.426
4211,skin,13,-0.817,-0.432,-0.382
4211,skin,17,-0.845,-0.433,-0.332
4211,skin,24,-0.864,-0.434,-0.299
4213,skin,6,-0.044,0.432,-0.942
4213,skin,8,-0.105,-0.142,-0.994
4213,skin,10,-0.122,-0.640,-0.734
4213,skin,13,-0.187,-0.644,-0.721
4213,skin,17,-0.260,-0.649,-0.708
4213,skin,24,-0.309,-0.652,-0.699
4215,skin,6,-0.771,0.633,0.016
4215,skin,8,-0.931,0.276,0.285
4215,skin,10,-0.830,-0.130,0.543
4215,skin,13,-0.816,-0.130,0.566
4215,skin,17,-0.801,-0.131,0.591
4215,skin,24,-0.791,-0.131,0.608
4216,skin,6,0.421,0.765,-0.511
4216,skin,8,0.762,0.489,-0.469
4216,skin,10,0.987,0.163,-0.233
4216,skin,13,1.001,0.164,-0.186
4216,skin,17,1.017,0.164,-0.133
4216,skin,24,1.028,0.165,-0.098
4221,skin,6,-0.322,0.881,-0.379
4221,skin,8,-0.610,0.720,-0.361
4221,skin,10,-0.851,0.519,-0.185
4221,skin,13,-0.863,0.522,-0.144
4221,skin,17,-0.875,0.525,-0.099
4221,skin,24,-0.884,0.527,-0.069
4231,skin,6,-0.243,0.769,-0.676
4231,skin,8,-0.534,0.441,-0.766
4231,skin,10,-0.773,0.073,-0.659
4231,skin,13,-0.819,0.074,-0.612
4231,skin,17,-0.871,0.074,-0.560
4231,skin,24,-0.906,0.075,-0.525
4239,skin,6,-0.321,0.538,-0.874
4239,skin,8,-0.608,0.006,-0.856
4239,skin,10,-0.684,-0.488,-0.571
4239,skin,13,-0.725,-0.492,-0.530
4239,skin,17,-0.771,-0.496,-0.484
4239,skin,24,-0.801,-0.499,-0.454
4242,neural,6,0.229,0.783,0.703
4242,neural,8,0.238,0.454,0.938
4242,neural,10,0.192,0.067,1.040
4242,neural,13,0.132,-0.033,1.061
4242,neural,17,0.079,-0.122,1.080
4242,neural,24,0.043,-0.181,1.093
4269,skin,6,0.003,0.624,-0.736
4269,skin,8,0.009,0.256,-0.928
4269,skin,10,0.015,-0.157,-0.947
4269,skin,13,0.103,-0.158,-0.939
4269,skin,17,0.202,-0.158,-0.930
4269,skin,24,0.267,-0.159,-0.924
4284,notochord,6,0.025,0.575,0.829
4284,notochord,8,0.024,0.125,1.000
4284,notochord,10,0.016,-0.353,0.943
4284,notochord,13,0.007,-0.506,0.862
4284,notochord,17,0.003,-0.581,0.822
4284,notochord,24,0.000,-0.630,0.796
4296,muscle,6,-0.195,0.891,0.441
4296,muscle,8,-0.220,0.744,0.643
4296,muscle,10,-0.200,0.554,0.810
4296,muscle,13,-0.152,0.502,0.855
4296,muscle,17,-0.123,0.471,0.881
4296,muscle,24,-0.104,0.451,0.899
4297,skin,6,-0.509,0.808,-0.496
4297,skin,8,-0.851,0.502,-0.397
4297,skin,10,-1.029,0.156,-0.116
4297,skin,13,-1.039,0.157,-0.070
4297,skin,17,-1.051,0.158,-0.018
4297,skin,24,-1.059,0.159,0.016
4312,notochord,6,-0.051,0.815,0.601
4312,notochord,8,-0.055,0.585,0.825
4312,notochord,10,-0.047,0.296,0.965
4312,notochord,13,-0.021,0.198,0.989
4312,notochord,17,-0.008,0.150,1.001
4312,notochord,24,0.000,0.118,1.008
4316,skin,6,0.008,0.960,0.096
4316,skin,8,0.009,0.954,0.144
4316,skin,10,0.009,0.945,0.191
4316,skin,13,0.009,0.966,0.195
4316,skin,17,0.009,0.990,0.200
4316,skin,24,0.009,1.006,0.203
4318,muscle,6,-0.502,0.487,0.711
4318,muscle,8,-0.465,-0.008,0.875
4318,muscle,10,-0.298,-0.495,0.790
4318,muscle,13,-0.192,-0.636,0.715
4318,muscle,17,-0.128,-0.720,0.670
4318,muscle,24,-0.085,-0.776,0.640
4323,notochord,6,-0.006,0.889,0.404
4323,notochord,8,-0.006,0.783,0.583
4323,notochord,10,-0.006,0.642,0.736
4323,notochord,13,-0.003,0.614,0.785
4323,notochord,17,-0.001,0.600,0.810
4323,notochord,24,0.000,0.590,0.826
4324,skin,6,0.607,0.340,0.851
4324,skin,8,0.483,-0.317,0.901
4324,skin,10,0.222,-0.829,0.583
4324,skin,13,0.216,-0.832,0.586
4324,skin,17,0.210,-0.834,0.591
4324,skin,24,0.206,-0.836,0.593
4330,skin,6,0.277,0.573,-0.755
4330,skin,8,0.569,0.144,-0.801
4330,skin,10,0.727,-0.309,-0.607
4330,skin,13,0.768,-0.310,-0.562
4330,skin,17,0.813,-0.312,-0.512
4330,skin,24,0.844,-0.313,-0.478
4346,skin,6,-0.456,0.621,-0.684
4346,skin,8,-0.800,0.196,-0.624
4346,skin,10,-0.933,-0.251,-0.344
4346,skin,13,-0.955,-0.252,-0.296
4346,skin,17,-0.979,-0.254,-0.243
4346,skin,24,-0.995,-0.255,-0.207
4361,skin,6,-0.218,0.730,-0.769
4361,skin,8,-0.485,0.334,-0.868
4361,skin,10,-0.683,-0.085,-0.750
4361,skin,13,-0.740,-0.086,-0.707
4361,skin,17,-0.802,-0.087,-0.658
4361,skin,24,-0.844,-0.087,-0.626
4364,skin,6,0.352,0.968,-0.237
4364,skin,8,0.585,0.841,-0.155
4364,skin,10,0.745,0.688,0.050
4364,skin,13,0.746,0.693,0.081
4364,skin,17,0.748,0.698,0.114
4364,skin,24,0.748,0.702,0.137
4379,skin,6,0.589,0.635,-0.587
4379,skin,8,0.927,0.214,-0.446
4379,skin,10,1.002,-0.229,-0.125
4379,skin,13,1.011,-0.231,-0.080
4379,skin,17,1.021,-0.232,-0.029
4379,skin,24,1.028,-0.233,0.004
4384,skin,6,-0.492,0.899,-0.319
4384,skin,8,-0.782,0.684,-0.193
4384,skin,10,-0.939,0.432,0.079
4384,skin,13,-0.940,0.435,0.117
4384,skin,17,-0.942,0.439,0.159
4384,skin,24,-0.942,0.441,0.187
4385,neural,6,0.237,0.953,0.450
4385,neural,8,0.266,0.792,0.660
4385,neural,10,0.241,0.591,0.832
4385,neural,13,0.171,0.560,0.892
4385,neural,17,0.108,0.531,0.946
4385,neural,24,0.067,0.513,0.983
4386,muscle,6,0.511,0.501,0.712
4386,muscle,8,0.475,0.006,0.880
4386,muscle,10,0.307,-0.483,0.803
4386,muscle,13,0.200,-0.622,0.730
4386,muscle,17,0.136,-0.705,0.687
4386,muscle,24,0.093,-0.761,0.658
4392,skin,6,0.569,0.841,0.124
4392,skin,8,0.707,0.639,0.355
4392,skin,10,0.690,0.391,0.609
4392,skin,13,0.678,0.394,0.627
4392,skin,17,0.665,0.396,0.647
4392,skin,24,0.657,0.398,0.660
4393,skin,6,-0.362,0.885,0.444
4393,skin,8,-0.405,0.683,0.668
4393,skin,10,-0.361,0.434,0.846
4393,skin,13,-0.353,0.437,0.854
4393,skin,17,-0.345,0.440,0.864
4393,skin,24,-0.339,0.442,0.871
4395,skin,6,0.006,1.023,-0.174
4395,skin,8,0.020,0.977,-0.252
4395,skin,10,0.040,0.925,-0.322
4395,skin,13,0.069,0.931,-0.318
4395,skin,17,0.102,0.938,-0.313
4395,skin,24,0.124,0.942,-0.310
4396,neural,6,-0.504,0.480,0.843
4396,neural,8,-0.443,-0.100,0.971
4396,neural,10,-0.259,-0.631,0.793
4396,neural,13,-0.185,-0.756,0.708
4396,neural,17,-0.119,-0.870,0.631
4396,neural,24,-0.074,-0.945,0.580
4400,notochord,6,0.031,0.459,0.855
4400,notochord,8,0.028,-0.045,0.969
4400,notochord,10,0.017,-0.536,0.809
4400,notochord,13,0.008,-0.693,0.692
4400,notochord,17,0.003,-0.770,0.635
4400,notochord,24,0.000,-0.821,0.597
4403,muscle,6,-0.057,0.934,0.260
4403,muscle,8,-0.067,0.888,0.386
4403,muscle,10,-0.064,0.825,0.506
4403,muscle,13,-0.071,0.830,0.533
4403,muscle,17,-0.075,0.834,0.549
4403,muscle,24,-0.078,0.836,0.560
4404,skin,6,-0.601,0.273,-0.843
4404,skin,8,-0.792,-0.388,-0.574
4404,skin,10,-0.496,-0.851,-0.161
4404,skin,13,-0.507,-0.857,-0.136
4404,skin,17,-0.518,-0.864,-0.109
4404,skin,24,-0.526,-0.868,-0.090
4411,notochord,6,0.112,0.554,0.778
4411,notochord,8,0.108,0.131,0.946
4411,notochord,10,0.075,-0.322,0.902
4411,notochord,13,0.034,-0.483,0.850
4411,notochord,17,0.013,-0.562,0.825
4411,notochord,24,0.000,-0.614,0.808
4414,neural,6,0.214,0.792,0.640
4414,neural,8,0.228,0.509,0.872
4414,neural,10,0.189,0.168,0.997
4414,neural,13,0.131,0.082,1.037
4414,neural,17,0.079,0.004,1.074
4414,neural,24,0.044,-0.047,1.098
4415,skin,6,-0.716,0.794,0.224
4415,skin,8,-0.819,0.472,0.491
4415,skin,10,-0.717,0.111,0.717
4415,skin,13,-0.706,0.112,0.736
4415,skin,17,-0.693,0.113,0.758
4415,skin,24,-0.684,0.114,0.772
4420,skin,6,0.780,0.538,0.463
4420,skin,8,0.765,0.047,0.695
4420,skin,10,0.526,-0.436,0.726
4420,skin,13,0.516,-0.439,0.739
4420,skin,17,0.505,-0.442,0.753
4420,skin,24,0.498,-0.444,0.763
4424,skin,6,-0.073,0.896,-0.600
4424,skin,8,-0.203,0.652,-0.782
4424,skin,10,-0.350,0.371,-0.859
4424,skin,13,-0.422,0.374,-0.832
4424,skin,17,-0.502,0.378,-0.803
4424,skin,24,-0.555,0.380,-0.783
4429,skin,6,-0.609,0.653,0.529
4429,skin,8,-0.626,0.258,0.767
4429,skin,10,-0.480,-0.173,0.858
4429,skin,13,-0.471,-0.174,0.870
4429,skin,17,-0.461,-0.175,0.884
4429,skin,24,-0.454,-0.176,0.893
4431,skin,6,0.823,0.511,0.289
4431,skin,8,0.849,0.044,0.545
4431,skin,10,0.612,-0.429,0.642
4431,skin,13,0.600,-0.431,0.656
4431,skin,17,0.587,-0.434,0.673
4431,skin,24,0.579,-0.435,0.683
4432,skin,6,0.674,0.230,0.796
4432,skin,8,0.498,-0.447,0.795
4432,skin,10,0.176,-0.908,0.400
4432,skin,13,0.173,-0.914,0.405
4432,skin,17,0.169,-0.920,0.410
4432,skin,24,0.166,-0.924,0.413
4435,skin,6,0.617,0.581,-0.642
4435,skin,8,0.942,0.103,-0.479
4435,skin,10,0.954,-0.371,-0.141
4435,skin,13,0.965,-0.374,-0.097
4435,skin,17,0.977,-0.377,-0.049
4435,skin,24,0.985,-0.378,-0.016
4445,skin,6,0.898,0.509,-0.272
4445,skin,8,1.063,-0.004,0.019
4445,skin,10,0.842,-0.493,0.289
4445,skin,13,0.835,-0.496,0.318
4445,skin,17,0.827,-0.499,0.350
4445,skin,24,0.822,-0.501,0.371
4449,skin,6,0.182,1.046,-0.038
4449,skin,8,0.267,0.992,0.026
4449,skin,10,0.311,0.932,0.133
4449,skin,13,0.309,0.939,0.143
4449,skin,17,0.306,0.947,0.154
4449,skin,24,0.303,0.952,0.162
4462,notochord,6,-0.084,0.780,0.572
4462,notochord,8,-0.091,0.560,0.788
4462,notochord,10,-0.078,0.283,0.925
4462,notochord,13,-0.035,0.192,0.971
4462,notochord,17,-0.014,0.147,0.993
4462,notochord,24,0.000,0.117,1.008
4472,notochord,6,0.067,0.526,0.807
4472,notochord,8,0.062,0.076,0.961
4472,notochord,10,0.042,-0.392,0.882
4472,notochord,13,0.019,-0.554,0.808
4472,notochord,17,0.008,-0.633,0.772
4472,notochord,24,0.000,-0.686,0.748
4486,skin,6,-0.853,0.364,0.491
4486,skin,8,-0.748,-0.227,0.663
4486,skin,10,-0.399,-0.722,0.540
4486,skin,13,-0.392,-0.726,0.550
4486,skin,17,-0.383,-0.732,0.561
4486,skin,24,-0.378,-0.735,0.568
4492,notochord,6,0.121,0.311,0.913
4492,notochord,8,0.097,-0.283,0.924
4492,notochord,10,0.045,-0.771,0.588
4492,notochord,13,0.020,-0.892,0.392
4492,notochord,17,0.008,-0.951,0.295
4492,notochord,24,0.000,-0.991,0.231
4495,notochord,6,-0.058,0.699,0.719
4495,notochord,8,-0.059,0.362,0.934
4495,notochord,10,-0.047,-0.031,1.001
4495,notochord,13,-0.021,-0.167,0.987
4495,notochord,17,-0.008,-0.234,0.981
4495,notochord,24,0.000,-0.278,0.976
4503,neural,6,-0.479,0.523,0.794
4503,neural,8,-0.438,-0.005,0.952
4503,neural,10,-0.277,-0.517,0.843
4503,neural,13,-0.196,-0.649,0.788
4503,neural,17,-0.123,-0.768,0.739
4503,neural,24,-0.075,-0.847,0.706
4505,notochord,6,-0.124,0.672,0.747
4505,notochord,8,-0.125,0.303,0.956
4505,notochord,10,-0.095,-0.118,0.997
4505,notochord,13,-0.043,-0.261,0.967
4505,notochord,17,-0.017,-0.331,0.952
4505,notochord,24,0.000,-0.377,0.942
4506,skin,6,0.120,0.906,-0.352
4506,skin,8,0.300,0.812,-0.452
4506,skin,10,0.517,0.689,-0.467
4506,skin,13,0.549,0.692,-0.435
4506,skin,17,0.584,0.695,-0.398
4506,skin,24,0.608,0.697,-0.373
4507,muscle,6,0.178,0.895,0.378
4507,muscle,8,0.204,0.783,0.562
4507,muscle,10,0.189,0.635,0.724
4507,muscle,13,0.138,0.604,0.775
4507,muscle,17,0.108,0.586,0.806
4507,muscle,24,0.088,0.573,0.826
4508,notochord,6,0.088,0.715,0.645
4508,notochord,8,0.092,0.432,0.860
4508,notochord,10,0.075,0.091,0.959
4508,notochord,13,0.034,-0.029,0.985
4508,notochord,17,0.013,-0.089,0.998
4508,notochord,24,0.000,-0.128,1.007
4509,muscle,6,-0.228,0.246,0.919
4509,muscle,8,-0.171,-0.382,0.882
4509,muscle,10,-0.067,-0.849,0.471
4509,muscle,13,-0.074,-0.953,0.267
4509,muscle,17,-0.078,-1.015,0.144
4509,muscle,24,-0.081,-1.056,0.062
4515,skin,6,0.448,0.609,-0.637
4515,skin,8,0.793,0.215,-0.583
4515,skin,10,0.942,-0.216,-0.314
4515,skin,13,0.960,-0.216,-0.266
4515,skin,17,0.980,-0.217,-0.213
4515,skin,24,0.993,-0.218,-0.177
4516,skin,6,-0.662,0.791,-0.312
4516,skin,8,-0.950,0.478,-0.111
4516,skin,10,-1.014,0.125,0.211
4516,skin,13,-1.011,0.126,0.249
4516,skin,17,-1.007,0.127,0.291
4516,skin,24,-1.004,0.127,0.319
4519,notochord,6,-0.131,0.460,0.850
4519,notochord,8,-0.117,-0.047,0.967
4519,notochord,10,-0.071,-0.540,0.807
4519,notochord,13,-0.032,-0.696,0.690
4519,notochord,17,-0.013,-0.772,0.633
4519,notochord,24,0.000,-0.823,0.594
4520,skin,6,-0.512,0.465,0.840
4520,skin,8,-0.446,-0.119,0.961
4520,skin,10,-0.257,-0.648,0.773
4520,skin,13,-0.250,-0.650,0.778
4520,skin,17,-0.243,-0.652,0.782
4520,skin,24,-0.239,-0.653,0.786
4522,skin,6,-0.516,0.898,-0.294
4522,skin,8,-0.799,0.679,-0.152
4522,skin,10,-0.938,0.423,0.129
4522,skin,13,-0.938,0.426,0.165
4522,skin,17,-0.937,0.430,0.206
4522,skin,24,-0.936,0.432,0.233
4525,notochord,6,0.076,0.751,0.600
4525,notochord,8,0.081,0.508,0.815
4525,notochord,10,0.068,0.207,0.939
4525,notochord,13,0.031,0.104,0.981
4525,notochord,17,0.012,0.053,1.001
4525,notochord,24,0.000,0.020,1.015
4530,skin,6,0.964,0.418,-0.362
4530,skin,8,1.071,-0.181,-0.044
4530,skin,10,0.728,-0.680,0.206
4530,skin,13,0.724,-0.685,0.232
4530,skin,17,0.719,-0.691,0.261
4530,skin,24,0.716,-0.695,0.280
4536,muscle,6,-0.504,0.662,0.594
4536,muscle,8,-0.517,0.285,0.822
4536,muscle,10,-0.398,-0.135,0.902
4536,muscle,13,-0.250,-0.266,0.913
4536,muscle,17,-0.161,-0.344,0.920
4536,muscle,24,-0.102,-0.396,0.925
4546,muscle,6,-0.433,0.428,0.790
4546,muscle,8,-0.381,-0.110,0.908
4546,muscle,10,-0.222,-0.610,0.736
4546,muscle,13,-0.155,-0.741,0.619
4546,muscle,17,-0.115,-0.819,0.549
4546,muscle,24,-0.088,-0.871,0.502
4551,skin,6,-0.687,0.155,-0.825
4551,skin,8,-0.772,-0.547,-0.469
4551,skin,10,-0.295,-0.943,-0.068
4551,skin,13,-0.300,-0.951,-0.054
4551,skin,17,-0.306,-0.958,-0.038
4551,skin,24,-0.309,-0.964,-0.028
4557,skin,6,-0.978,0.414,-0.054
4557,skin,8,-1.011,-0.150,0.238
4557,skin,10,-0.660,-0.646,0.379
4557,skin,13,-0.651,-0.649,0.399
4557,skin,17,-0.641,-0.653,0.421
4557,skin,24,-0.635,-0.656,0.436
4558,neural,6,-0.326,0.494,0.879
4558,neural,8,-0.290,-0.056,1.008
4558,neural,10,-0.176,-0.581,0.843
4558,neural,13,-0.125,-0.709,0.761
4558,neural,17,-0.079,-0.823,0.688
4558,neural,24,-0.048,-0.900,0.638
4568,skin,6,-0.615,0.858,0.154
4568,skin,8,-0.743,0.620,0.397
4568,skin,10,-0.702,0.340,0.646
4568,skin,13,-0.690,0.342,0.665
4568,skin,17,-0.678,0.345,0.686
4568,skin,24,-0.669,0.347,0.700
4582,skin,6,0.519,0.791,0.416
4582,skin,8,0.576,0.523,0.660
4582,skin,10,0.499,0.204,0.841
4582,skin,13,0.490,0.205,0.853
4582,skin,17,0.479,0.207,0.867
4582,skin,24,0.472,0.208,0.876
4584,notochord,6,0.079,0.780,0.630
4584,notochord,8,0.084,0.522,0.854
4584,notochord,10,0.070,0.205,0.979
4584,notochord,13,0.032,0.096,0.999
4584,notochord,17,0.013,0.042,1.009
4584,notochord,24,0.000,0.007,1.015
4605,skin,6,-0.046,0.686,-0.712
4605,skin,8,-0.130,0.348,-0.906
4605,skin,10,-0.213,-0.038,-0.945
4605,skin,13,-0.294,-0.038,-0.924
4605,skin,17,-0.386,-0.038,-0.900
4605,skin,24,-0.446,-0.038,-0.885
4613,notochord,6,0.003,0.575,0.840
4613,notochord,8,0.002,0.117,1.010
4613,notochord,10,0.002,-0.367,0.947
4613,notochord,13,0.001,-0.518,0.859
4613,notochord,17,0.000,-0.592,0.816
4613,notochord,24,0.000,-0.642,0.787
4617,skin,6,-0.358,0.861,-0.269
4617,skin,8,-0.621,0.738,-0.198
4617,skin,10,-0.817,0.576,0.015
4617,skin,13,-0.817,0.578,0.049
4617,skin,17,-0.817,0.580,0.086
4617,skin,24,-0.817,0.581,0.111
4624,muscle,6,0.340,0.702,0.647
4624,muscle,8,0.352,0.363,0.872
4624,muscle,10,0.278,-0.028,0.959
4624,muscle,13,0.190,-0.150,0.964
4624,muscle,17,0.137,-0.223,0.966
4624,muscle,24,0.102,-0.272,0.968
4629,neural,6,0.190,0.746,0.752
4629,neural,8,0.194,0.383,0.981
4629,neural,10,0.152,-0.037,1.052
4629,neural,13,0.105,-0.146,1.057
4629,neural,17,0.062,-0.244,1.061
4629,neural,24,0.034,-0.309,1.064
4632,muscle,6,-0.153,0.582,0.782
4632,muscle,8,-0.148,0.159,0.962
4632,muscle,10,-0.104,-0.297,0.933
4632,muscle,13,-0.096,-0.436,0.879
4632,muscle,17,-0.091,-0.519,0.847
4632,muscle,24,-0.088,-0.575,0.826
4633,skin,6,0.044,1.005,-0.144
4633,skin,8,0.114,0.971,-0.191
4633,skin,10,0.205,0.932,-0.210
4633,skin,13,0.220,0.937,-0.196
4633,skin,17,0.236,0.943,-0.182
4633,skin,24,0.248,0.947,-0.172
4634,skin,6,-0.050,0.253,-0.935
4634,skin,8,-0.108,-0.367,-0.888
4634,skin,10,-0.091,-0.831,-0.477
4634,skin,13,-0.133,-0.834,-0.467
4634,skin,17,-0.179,-0.838,-0.456
4634,skin,24,-0.210,-0.840,-0.449
4641,muscle,6,0.258,0.508,0.835
4641,muscle,8,0.236,0.007,0.979
4641,muscle,10,0.151,-0.492,0.859
4641,muscle,13,0.126,-0.626,0.759
4641,muscle,17,0.111,-0.706,0.699
4641,muscle,24,0.101,-0.760,0.659
4654,notochord,6,-0.059,0.827,0.516
4654,notochord,8,-0.065,0.651,0.725
4654,notochord,10,-0.057,0.424,0.877
4654,notochord,13,-0.026,0.356,0.928
4654,notochord,17,-0.010,0.322,0.953
4654,notochord,24,0.000,0.300,0.970
4655,notochord,6,0.012,0.947,0.320
4655,notochord,8,0.014,0.881,0.470
4655,notochord,10,0.013,0.792,0.606
4655,notochord,13,0.006,0.780,0.637
4655,notochord,17,0.002,0.774,0.652
4655,notochord,24,0.000,0.770,0.661
4663,skin,6,-0.169,0.976,0.062
4663,skin,8,-0.219,0.947,0.143
4663,skin,10,-0.230,0.912,0.246
4663,skin,13,-0.226,0.917,0.251
4663,skin,17,-0.221,0.922,0.258
4663,skin,24,-0.218,0.926,0.262
4668,skin,6,0.244,0.686,-0.792
4668,skin,8,0.524,0.260,-0.868
4668,skin,10,0.706,-0.180,-0.711
4668,skin,13,0.759,-0.182,-0.667
4668,skin,17,0.817,-0.184,-0.618
4668,skin,24,0.856,-0.185,-0.585
4675,skin,6,-0.835,0.553,0.165
4675,skin,8,-0.911,0.116,0.438
4675,skin,10,-0.708,-0.342,0.606
4675,skin,13,-0.695,-0.344,0.624
4675,skin,17,-0.681,-0.345,0.644
4675,skin,24,-0.672,-0.346,0.657
4679,skin,6,-0.015,0.970,-0.339
4679,skin,8,-0.050,0.877,-0.483
4679,skin,10,-0.098,0.764,-0.602
4679,skin,13,-0.152,0.769,-0.592
4679,skin,17,-0.212,0.774,-0.581
4679,skin,24,-0.252,0.778,-0.573
4689,skin,6,-0.345,0.991,-0.052
4689,skin,8,-0.491,0.898,0.074
4689,skin,10,-0.555,0.787,0.267
4689,skin,13,-0.549,0.793,0.285
4689,skin,17,-0.543,0.799,0.305
4689,skin,24,-0.538,0.803,0.318
4706,skin,6,0.356,0.897,0.167
4706,skin,8,0.445,0.803,0.342
4706,skin,10,0.447,0.678,0.539
4706,skin,13,0.439,0.682,0.550
4706,skin,17,0.429,0.686,0.562
4706,skin,24,0.423,0.689,0.569
4707,skin,6,0.376,0.823,-0.421
4707,skin,8,0.692,0.621,-0.386
4707,skin,10,0.932,0.370,-0.177
4707,skin,13,0.942,0.372,-0.133
4707,skin,17,0.954,0.374,-0.085
4707,skin,24,0.962,0.375,-0.052
4709,skin,6,-0.623,0.364,-0.680
4709,skin,8,-0.871,-0.199,-0.470
4709,skin,10,-0.700,-0.690,-0.122
4709,skin,13,-0.707,-0.693,-0.089
4709,skin,17,-0.714,-0.695,-0.053
4709,skin,24,-0.719,-0.697,-0.029
4718,skin,6,-0.025,1.054,0.128
4718,skin,8,-0.029,1.040,0.192
4718,skin,10,-0.029,1.022,0.255
4718,skin,13,-0.028,1.025,0.256
4718,skin,17,-0.027,1.027,0.257
4718,skin,24,-0.026,1.029,0.257
4719,skin,6,-0.715,0.709,-0.277
4719,skin,8,-0.984,0.363,-0.049
4719,skin,10,-0.994,-0.025,0.273
4719,skin,13,-0.988,-0.026,0.308
4719,skin,17,-0.980,-0.026,0.347
4719,skin,24,-0.975,-0.026,0.373
4733,notochord,6,0.028,0.561,0.842
4733,notochord,8,0.026,0.096,1.006
4733,notochord,10,0.018,-0.390,0.931
4733,notochord,13,0.008,-0.542,0.841
4733,notochord,17,0.003,-0.616,0.796
4733,notochord,24,0.000,-0.666,0.766
4735,skin,6,-0.172,1.030,-0.228
4735,skin,8,-0.343,0.948,-0.232
4735,skin,10,-0.507,0.853,-0.146
4735,skin,13,-0.518,0.860,-0.121
4735,skin,17,-0.529,0.867,-0.093
4735,skin,24,-0.537,0.872,-0.075
4741,skin,6,-0.034,0.885,-0.492
4741,skin,8,-0.104,0.719,-0.679
4741,skin,10,-0.193,0.513,-0.807
4741,skin,13,-0.263,0.516,-0.789
4741,skin,17,-0.341,0.519,-0.769
4741,skin,24,-0.393,0.521,-0.755
4744,skin,6,0.667,0.517,0.613
4744,skin,8,0.630,0.014,0.809
4744,skin,10,0.414,-0.478,0.771
4744,skin,13,0.406,-0.481,0.781
4744,skin,17,0.397,-0.485,0.793
4744,skin,24,0.391,-0.488,0.801
4746,neural,6,-0.123,0.974,0.431
4746,neural,8,-0.140,0.851,0.626
4746,neural,10,-0.129,0.691,0.792
4746,neural,13,-0.092,0.670,0.837
4746,neural,17,-0.060,0.651,0.878
4746,neural,24,-0.038,0.638,0.905
4749,skin,6,0.044,0.576,-0.841
4749,skin,8,0.117,0.114,-0.985
4749,skin,10,0.166,-0.353,-0.896
4749,skin,13,0.245,-0.356,-0.879
4749,skin,17,0.333,-0.358,-0.860
4749,skin,24,0.392,-0.359,-0.848
4750,skin,6,0.603,0.763,0.182
4750,skin,8,0.729,0.526,0.430
4750,skin,10,0.685,0.234,0.675
4750,skin,13,0.672,0.235,0.691
4750,skin,17,0.657,0.236,0.710
4750,skin,24,0.648,0.237,0.722
4757,skin,6,0.456,0.365,-0.917
4757,skin,8,0.706,-0.272,-0.744
4757,skin,10,0.573,-0.762,-0.331
4757,skin,13,0.596,-0.769,-0.299
4757,skin,17,0.621,-0.776,-0.264
4757,skin,24,0.638,-0.780,-0.240
4761,notochord,6,0.062,0.372,0.954
4761,notochord,8,0.051,-0.233,0.996
4761,notochord,10,0.026,-0.755,0.690
4761,notochord,13,0.012,-0.867,0.494
4761,notochord,17,0.005,-0.922,0.398
4761,notochord,24,0.000,-0.959,0.334
4765,skin,6,0.138,0.948,-0.354
4765,skin,8,0.329,0.842,-0.438
4765,skin,10,0.548,0.710,-0.427
4765,skin,13,0.577,0.714,-0.394
4765,skin,17,0.610,0.718,-0.358
4765,skin,24,0.631,0.722,-0.333
4766,muscle,6,-0.136,0.637,0.768
4766,muscle,8,-0.134,0.242,0.966
4766,muscle,10,-0.099,-0.198,0.978
4766,muscle,13,-0.100,-0.331,0.935
4766,muscle,17,-0.100,-0.411,0.910
4766,muscle,24,-0.101,-0.464,0.893
4777,skin,6,0.039,0.836,-0.626
4777,skin,8,0.116,0.577,-0.826
4777,skin,10,0.202,0.275,-0.923
4777,skin,13,0.283,0.277,-0.905
4777,skin,17,0.374,0.279,-0.884
4777,skin,24,0.434,0.281,-0.870
4783,skin,6,0.133,0.964,-0.016
4783,skin,8,0.196,0.949,0.034
4783,skin,10,0.232,0.930,0.118
4783,skin,13,0.228,0.934,0.125
4783,skin,17,0.225,0.938,0.132
4783,skin,24,0.222,0.941,0.138
4784,skin,6,0.643,0.738,-0.414
4784,skin,8,0.958,0.392,-0.234
4784,skin,10,1.039,0.007,0.090
4784,skin,13,1.039,0.007,0.132
4784,skin,17,1.039,0.008,0.178
4784,skin,24,1.039,0.008,0.209
4788,skin,6,-0.954,0.565,0.047
4788,skin,8,-1.024,0.058,0.342
4788,skin,10,-0.764,-0.427,0.524
4788,skin,13,-0.754,-0.430,0.547
4788,skin,17,-0.743,-0.434,0.572
4788,skin,24,-0.736,-0.436,0.589
4794,skin,6,0.036,0.787,-0.605
4794,skin,8,0.109,0.542,-0.811
4794,skin,10,0.193,0.246,-0.918
4794,skin,13,0.273,0.247,-0.899
4794,skin,17,0.362,0.249,-0.877
4794,skin,24,0.422,0.250,-0.862
4797,notochord,6,-0.075,0.488,0.854
4797,notochord,8,-0.068,-0.009,0.983
4797,notochord,10,-0.043,-0.503,0.846
4797,notochord,13,-0.019,-0.658,0.735
4797,notochord,17,-0.008,-0.734,0.680
4797,notochord,24,0.000,-0.785,0.644
4798,skin,6,0.636,0.537,0.668
4798,skin,8,0.596,0.025,0.857
4798,skin,10,0.390,-0.473,0.805
4798,skin,13,0.382,-0.476,0.815
4798,skin,17,0.373,-0.480,0.825
4798,skin,24,0.367,-0.482,0.832
4801,neural,6,0.335,0.378,0.914
4801,neural,8,0.277,-0.232,0.971
4801,neural,10,0.141,-0.753,0.682
4801,neural,13,0.104,-0.866,0.556
4801,neural,17,0.070,-0.968,0.443
4801,neural,24,0.048,-1.036,0.367
4802,notochord,6,-0.013,0.882,0.395
4802,notochord,8,-0.015,0.779,0.571
4802,notochord,10,-0.014,0.642,0.722
4802,notochord,13,-0.006,0.619,0.775
4802,notochord,17,-0.003,0.608,0.801
4802,notochord,24,0.000,0.600,0.819
4803,skin,6,-0.335,0.708,-0.650
4803,skin,8,-0.666,0.366,-0.678
4803,skin,10,-0.893,-0.020,-0.492
4803,skin,13,-0.925,-0.020,-0.442
4803,skin,17,-0.960,-0.020,-0.387
4803,skin,24,-0.983,-0.020,-0.350
4809,neural,6,-0.097,0.930,0.411
4809,neural,8,-0.111,0.818,0.598
4809,neural,10,-0.102,0.669,0.757
4809,neural,13,-0.074,0.658,0.810
4809,neural,17,-0.048,0.647,0.857
4809,neural,24,-0.032,0.640,0.889
