track,lineage,hpf,x,y,z
0,skin,6.0,-0.907,0.052,-0.612
0,skin,7.0,-0.903,0.057,-0.616
0,skin,8.0,-0.885,0.08,-0.633
0,skin,9.0,-0.856,0.099,-0.659
0,skin,10.0,-0.815,0.151,-0.688
0,skin,11.0,-0.751,0.201,-0.727
0,skin,12.0,-0.704,0.24,-0.749
0,skin,13.0,-0.505,0.285,-0.847
0,skin,14.0,-0.359,0.37,-0.866
0,skin,15.0,-0.168,0.467,-0.858
0,skin,16.0,0.022,0.502,-0.849
0,skin,17.0,0.196,0.553,-0.795
0,skin,18.0,0.361,0.591,-0.717
0,skin,19.0,0.47,0.554,-0.702
0,skin,20.0,0.562,0.573,-0.63
0,skin,21.0,0.622,0.563,-0.597
0,skin,22.0,0.655,0.567,-0.565
0,skin,23.0,0.678,0.566,-0.545
0,skin,24.0,0.686,0.565,-0.54
1,notochord,6.0,-0.528,0.222,0.857
1,notochord,7.0,-0.533,0.23,0.85
1,notochord,8.0,-0.549,0.241,0.828
1,notochord,9.0,-0.567,0.274,0.792
1,notochord,10.0,-0.605,0.283,0.75
1,notochord,11.0,-0.661,0.358,0.715
1,notochord,12.0,-0.673,0.389,0.639
1,notochord,13.0,-0.742,0.434,0.587
1,notochord,14.0,-0.785,0.473,0.489
1,notochord,15.0,-0.828,0.535,0.425
1,notochord,16.0,-0.906,0.586,0.364
1,notochord,17.0,-0.941,0.64,0.298
1,notochord,18.0,-0.985,0.705,0.257
1,notochord,19.0,-1.043,0.743,0.17
1,notochord,20.0,-1.079,0.778,0.136
1,notochord,21.0,-1.115,0.812,0.075
1,notochord,22.0,-1.139,0.839,0.046
1,notochord,23.0,-1.154,0.851,0.027
1,notochord,24.0,-1.16,0.86,0.015
2,skin,6.0,1.07,0.324,-0.132
2,skin,7.0,1.068,0.332,-0.127
2,skin,8.0,1.064,0.345,-0.111
2,skin,9.0,1.054,0.372,-0.082
2,skin,10.0,1.034,0.412,-0.054
2,skin,11.0,1.007,0.459,0.002
2,skin,12.0,0.974,0.501,0.068
2,skin,13.0,0.914,0.562,0.136
2,skin,14.0,0.784,0.656,0.241
2,skin,15.0,0.64,0.715,0.352
2,skin,16.0,0.493,0.743,0.452
2,skin,17.0,0.31,0.748,0.554
2,skin,18.0,0.11,0.762,0.59
2,skin,19.0,-0.014,0.737,0.631
2,skin,20.0,-0.111,0.704,0.664
2,skin,21.0,-0.19,0.684,0.674
2,skin,22.0,-0.255,0.664,0.68
2,skin,23.0,-0.288,0.653,0.681
2,skin,24.0,-0.299,0.65,0.681
3,muscle,6.0,-0.8,-0.275,0.657
3,muscle,7.0,-0.783,-0.261,0.65
3,muscle,8.0,-0.728,-0.238,0.625
3,muscle,9.0,-0.671,-0.195,0.569
3,muscle,10.0,-0.569,-0.129,0.51
3,muscle,11.0,-0.459,-0.072,0.468
3,muscle,12.0,-0.343,0.007,0.394
3,muscle,13.0,-0.204,0.088,0.31
3,muscle,14.0,-0.049,0.203,0.222
3,muscle,15.0,0.09,0.244,0.139
3,muscle,16.0,0.244,0.353,0.075
3,muscle,17.0,0.389,0.432,0.002
3,muscle,18.0,0.531,0.525,-0.093
3,muscle,19.0,0.649,0.592,-0.15
3,muscle,20.0,0.773,0.674,-0.232
3,muscle,21.0,0.851,0.723,-0.271
3,muscle,22.0,0.935,0.766,-0.313
3,muscle,23.0,0.976,0.789,-0.336
3,muscle,24.0,0.991,0.8,-0.345
4,neural,6.0,-0.841,-0.026,-0.681
4,neural,7.0,-0.84,-0.016,-0.675
4,neural,8.0,-0.839,0.015,-0.652
4,neural,9.0,-0.841,0.05,-0.633
4,neural,10.0,-0.818,0.107,-0.601
4,neural,11.0,-0.824,0.158,-0.558
4,neural,12.0,-0.802,0.233,-0.518
4,neural,13.0,-0.793,0.324,-0.443
4,neural,14.0,-0.792,0.403,-0.409
4,neural,15.0,-0.763,0.46,-0.336
4,neural,16.0,-0.777,0.555,-0.297
4,neural,17.0,-0.754,0.646,-0.218
4,neural,18.0,-0.76,0.728,-0.191
4,neural,19.0,-0.733,0.793,-0.125
4,neural,20.0,-0.737,0.845,-0.081
4,neural,21.0,-0.724,0.91,-0.064
4,neural,22.0,-0.726,0.943,-0.034
4,neural,23.0,-0.723,0.967,-0.017
4,neural,24.0,-0.721,0.98,-0.013
5,notochord,6.0,-0.616,0.698,0.417
5,notochord,7.0,-0.613,0.698,0.412
5,notochord,8.0,-0.597,0.702,0.404
5,notochord,9.0,-0.573,0.718,0.397
5,notochord,10.0,-0.552,0.728,0.356
5,notochord,11.0,-0.506,0.738,0.334
5,notochord,12.0,-0.483,0.725,0.306
5,notochord,13.0,-0.457,0.769,0.281
5,notochord,14.0,-0.404,0.771,0.239
5,notochord,15.0,-0.36,0.786,0.199
5,notochord,16.0,-0.333,0.807,0.172
5,notochord,17.0,-0.263,0.798,0.147
5,notochord,18.0,-0.255,0.806,0.098
5,notochord,19.0,-0.21,0.826,0.077
5,notochord,20.0,-0.164,0.832,0.051
5,notochord,21.0,-0.135,0.848,0.019
5,notochord,22.0,-0.124,0.857,0.006
5,notochord,23.0,-0.109,0.857,-0.005
5,notochord,24.0,-0.102,0.86,-0.007
6,muscle,6.0,0.877,0.613,0.05
6,muscle,7.0,0.871,0.615,0.05
6,muscle,8.0,0.856,0.619,0.063
6,muscle,9.0,0.829,0.632,0.066
6,muscle,10.0,0.805,0.642,0.08
6,muscle,11.0,0.782,0.64,0.086
6,muscle,12.0,0.731,0.66,0.122
6,muscle,13.0,0.707,0.703,0.13
6,muscle,14.0,0.643,0.67,0.146
6,muscle,15.0,0.601,0.726,0.175
6,muscle,16.0,0.566,0.728,0.177
6,muscle,17.0,0.496,0.74,0.2
6,muscle,18.0,0.454,0.751,0.23
6,muscle,19.0,0.435,0.753,0.255
6,muscle,20.0,0.392,0.788,0.252
6,muscle,21.0,0.368,0.783,0.272
6,muscle,22.0,0.339,0.794,0.282
6,muscle,23.0,0.33,0.8,0.284
6,muscle,24.0,0.325,0.8,0.286
7,neural,6.0,0.948,-0.249,0.502
7,neural,7.0,0.935,-0.234,0.497
7,neural,8.0,0.881,-0.207,0.492
7,neural,9.0,0.796,-0.165,0.482
7,neural,10.0,0.705,-0.095,0.469
7,neural,11.0,0.559,-0.02,0.445
7,neural,12.0,0.434,0.065,0.413
7,neural,13.0,0.288,0.141,0.402
7,neural,14.0,0.106,0.265,0.37
7,neural,15.0,-0.045,0.369,0.325
7,neural,16.0,-0.229,0.488,0.309
7,neural,17.0,-0.366,0.577,0.305
7,neural,18.0,-0.541,0.687,0.26
7,neural,19.0,-0.682,0.737,0.224
7,neural,20.0,-0.8,0.826,0.211
7,neural,21.0,-0.902,0.89,0.206
7,neural,22.0,-0.98,0.94,0.176
7,neural,23.0,-1.025,0.969,0.175
7,neural,24.0,-1.044,0.98,0.168
8,skin,6.0,0.964,0.09,-0.536
8,skin,7.0,0.962,0.097,-0.539
8,skin,8.0,0.956,0.102,-0.546
8,skin,9.0,0.944,0.133,-0.554
8,skin,10.0,0.921,0.155,-0.576
8,skin,11.0,0.894,0.204,-0.592
8,skin,12.0,0.854,0.251,-0.615
8,skin,13.0,0.818,0.292,-0.632
8,skin,14.0,0.728,0.356,-0.677
8,skin,15.0,0.658,0.419,-0.691
8,skin,16.0,0.595,0.471,-0.698
8,skin,17.0,0.487,0.559,-0.689
8,skin,18.0,0.388,0.597,-0.701
8,skin,19.0,0.268,0.658,-0.683
8,skin,20.0,0.189,0.674,-0.685
8,skin,21.0,0.137,0.7,-0.666
8,skin,22.0,0.075,0.72,-0.649
8,skin,23.0,0.043,0.722,-0.648
8,skin,24.0,0.029,0.726,-0.645
9,skin,6.0,-0.52,0.748,-0.419
9,skin,7.0,-0.518,0.748,-0.422
9,skin,8.0,-0.504,0.748,-0.433
9,skin,9.0,-0.506,0.742,-0.444
9,skin,10.0,-0.502,0.744,-0.443
9,skin,11.0,-0.492,0.743,-0.453
9,skin,12.0,-0.482,0.727,-0.489
9,skin,13.0,-0.439,0.753,-0.475
9,skin,14.0,-0.448,0.737,-0.496
9,skin,15.0,-0.407,0.736,-0.524
9,skin,16.0,-0.408,0.716,-0.554
9,skin,17.0,-0.382,0.725,-0.554
9,skin,18.0,-0.347,0.721,-0.576
9,skin,19.0,-0.364,0.7,-0.598
9,skin,20.0,-0.339,0.699,-0.61
9,skin,21.0,-0.318,0.682,-0.639
9,skin,22.0,-0.308,0.687,-0.637
9,skin,23.0,-0.296,0.688,-0.64
9,skin,24.0,-0.297,0.685,-0.643
10,neural,6.0,0.877,0.019,0.646
10,neural,7.0,0.876,0.032,0.646
10,neural,8.0,0.897,0.053,0.622
10,neural,9.0,0.907,0.081,0.596
10,neural,10.0,0.942,0.145,0.574
10,neural,11.0,0.985,0.203,0.521
10,neural,12.0,1.009,0.275,0.491
10,neural,13.0,1.031,0.356,0.444
10,neural,14.0,1.089,0.425,0.377
10,neural,15.0,1.106,0.516,0.333
10,neural,16.0,1.143,0.595,0.287
10,neural,17.0,1.174,0.644,0.238
10,neural,18.0,1.228,0.735,0.187
10,neural,19.0,1.239,0.809,0.149
10,neural,20.0,1.283,0.862,0.097
10,neural,21.0,1.301,0.908,0.072
10,neural,22.0,1.329,0.946,0.051
10,neural,23.0,1.339,0.972,0.036
10,neural,24.0,1.343,0.98,0.03
11,neural,6.0,1.049,0.337,-0.207
11,neural,7.0,1.05,0.345,-0.205
11,neural,8.0,1.049,0.354,-0.2
11,neural,9.0,1.031,0.392,-0.191
11,neural,10.0,1.023,0.424,-0.188
11,neural,11.0,1.029,0.45,-0.168
11,neural,12.0,0.996,0.51,-0.141
11,neural,13.0,0.978,0.544,-0.121
11,neural,14.0,0.981,0.606,-0.148
11,neural,15.0,0.964,0.679,-0.117
11,neural,16.0,0.925,0.723,-0.071
11,neural,17.0,0.915,0.743,-0.059
11,neural,18.0,0.907,0.804,-0.045
11,neural,19.0,0.885,0.861,-0.037
11,neural,20.0,0.889,0.888,-0.018
11,neural,21.0,0.868,0.935,-0.008
11,neural,22.0,0.851,0.954,0.006
11,neural,23.0,0.851,0.972,0.005
11,neural,24.0,0.848,0.98,0.011
12,skin,6.0,-1.068,0.299,-0.195
12,skin,7.0,-1.067,0.302,-0.196
12,skin,8.0,-1.06,0.314,-0.202
12,skin,9.0,-1.055,0.32,-0.213
12,skin,10.0,-1.045,0.331,-0.231
12,skin,11.0,-1.034,0.35,-0.237
12,skin,12.0,-1.027,0.356,-0.25
12,skin,13.0,-1.013,0.37,-0.269
12,skin,14.0,-1.005,0.365,-0.297
12,skin,15.0,-0.969,0.422,-0.303
12,skin,16.0,-0.953,0.431,-0.329
12,skin,17.0,-0.926,0.456,-0.349
12,skin,18.0,-0.903,0.464,-0.38
12,skin,19.0,-0.896,0.469,-0.385
12,skin,20.0,-0.888,0.484,-0.379
12,skin,21.0,-0.861,0.501,-0.402
12,skin,22.0,-0.857,0.504,-0.404
12,skin,23.0,-0.849,0.509,-0.409
12,skin,24.0,-0.845,0.512,-0.412
13,notochord,6.0,0.016,0.596,0.778
13,notochord,7.0,0.003,0.6,0.775
13,notochord,8.0,-0.029,0.606,0.747
13,notochord,9.0,-0.074,0.618,0.728
13,notochord,10.0,-0.145,0.624,0.688
13,notochord,11.0,-0.197,0.653,0.648
13,notochord,12.0,-0.297,0.687,0.571
13,notochord,13.0,-0.388,0.689,0.502
13,notochord,14.0,-0.507,0.727,0.467
13,notochord,15.0,-0.572,0.713,0.381
13,notochord,16.0,-0.704,0.745,0.325
13,notochord,17.0,-0.777,0.785,0.279
13,notochord,18.0,-0.866,0.771,0.203
13,notochord,19.0,-0.936,0.811,0.16
13,notochord,20.0,-1.044,0.844,0.107
13,notochord,21.0,-1.097,0.838,0.072
13,notochord,22.0,-1.139,0.855,0.053
13,notochord,23.0,-1.171,0.858,0.025
13,notochord,24.0,-1.182,0.86,0.022
14,skin,6.0,-1.071,-0.249,-0.254
14,skin,7.0,-1.072,-0.249,-0.249
14,skin,8.0,-1.082,-0.23,-0.236
14,skin,9.0,-1.093,-0.226,-0.202
14,skin,10.0,-1.106,-0.206,-0.167
14,skin,11.0,-1.135,-0.137,-0.073
14,skin,12.0,-1.147,-0.073,0.006
14,skin,13.0,-1.13,0.063,0.174
14,skin,14.0,-1.014,0.208,0.418
14,skin,15.0,-0.705,0.393,0.673
14,skin,16.0,-0.379,0.527,0.764
14,skin,17.0,-0.078,0.54,0.82
14,skin,18.0,0.123,0.543,0.814
14,skin,19.0,0.256,0.544,0.789
14,skin,20.0,0.333,0.546,0.765
14,skin,21.0,0.395,0.53,0.756
14,skin,22.0,0.428,0.527,0.744
14,skin,23.0,0.454,0.519,0.739
14,skin,24.0,0.457,0.519,0.737
15,notochord,6.0,-0.785,0.505,-0.501
15,notochord,7.0,-0.77,0.509,-0.494
15,notochord,8.0,-0.731,0.519,-0.49
15,notochord,9.0,-0.684,0.536,-0.475
15,notochord,10.0,-0.597,0.537,-0.446
15,notochord,11.0,-0.524,0.575,-0.428
15,notochord,12.0,-0.409,0.589,-0.396
15,notochord,13.0,-0.302,0.626,-0.363
15,notochord,14.0,-0.189,0.653,-0.329
15,notochord,15.0,-0.073,0.687,-0.287
15,notochord,16.0,0.065,0.707,-0.233
15,notochord,17.0,0.194,0.747,-0.21
15,notochord,18.0,0.283,0.779,-0.18
15,notochord,19.0,0.4,0.791,-0.138
15,notochord,20.0,0.477,0.8,-0.113
15,notochord,21.0,0.554,0.848,-0.101
15,notochord,22.0,0.618,0.855,-0.075
15,notochord,23.0,0.651,0.861,-0.067
15,notochord,24.0,0.665,0.86,-0.062
16,skin,6.0,-1.11,-0.077,-0.249
16,skin,7.0,-1.108,-0.074,-0.258
16,skin,8.0,-1.104,-0.052,-0.276
16,skin,9.0,-1.089,-0.031,-0.319
16,skin,10.0,-1.076,-0.016,-0.353
16,skin,11.0,-1.041,0.052,-0.421
16,skin,12.0,-0.984,0.134,-0.499
16,skin,13.0,-0.916,0.166,-0.579
16,skin,14.0,-0.771,0.288,-0.677
16,skin,15.0,-0.623,0.372,-0.744
16,skin,16.0,-0.411,0.463,-0.797
16,skin,17.0,-0.232,0.517,-0.814
16,skin,18.0,-0.047,0.545,-0.818
16,skin,19.0,0.104,0.57,-0.795
16,skin,20.0,0.219,0.591,-0.759
16,skin,21.0,0.29,0.578,-0.753
16,skin,22.0,0.344,0.584,-0.73
16,skin,23.0,0.372,0.584,-0.72
16,skin,24.0,0.38,0.583,-0.717
17,neural,6.0,1.004,-0.227,0.425
17,neural,7.0,0.999,-0.216,0.424
17,neural,8.0,0.992,-0.182,0.412
17,neural,9.0,0.98,-0.134,0.401
17,neural,10.0,0.97,-0.071,0.362
17,neural,11.0,0.952,0.0,0.328
17,neural,12.0,0.916,0.076,0.31
17,neural,13.0,0.9,0.177,0.254
17,neural,14.0,0.896,0.26,0.249
17,neural,15.0,0.861,0.368,0.206
17,neural,16.0,0.841,0.473,0.161
17,neural,17.0,0.83,0.575,0.122
17,neural,18.0,0.788,0.663,0.081
17,neural,19.0,0.774,0.754,0.051
17,neural,20.0,0.755,0.825,0.03
17,neural,21.0,0.736,0.893,-0.002
17,neural,22.0,0.718,0.934,-0.023
17,neural,23.0,0.713,0.968,-0.036
17,neural,24.0,0.71,0.98,-0.038
18,muscle,6.0,0.722,0.646,-0.38
18,muscle,7.0,0.723,0.648,-0.376
18,muscle,8.0,0.739,0.651,-0.362
18,muscle,9.0,0.733,0.67,-0.34
18,muscle,10.0,0.751,0.671,-0.324
18,muscle,11.0,0.722,0.703,-0.281
18,muscle,12.0,0.776,0.694,-0.211
18,muscle,13.0,0.762,0.68,-0.208
18,muscle,14.0,0.765,0.705,-0.133
18,muscle,15.0,0.763,0.709,-0.088
18,muscle,16.0,0.8,0.741,-0.065
18,muscle,17.0,0.784,0.75,-0.014
18,muscle,18.0,0.824,0.761,0.034
18,muscle,19.0,0.833,0.774,0.06
18,muscle,20.0,0.856,0.789,0.101
18,muscle,21.0,0.842,0.795,0.14
18,muscle,22.0,0.851,0.791,0.158
18,muscle,23.0,0.853,0.798,0.169
18,muscle,24.0,0.858,0.8,0.175
19,skin,6.0,0.77,0.342,0.65
19,skin,7.0,0.765,0.35,0.649
19,skin,8.0,0.758,0.374,0.641
19,skin,9.0,0.743,0.412,0.628
19,skin,10.0,0.708,0.478,0.607
19,skin,11.0,0.635,0.582,0.566
19,skin,12.0,0.546,0.678,0.516
19,skin,13.0,0.351,0.85,0.327
19,skin,14.0,0.067,0.941,0.121
19,skin,15.0,-0.272,0.919,-0.088
19,skin,16.0,-0.501,0.797,-0.327
19,skin,17.0,-0.586,0.701,-0.442
19,skin,18.0,-0.691,0.611,-0.475
19,skin,19.0,-0.719,0.544,-0.53
19,skin,20.0,-0.735,0.492,-0.568
19,skin,21.0,-0.758,0.46,-0.576
19,skin,22.0,-0.767,0.442,-0.582
19,skin,23.0,-0.773,0.425,-0.59
19,skin,24.0,-0.775,0.42,-0.592
20,muscle,6.0,0.071,-0.224,-0.97
20,muscle,7.0,0.061,-0.213,-0.958
20,muscle,8.0,0.031,-0.191,-0.93
20,muscle,9.0,-0.007,-0.147,-0.893
20,muscle,10.0,-0.057,-0.084,-0.834
20,muscle,11.0,-0.134,-0.035,-0.751
20,muscle,12.0,-0.202,0.024,-0.659
20,muscle,13.0,-0.283,0.104,-0.591
20,muscle,14.0,-0.364,0.192,-0.454
20,muscle,15.0,-0.454,0.279,-0.355
20,muscle,16.0,-0.542,0.366,-0.278
20,muscle,17.0,-0.637,0.453,-0.183
20,muscle,18.0,-0.707,0.541,-0.084
20,muscle,19.0,-0.776,0.598,-0.006
20,muscle,20.0,-0.853,0.668,0.087
20,muscle,21.0,-0.906,0.719,0.143
20,muscle,22.0,-0.956,0.768,0.179
20,muscle,23.0,-0.973,0.79,0.215
20,muscle,24.0,-0.981,0.8,0.228
21,skin,6.0,-0.744,-0.272,0.707
21,skin,7.0,-0.748,-0.271,0.704
21,skin,8.0,-0.754,-0.253,0.707
21,skin,9.0,-0.762,-0.252,0.701
21,skin,10.0,-0.781,-0.211,0.7
21,skin,11.0,-0.821,-0.132,0.686
21,skin,12.0,-0.86,-0.111,0.654
21,skin,13.0,-0.916,-0.007,0.604
21,skin,14.0,-0.938,0.117,0.566
21,skin,15.0,-0.993,0.292,0.4
21,skin,16.0,-0.874,0.603,0.136
21,skin,17.0,-0.682,0.753,-0.143
21,skin,18.0,-0.464,0.828,-0.28
21,skin,19.0,-0.265,0.819,-0.452
21,skin,20.0,-0.159,0.811,-0.502
21,skin,21.0,-0.058,0.794,-0.547
21,skin,22.0,-0.009,0.784,-0.565
21,skin,23.0,0.012,0.773,-0.582
21,skin,24.0,0.024,0.768,-0.589
22,muscle,6.0,-0.589,0.292,-0.802
22,muscle,7.0,-0.575,0.297,-0.795
22,muscle,8.0,-0.546,0.304,-0.766
22,muscle,9.0,-0.494,0.321,-0.718
22,muscle,10.0,-0.42,0.361,-0.686
22,muscle,11.0,-0.358,0.396,-0.612
22,muscle,12.0,-0.252,0.408,-0.542
22,muscle,13.0,-0.149,0.475,-0.492
22,muscle,14.0,-0.063,0.511,-0.405
22,muscle,15.0,0.041,0.559,-0.313
22,muscle,16.0,0.16,0.579,-0.223
22,muscle,17.0,0.252,0.613,-0.144
22,muscle,18.0,0.364,0.67,-0.065
22,muscle,19.0,0.451,0.705,0.025
22,muscle,20.0,0.538,0.733,0.058
22,muscle,21.0,0.602,0.765,0.11
22,muscle,22.0,0.656,0.783,0.151
22,muscle,23.0,0.687,0.793,0.174
22,muscle,24.0,0.696,0.8,0.185
23,skin,6.0,-0.815,-0.025,0.705
23,skin,7.0,-0.812,-0.021,0.708
23,skin,8.0,-0.795,-0.001,0.722
23,skin,9.0,-0.773,0.02,0.74
23,skin,10.0,-0.747,0.06,0.757
23,skin,11.0,-0.707,0.099,0.781
23,skin,12.0,-0.648,0.155,0.81
23,skin,13.0,-0.563,0.223,0.84
23,skin,14.0,-0.478,0.284,0.859
23,skin,15.0,-0.347,0.392,0.86
23,skin,16.0,-0.234,0.436,0.865
23,skin,17.0,-0.094,0.5,0.846
23,skin,18.0,0.004,0.54,0.822
23,skin,19.0,0.121,0.596,0.772
23,skin,20.0,0.216,0.603,0.749
23,skin,21.0,0.28,0.647,0.691
23,skin,22.0,0.326,0.651,0.671
23,skin,23.0,0.353,0.659,0.652
23,skin,24.0,0.365,0.661,0.644
24,skin,6.0,0.997,0.408,0.252
24,skin,7.0,0.994,0.416,0.247
24,skin,8.0,0.984,0.439,0.234
24,skin,9.0,0.971,0.458,0.234
24,skin,10.0,0.941,0.513,0.197
24,skin,11.0,0.903,0.57,0.156
24,skin,12.0,0.837,0.645,0.102
24,skin,13.0,0.699,0.754,0.02
24,skin,14.0,0.508,0.847,-0.1
24,skin,15.0,0.305,0.892,-0.217
24,skin,16.0,0.015,0.906,-0.3
24,skin,17.0,-0.204,0.856,-0.395
24,skin,18.0,-0.394,0.782,-0.452
24,skin,19.0,-0.531,0.716,-0.467
24,skin,20.0,-0.614,0.666,-0.473
24,skin,21.0,-0.66,0.63,-0.48
24,skin,22.0,-0.695,0.6,-0.486
24,skin,23.0,-0.713,0.582,-0.49
24,skin,24.0,-0.72,0.577,-0.489
25,skin,6.0,0.008,-0.148,-0.988
25,skin,7.0,0.003,-0.142,-0.989
25,skin,8.0,-0.019,-0.125,-0.991
25,skin,9.0,-0.056,-0.096,-0.994
25,skin,10.0,-0.093,-0.076,-0.994
25,skin,11.0,-0.153,-0.017,-0.991
25,skin,12.0,-0.22,0.045,-0.98
25,skin,13.0,-0.243,0.103,-0.971
25,skin,14.0,-0.368,0.19,-0.926
25,skin,15.0,-0.437,0.255,-0.885
25,skin,16.0,-0.507,0.327,-0.829
25,skin,17.0,-0.569,0.401,-0.76
25,skin,18.0,-0.627,0.456,-0.687
25,skin,19.0,-0.68,0.472,-0.635
25,skin,20.0,-0.689,0.525,-0.579
25,skin,21.0,-0.723,0.542,-0.528
25,skin,22.0,-0.728,0.567,-0.494
25,skin,23.0,-0.741,0.571,-0.472
25,skin,24.0,-0.744,0.575,-0.465
26,neural,6.0,-1.09,0.198,0.242
26,neural,7.0,-1.075,0.208,0.239
26,neural,8.0,-1.021,0.224,0.236
26,neural,9.0,-0.949,0.254,0.211
26,neural,10.0,-0.842,0.303,0.201
26,neural,11.0,-0.72,0.353,0.192
26,neural,12.0,-0.581,0.391,0.157
26,neural,13.0,-0.426,0.462,0.148
26,neural,14.0,-0.265,0.528,0.103
26,neural,15.0,-0.129,0.595,0.073
26,neural,16.0,0.056,0.651,0.079
26,neural,17.0,0.194,0.711,0.041
26,neural,18.0,0.357,0.771,0.021
26,neural,19.0,0.503,0.825,0.002
26,neural,20.0,0.629,0.882,-0.03
26,neural,21.0,0.732,0.916,-0.039
26,neural,22.0,0.808,0.952,-0.048
26,neural,23.0,0.858,0.976,-0.059
26,neural,24.0,0.872,0.98,-0.06
27,skin,6.0,-0.675,0.738,0.229
27,skin,7.0,-0.676,0.736,0.233
27,skin,8.0,-0.677,0.732,0.244
27,skin,9.0,-0.672,0.732,0.254
27,skin,10.0,-0.676,0.716,0.293
27,skin,11.0,-0.664,0.713,0.322
27,skin,12.0,-0.661,0.703,0.35
27,skin,13.0,-0.652,0.68,0.406
27,skin,14.0,-0.651,0.666,0.433
27,skin,15.0,-0.644,0.66,0.452
27,skin,16.0,-0.637,0.628,0.506
27,skin,17.0,-0.625,0.625,0.522
27,skin,18.0,-0.615,0.6,0.562
27,skin,19.0,-0.593,0.589,0.591
27,skin,20.0,-0.595,0.566,0.614
27,skin,21.0,-0.578,0.555,0.637
27,skin,22.0,-0.581,0.544,0.646
27,skin,23.0,-0.574,0.54,0.654
27,skin,24.0,-0.574,0.538,0.656
28,skin,6.0,-0.267,0.686,-0.652
28,skin,7.0,-0.272,0.688,-0.648
28,skin,8.0,-0.277,0.701,-0.631
28,skin,9.0,-0.298,0.715,-0.605
28,skin,10.0,-0.328,0.724,-0.581
28,skin,11.0,-0.326,0.759,-0.53
28,skin,12.0,-0.385,0.773,-0.476
28,skin,13.0,-0.413,0.814,-0.37
28,skin,14.0,-0.433,0.839,-0.279
28,skin,15.0,-0.48,0.848,-0.172
28,skin,16.0,-0.53,0.84,-0.076
28,skin,17.0,-0.498,0.853,0.082
28,skin,18.0,-0.532,0.821,0.197
28,skin,19.0,-0.544,0.793,0.281
28,skin,20.0,-0.538,0.766,0.361
28,skin,21.0,-0.523,0.739,0.433
28,skin,22.0,-0.529,0.71,0.48
28,skin,23.0,-0.528,0.694,0.506
28,skin,24.0,-0.526,0.69,0.512
29,neural,6.0,0.146,0.334,0.928
29,neural,7.0,0.138,0.342,0.918
29,neural,8.0,0.127,0.358,0.891
29,neural,9.0,0.102,0.386,0.858
29,neural,10.0,0.079,0.42,0.81
29,neural,11.0,0.026,0.453,0.754
29,neural,12.0,0.015,0.497,0.678
29,neural,13.0,-0.055,0.575,0.611
29,neural,14.0,-0.091,0.622,0.504
29,neural,15.0,-0.122,0.66,0.439
29,neural,16.0,-0.195,0.727,0.362
29,neural,17.0,-0.216,0.754,0.265
29,neural,18.0,-0.27,0.812,0.211
29,neural,19.0,-0.319,0.857,0.123
29,neural,20.0,-0.35,0.89,0.066
29,neural,21.0,-0.368,0.931,0.03
29,neural,22.0,-0.39,0.962,-0.016
29,neural,23.0,-0.403,0.974,-0.04
29,neural,24.0,-0.409,0.98,-0.046
30,skin,6.0,0.348,0.103,-0.947
30,skin,7.0,0.343,0.105,-0.948
30,skin,8.0,0.329,0.114,-0.951
30,skin,9.0,0.312,0.145,-0.95
30,skin,10.0,0.274,0.156,-0.957
30,skin,11.0,0.246,0.216,-0.95
30,skin,12.0,0.175,0.25,-0.953
30,skin,13.0,0.12,0.314,-0.938
30,skin,14.0,0.075,0.334,-0.934
30,skin,15.0,-0.002,0.4,-0.907
30,skin,16.0,-0.074,0.47,-0.866
30,skin,17.0,-0.156,0.506,-0.836
30,skin,18.0,-0.226,0.53,-0.806
30,skin,19.0,-0.264,0.564,-0.771
30,skin,20.0,-0.325,0.595,-0.727
30,skin,21.0,-0.361,0.609,-0.7
30,skin,22.0,-0.396,0.623,-0.672
30,skin,23.0,-0.414,0.634,-0.652
30,skin,24.0,-0.421,0.634,-0.649
31,muscle,6.0,-0.022,0.475,-0.866
31,muscle,7.0,-0.015,0.478,-0.856
31,muscle,8.0,0.022,0.488,-0.849
31,muscle,9.0,0.07,0.491,-0.822
31,muscle,10.0,0.113,0.515,-0.794
31,muscle,11.0,0.176,0.52,-0.77
31,muscle,12.0,0.262,0.561,-0.715
31,muscle,13.0,0.326,0.582,-0.684
31,muscle,14.0,0.43,0.617,-0.648
31,muscle,15.0,0.534,0.66,-0.613
31,muscle,16.0,0.619,0.673,-0.548
31,muscle,17.0,0.713,0.714,-0.522
31,muscle,18.0,0.785,0.705,-0.465
31,muscle,19.0,0.888,0.727,-0.427
31,muscle,20.0,0.944,0.765,-0.386
31,muscle,21.0,1.012,0.769,-0.37
31,muscle,22.0,1.046,0.784,-0.347
31,muscle,23.0,1.076,0.796,-0.325
31,muscle,24.0,1.084,0.8,-0.321
32,muscle,6.0,0.406,-0.053,-0.934
32,muscle,7.0,0.404,-0.045,-0.928
32,muscle,8.0,0.421,-0.021,-0.91
32,muscle,9.0,0.426,0.017,-0.872
32,muscle,10.0,0.438,0.045,-0.83
32,muscle,11.0,0.48,0.098,-0.796
32,muscle,12.0,0.517,0.177,-0.74
32,muscle,13.0,0.529,0.233,-0.653
32,muscle,14.0,0.562,0.306,-0.612
32,muscle,15.0,0.598,0.374,-0.559
32,muscle,16.0,0.6,0.418,-0.463
32,muscle,17.0,0.651,0.493,-0.387
32,muscle,18.0,0.658,0.552,-0.355
32,muscle,19.0,0.715,0.637,-0.321
32,muscle,20.0,0.736,0.69,-0.251
32,muscle,21.0,0.753,0.745,-0.215
32,muscle,22.0,0.757,0.774,-0.188
32,muscle,23.0,0.769,0.796,-0.168
32,muscle,24.0,0.774,0.8,-0.156
33,neural,6.0,-0.671,0.495,-0.623
33,neural,7.0,-0.651,0.494,-0.617
33,neural,8.0,-0.6,0.504,-0.598
33,neural,9.0,-0.525,0.53,-0.567
33,neural,10.0,-0.414,0.568,-0.546
33,neural,11.0,-0.283,0.586,-0.506
33,neural,12.0,-0.151,0.626,-0.439
33,neural,13.0,0.02,0.662,-0.384
33,neural,14.0,0.169,0.68,-0.344
33,neural,15.0,0.348,0.705,-0.317
33,neural,16.0,0.528,0.803,-0.233
33,neural,17.0,0.695,0.808,-0.188
33,neural,18.0,0.834,0.843,-0.143
33,neural,19.0,0.986,0.899,-0.094
33,neural,20.0,1.116,0.918,-0.064
33,neural,21.0,1.218,0.946,-0.025
33,neural,22.0,1.303,0.975,0.012
33,neural,23.0,1.344,0.972,0.024
33,neural,24.0,1.366,0.98,0.031
34,skin,6.0,-0.398,0.721,0.551
34,skin,7.0,-0.387,0.727,0.549
34,skin,8.0,-0.37,0.744,0.533
34,skin,9.0,-0.316,0.779,0.503
34,skin,10.0,-0.259,0.813,0.465
34,skin,11.0,-0.161,0.867,0.385
34,skin,12.0,-0.013,0.897,0.328
34,skin,13.0,0.142,0.921,0.21
34,skin,14.0,0.285,0.917,0.078
34,skin,15.0,0.478,0.856,-0.121
34,skin,16.0,0.585,0.799,-0.186
34,skin,17.0,0.691,0.703,-0.302
34,skin,18.0,0.735,0.636,-0.378
34,skin,19.0,0.777,0.562,-0.439
34,skin,20.0,0.799,0.527,-0.458
34,skin,21.0,0.821,0.479,-0.487
34,skin,22.0,0.828,0.452,-0.506
34,skin,23.0,0.833,0.432,-0.519
34,skin,24.0,0.834,0.427,-0.521
35,muscle,6.0,-0.137,0.574,0.788
35,muscle,7.0,-0.128,0.577,0.783
35,muscle,8.0,-0.097,0.576,0.768
35,muscle,9.0,-0.052,0.576,0.745
35,muscle,10.0,-0.01,0.593,0.716
35,muscle,11.0,0.051,0.598,0.68
35,muscle,12.0,0.146,0.636,0.638
35,muscle,13.0,0.2,0.651,0.595
35,muscle,14.0,0.299,0.655,0.551
35,muscle,15.0,0.386,0.69,0.488
35,muscle,16.0,0.476,0.715,0.463
35,muscle,17.0,0.564,0.729,0.401
35,muscle,18.0,0.633,0.735,0.363
35,muscle,19.0,0.7,0.77,0.306
35,muscle,20.0,0.757,0.773,0.285
35,muscle,21.0,0.824,0.784,0.251
35,muscle,22.0,0.866,0.794,0.229
35,muscle,23.0,0.885,0.799,0.216
35,muscle,24.0,0.898,0.8,0.212
36,muscle,6.0,0.071,0.747,-0.615
36,muscle,7.0,0.065,0.75,-0.608
36,muscle,8.0,0.053,0.742,-0.606
36,muscle,9.0,0.02,0.757,-0.586
36,muscle,10.0,-0.021,0.763,-0.561
36,muscle,11.0,-0.062,0.747,-0.553
36,muscle,12.0,-0.135,0.771,-0.543
36,muscle,13.0,-0.175,0.747,-0.494
36,muscle,14.0,-0.23,0.765,-0.473
36,muscle,15.0,-0.301,0.783,-0.459
36,muscle,16.0,-0.325,0.804,-0.412
36,muscle,17.0,-0.411,0.785,-0.364
36,muscle,18.0,-0.466,0.77,-0.353
36,muscle,19.0,-0.516,0.792,-0.339
36,muscle,20.0,-0.576,0.787,-0.298
36,muscle,21.0,-0.608,0.797,-0.288
36,muscle,22.0,-0.623,0.802,-0.271
36,muscle,23.0,-0.646,0.798,-0.266
36,muscle,24.0,-0.655,0.8,-0.264
37,notochord,6.0,-0.297,0.756,0.548
37,notochord,7.0,-0.281,0.754,0.544
37,notochord,8.0,-0.248,0.758,0.531
37,notochord,9.0,-0.163,0.772,0.517
37,notochord,10.0,-0.079,0.775,0.477
37,notochord,11.0,0.029,0.766,0.431
37,notochord,12.0,0.119,0.77,0.388
37,notochord,13.0,0.258,0.774,0.352
37,notochord,14.0,0.386,0.801,0.302
37,notochord,15.0,0.516,0.804,0.269
37,notochord,16.0,0.664,0.817,0.208
37,notochord,17.0,0.808,0.809,0.141
37,notochord,18.0,0.902,0.845,0.122
37,notochord,19.0,1.026,0.846,0.085
37,notochord,20.0,1.143,0.847,0.043
37,notochord,21.0,1.233,0.854,0.015
37,notochord,22.0,1.288,0.857,-0.006
37,notochord,23.0,1.329,0.86,-0.023
37,notochord,24.0,1.347,0.86,-0.028
38,notochord,6.0,0.541,0.221,0.851
38,notochord,7.0,0.529,0.23,0.841
38,notochord,8.0,0.517,0.245,0.824
38,notochord,9.0,0.472,0.267,0.793
38,notochord,10.0,0.438,0.314,0.744
38,notochord,11.0,0.373,0.338,0.693
38,notochord,12.0,0.319,0.38,0.642
38,notochord,13.0,0.237,0.43,0.581
38,notochord,14.0,0.165,0.478,0.514
38,notochord,15.0,0.11,0.536,0.46
38,notochord,16.0,0.037,0.606,0.374
38,notochord,17.0,-0.04,0.641,0.31
38,notochord,18.0,-0.091,0.683,0.238
38,notochord,19.0,-0.146,0.742,0.17
38,notochord,20.0,-0.213,0.781,0.125
38,notochord,21.0,-0.264,0.815,0.088
38,notochord,22.0,-0.283,0.834,0.058
38,notochord,23.0,-0.312,0.852,0.037
38,notochord,24.0,-0.32,0.86,0.029
39,neural,6.0,-0.541,0.533,-0.681
39,neural,7.0,-0.537,0.535,-0.674
39,neural,8.0,-0.531,0.543,-0.658
39,neural,9.0,-0.51,0.579,-0.649
39,neural,10.0,-0.499,0.592,-0.602
39,neural,11.0,-0.452,0.613,-0.557
39,neural,12.0,-0.447,0.627,-0.542
39,neural,13.0,-0.431,0.656,-0.457
39,neural,14.0,-0.382,0.696,-0.409
39,neural,15.0,-0.334,0.748,-0.373
39,neural,16.0,-0.327,0.794,-0.291
39,neural,17.0,-0.28,0.835,-0.251
39,neural,18.0,-0.264,0.846,-0.199
39,neural,19.0,-0.227,0.889,-0.159
39,neural,20.0,-0.213,0.916,-0.112
39,neural,21.0,-0.19,0.947,-0.086
39,neural,22.0,-0.172,0.969,-0.066
39,neural,23.0,-0.162,0.981,-0.041
39,neural,24.0,-0.157,0.98,-0.036
40,skin,6.0,0.868,-0.003,0.656
40,skin,7.0,0.863,-0.0,0.661
40,skin,8.0,0.85,0.011,0.674
40,skin,9.0,0.823,0.045,0.697
40,skin,10.0,0.784,0.077,0.727
40,skin,11.0,0.74,0.129,0.753
40,skin,12.0,0.663,0.203,0.789
40,skin,13.0,0.589,0.271,0.81
40,skin,14.0,0.425,0.33,0.862
40,skin,15.0,0.316,0.372,0.878
40,skin,16.0,0.111,0.452,0.874
40,skin,17.0,-0.003,0.51,0.844
40,skin,18.0,-0.145,0.534,0.817
40,skin,19.0,-0.276,0.585,0.751
40,skin,20.0,-0.358,0.59,0.72
40,skin,21.0,-0.422,0.603,0.68
40,skin,22.0,-0.457,0.603,0.662
40,skin,23.0,-0.489,0.605,0.643
40,skin,24.0,-0.497,0.606,0.637
41,skin,6.0,0.715,0.381,-0.673
41,skin,7.0,0.721,0.386,-0.665
41,skin,8.0,0.738,0.401,-0.641
41,skin,9.0,0.768,0.409,-0.608
41,skin,10.0,0.794,0.442,-0.554
41,skin,11.0,0.824,0.473,-0.488
41,skin,12.0,0.878,0.479,-0.404
41,skin,13.0,0.881,0.544,-0.293
41,skin,14.0,0.93,0.535,-0.171
41,skin,15.0,0.945,0.538,-0.058
41,skin,16.0,0.904,0.581,0.09
41,skin,17.0,0.915,0.533,0.226
41,skin,18.0,0.863,0.558,0.304
41,skin,19.0,0.828,0.555,0.374
41,skin,20.0,0.802,0.529,0.451
41,skin,21.0,0.773,0.519,0.5
41,skin,22.0,0.753,0.509,0.533
41,skin,23.0,0.743,0.501,0.552
41,skin,24.0,0.74,0.498,0.558
42,neural,6.0,0.109,0.156,0.982
42,neural,7.0,0.098,0.163,0.974
42,neural,8.0,0.062,0.18,0.958
42,neural,9.0,0.001,0.218,0.906
42,neural,10.0,-0.069,0.276,0.862
42,neural,11.0,-0.163,0.321,0.823
42,neural,12.0,-0.234,0.352,0.74
42,neural,13.0,-0.349,0.442,0.668
42,neural,14.0,-0.454,0.484,0.579
42,neural,15.0,-0.577,0.581,0.5
42,neural,16.0,-0.683,0.616,0.398
42,neural,17.0,-0.786,0.711,0.346
42,neural,18.0,-0.871,0.774,0.252
42,neural,19.0,-0.969,0.837,0.193
42,neural,20.0,-1.075,0.891,0.146
42,neural,21.0,-1.135,0.912,0.085
42,neural,22.0,-1.2,0.949,0.046
42,neural,23.0,-1.229,0.974,0.023
42,neural,24.0,-1.242,0.98,0.015
43,muscle,6.0,-0.951,0.533,0.046
43,muscle,7.0,-0.95,0.536,0.043
43,muscle,8.0,-0.942,0.549,0.035
43,muscle,9.0,-0.947,0.553,0.03
43,muscle,10.0,-0.951,0.575,0.029
43,muscle,11.0,-0.926,0.566,0.008
43,muscle,12.0,-0.949,0.603,0.009
43,muscle,13.0,-0.923,0.612,-0.035
43,muscle,14.0,-0.909,0.66,-0.036
43,muscle,15.0,-0.904,0.676,-0.053
43,muscle,16.0,-0.907,0.698,-0.055
43,muscle,17.0,-0.902,0.723,-0.103
43,muscle,18.0,-0.907,0.732,-0.093
43,muscle,19.0,-0.887,0.753,-0.112
43,muscle,20.0,-0.879,0.771,-0.124
43,muscle,21.0,-0.872,0.771,-0.145
43,muscle,22.0,-0.873,0.798,-0.149
43,muscle,23.0,-0.869,0.799,-0.156
43,muscle,24.0,-0.87,0.8,-0.157
44,muscle,6.0,0.898,-0.141,0.607
44,muscle,7.0,0.888,-0.136,0.604
44,muscle,8.0,0.861,-0.107,0.593
44,muscle,9.0,0.81,-0.068,0.576
44,muscle,10.0,0.737,-0.012,0.559
44,muscle,11.0,0.673,0.02,0.552
44,muscle,12.0,0.576,0.099,0.516
44,muscle,13.0,0.482,0.185,0.5
44,muscle,14.0,0.386,0.256,0.459
44,muscle,15.0,0.308,0.329,0.449
44,muscle,16.0,0.192,0.421,0.414
44,muscle,17.0,0.101,0.483,0.373
44,muscle,18.0,-0.022,0.56,0.355
44,muscle,19.0,-0.101,0.604,0.325
44,muscle,20.0,-0.171,0.685,0.327
44,muscle,21.0,-0.229,0.735,0.29
44,muscle,22.0,-0.28,0.763,0.269
44,muscle,23.0,-0.305,0.792,0.267
44,muscle,24.0,-0.318,0.8,0.259
45,skin,6.0,0.01,-0.012,1.0
45,skin,7.0,0.015,-0.005,1.0
45,skin,8.0,0.045,0.001,0.999
45,skin,9.0,0.067,0.026,0.998
45,skin,10.0,0.108,0.066,0.993
45,skin,11.0,0.176,0.125,0.979
45,skin,12.0,0.242,0.145,0.966
45,skin,13.0,0.33,0.208,0.933
45,skin,14.0,0.404,0.267,0.893
45,skin,15.0,0.491,0.357,0.823
45,skin,16.0,0.556,0.351,0.794
45,skin,17.0,0.624,0.4,0.727
45,skin,18.0,0.668,0.481,0.637
45,skin,19.0,0.73,0.495,0.571
45,skin,20.0,0.762,0.521,0.51
45,skin,21.0,0.773,0.546,0.468
45,skin,22.0,0.792,0.546,0.442
45,skin,23.0,0.799,0.554,0.421
45,skin,24.0,0.803,0.554,0.414
46,neural,6.0,0.715,0.431,0.638
46,neural,7.0,0.702,0.44,0.63
46,neural,8.0,0.664,0.453,0.614
46,neural,9.0,0.611,0.478,0.576
46,neural,10.0,0.533,0.498,0.548
46,neural,11.0,0.449,0.539,0.507
46,neural,12.0,0.315,0.579,0.444
46,neural,13.0,0.221,0.612,0.395
46,neural,14.0,0.097,0.64,0.326
46,neural,15.0,-0.029,0.699,0.27
46,neural,16.0,-0.129,0.753,0.244
46,neural,17.0,-0.248,0.791,0.137
46,neural,18.0,-0.36,0.852,0.103
46,neural,19.0,-0.467,0.888,0.03
46,neural,20.0,-0.578,0.906,-0.016
46,neural,21.0,-0.656,0.931,-0.063
46,neural,22.0,-0.71,0.963,-0.072
46,neural,23.0,-0.744,0.973,-0.099
46,neural,24.0,-0.76,0.98,-0.105
47,muscle,6.0,-0.764,-0.251,-0.699
47,muscle,7.0,-0.759,-0.242,-0.694
47,muscle,8.0,-0.742,-0.214,-0.683
47,muscle,9.0,-0.709,-0.172,-0.666
47,muscle,10.0,-0.651,-0.128,-0.645
47,muscle,11.0,-0.588,-0.051,-0.626
47,muscle,12.0,-0.524,0.018,-0.567
47,muscle,13.0,-0.435,0.081,-0.532
47,muscle,14.0,-0.373,0.198,-0.492
47,muscle,15.0,-0.317,0.303,-0.436
47,muscle,16.0,-0.243,0.384,-0.424
47,muscle,17.0,-0.136,0.46,-0.392
47,muscle,18.0,-0.081,0.525,-0.362
47,muscle,19.0,-0.022,0.6,-0.313
47,muscle,20.0,0.046,0.655,-0.305
47,muscle,21.0,0.099,0.725,-0.275
47,muscle,22.0,0.124,0.763,-0.252
47,muscle,23.0,0.146,0.791,-0.244
47,muscle,24.0,0.153,0.8,-0.241
48,muscle,6.0,0.863,0.622,-0.092
48,muscle,7.0,0.853,0.622,-0.094
48,muscle,8.0,0.814,0.629,-0.091
48,muscle,9.0,0.759,0.64,-0.107
48,muscle,10.0,0.689,0.634,-0.131
48,muscle,11.0,0.602,0.672,-0.129
48,muscle,12.0,0.502,0.667,-0.174
48,muscle,13.0,0.392,0.687,-0.184
48,muscle,14.0,0.287,0.702,-0.186
48,muscle,15.0,0.203,0.713,-0.223
48,muscle,16.0,0.068,0.745,-0.23
48,muscle,17.0,-0.042,0.734,-0.257
48,muscle,18.0,-0.146,0.745,-0.271
48,muscle,19.0,-0.235,0.771,-0.294
48,muscle,20.0,-0.337,0.789,-0.31
48,muscle,21.0,-0.417,0.778,-0.314
48,muscle,22.0,-0.459,0.797,-0.326
48,muscle,23.0,-0.497,0.8,-0.338
48,muscle,24.0,-0.51,0.8,-0.339
49,muscle,6.0,-0.073,0.463,-0.871
49,muscle,7.0,-0.067,0.467,-0.865
49,muscle,8.0,-0.04,0.475,-0.849
49,muscle,9.0,-0.004,0.493,-0.832
49,muscle,10.0,0.049,0.497,-0.805
49,muscle,11.0,0.108,0.525,-0.772
49,muscle,12.0,0.17,0.543,-0.727
49,muscle,13.0,0.257,0.592,-0.691
49,muscle,14.0,0.313,0.598,-0.646
49,muscle,15.0,0.403,0.631,-0.592
49,muscle,16.0,0.473,0.663,-0.557
49,muscle,17.0,0.543,0.675,-0.496
49,muscle,18.0,0.641,0.727,-0.449
49,muscle,19.0,0.705,0.751,-0.439
49,muscle,20.0,0.754,0.753,-0.395
49,muscle,21.0,0.79,0.772,-0.37
49,muscle,22.0,0.832,0.794,-0.353
49,muscle,23.0,0.864,0.794,-0.336
49,muscle,24.0,0.872,0.8,-0.331
50,neural,6.0,0.035,-0.242,-0.967
50,neural,7.0,0.034,-0.231,-0.956
50,neural,8.0,0.031,-0.203,-0.927
50,neural,9.0,0.042,-0.147,-0.891
50,neural,10.0,0.012,-0.082,-0.812
50,neural,11.0,0.022,-0.011,-0.782
50,neural,12.0,0.014,0.071,-0.691
50,neural,13.0,0.029,0.161,-0.623
50,neural,14.0,0.015,0.262,-0.529
50,neural,15.0,-0.0,0.363,-0.433
50,neural,16.0,0.006,0.473,-0.357
50,neural,17.0,-0.004,0.576,-0.265
50,neural,18.0,0.01,0.68,-0.172
50,neural,19.0,-0.031,0.735,-0.096
50,neural,20.0,-0.016,0.832,-0.033
50,neural,21.0,-0.02,0.891,0.032
50,neural,22.0,-0.024,0.933,0.074
50,neural,23.0,-0.026,0.971,0.096
50,neural,24.0,-0.027,0.98,0.107
51,notochord,6.0,-0.142,0.43,0.883
51,notochord,7.0,-0.13,0.433,0.876
51,notochord,8.0,-0.084,0.447,0.852
51,notochord,9.0,-0.043,0.469,0.823
51,notochord,10.0,0.061,0.485,0.76
51,notochord,11.0,0.147,0.517,0.707
51,notochord,12.0,0.24,0.549,0.652
51,notochord,13.0,0.354,0.578,0.57
51,notochord,14.0,0.475,0.606,0.499
51,notochord,15.0,0.628,0.626,0.427
51,notochord,16.0,0.736,0.688,0.334
51,notochord,17.0,0.84,0.738,0.259
51,notochord,18.0,0.964,0.731,0.211
51,notochord,19.0,1.081,0.762,0.138
51,notochord,20.0,1.195,0.801,0.082
51,notochord,21.0,1.252,0.829,0.019
51,notochord,22.0,1.309,0.837,-0.005
51,notochord,23.0,1.355,0.854,-0.028
51,notochord,24.0,1.364,0.86,-0.037
52,notochord,6.0,-0.494,0.346,-0.826
52,notochord,7.0,-0.499,0.349,-0.82
52,notochord,8.0,-0.517,0.359,-0.791
52,notochord,9.0,-0.556,0.382,-0.768
52,notochord,10.0,-0.593,0.401,-0.724
52,notochord,11.0,-0.649,0.454,-0.662
52,notochord,12.0,-0.696,0.477,-0.61
52,notochord,13.0,-0.771,0.53,-0.54
52,notochord,14.0,-0.827,0.568,-0.479
52,notochord,15.0,-0.902,0.622,-0.405
52,notochord,16.0,-0.954,0.636,-0.343
52,notochord,17.0,-1.042,0.664,-0.266
52,notochord,18.0,-1.113,0.729,-0.204
52,notochord,19.0,-1.156,0.765,-0.151
52,notochord,20.0,-1.205,0.791,-0.09
52,notochord,21.0,-1.253,0.817,-0.063
52,notochord,22.0,-1.28,0.844,-0.027
52,notochord,23.0,-1.307,0.856,0.002
52,notochord,24.0,-1.315,0.86,0.007
53,muscle,6.0,0.842,-0.075,0.676
53,muscle,7.0,0.839,-0.068,0.675
53,muscle,8.0,0.82,-0.046,0.661
53,muscle,9.0,0.801,-0.0,0.64
53,muscle,10.0,0.764,0.032,0.625
53,muscle,11.0,0.714,0.1,0.574
53,muscle,12.0,0.677,0.162,0.547
53,muscle,13.0,0.622,0.217,0.506
53,muscle,14.0,0.586,0.292,0.482
53,muscle,15.0,0.54,0.349,0.409
53,muscle,16.0,0.478,0.451,0.393
53,muscle,17.0,0.455,0.496,0.345
53,muscle,18.0,0.372,0.577,0.318
53,muscle,19.0,0.355,0.622,0.263
53,muscle,20.0,0.31,0.687,0.231
53,muscle,21.0,0.271,0.735,0.21
53,muscle,22.0,0.247,0.77,0.198
53,muscle,23.0,0.234,0.792,0.186
53,muscle,24.0,0.228,0.8,0.183
54,muscle,6.0,0.249,-0.054,0.975
54,muscle,7.0,0.249,-0.045,0.965
54,muscle,8.0,0.25,-0.021,0.95
54,muscle,9.0,0.246,-0.005,0.916
54,muscle,10.0,0.247,0.049,0.874
54,muscle,11.0,0.265,0.112,0.821
54,muscle,12.0,0.267,0.155,0.772
54,muscle,13.0,0.268,0.246,0.712
54,muscle,14.0,0.275,0.311,0.643
54,muscle,15.0,0.279,0.366,0.601
54,muscle,16.0,0.244,0.417,0.531
54,muscle,17.0,0.243,0.538,0.461
54,muscle,18.0,0.272,0.587,0.422
54,muscle,19.0,0.26,0.66,0.347
54,muscle,20.0,0.256,0.688,0.296
54,muscle,21.0,0.267,0.727,0.244
54,muscle,22.0,0.253,0.767,0.221
54,muscle,23.0,0.259,0.79,0.211
54,muscle,24.0,0.261,0.8,0.203
55,neural,6.0,0.636,0.105,-0.825
55,neural,7.0,0.628,0.116,-0.818
55,neural,8.0,0.604,0.134,-0.802
55,neural,9.0,0.556,0.174,-0.765
55,neural,10.0,0.496,0.218,-0.696
55,neural,11.0,0.459,0.256,-0.652
55,neural,12.0,0.386,0.332,-0.595
55,neural,13.0,0.301,0.412,-0.539
55,neural,14.0,0.209,0.457,-0.47
55,neural,15.0,0.134,0.551,-0.396
55,neural,16.0,0.041,0.615,-0.315
55,neural,17.0,-0.051,0.68,-0.268
55,neural,18.0,-0.13,0.772,-0.194
55,neural,19.0,-0.181,0.8,-0.129
55,neural,20.0,-0.256,0.878,-0.082
55,neural,21.0,-0.311,0.917,-0.035
55,neural,22.0,-0.343,0.945,0.009
55,neural,23.0,-0.379,0.978,0.025
55,neural,24.0,-0.385,0.98,0.032
56,muscle,6.0,0.723,0.715,0.196
56,muscle,7.0,0.725,0.716,0.195
56,muscle,8.0,0.726,0.72,0.204
56,muscle,9.0,0.733,0.726,0.2
56,muscle,10.0,0.75,0.723,0.216
56,muscle,11.0,0.761,0.728,0.223
56,muscle,12.0,0.775,0.742,0.223
56,muscle,13.0,0.818,0.73,0.246
56,muscle,14.0,0.803,0.763,0.241
56,muscle,15.0,0.834,0.789,0.243
56,muscle,16.0,0.823,0.781,0.258
56,muscle,17.0,0.831,0.769,0.258
56,muscle,18.0,0.859,0.784,0.282
56,muscle,19.0,0.892,0.781,0.292
56,muscle,20.0,0.893,0.793,0.307
56,muscle,21.0,0.905,0.808,0.299
56,muscle,22.0,0.908,0.794,0.316
56,muscle,23.0,0.92,0.8,0.316
56,muscle,24.0,0.922,0.8,0.312
57,muscle,6.0,-0.015,0.598,0.777
57,muscle,7.0,-0.015,0.599,0.765
57,muscle,8.0,-0.036,0.613,0.737
57,muscle,9.0,-0.063,0.626,0.702
57,muscle,10.0,-0.094,0.622,0.622
57,muscle,11.0,-0.145,0.64,0.561
57,muscle,12.0,-0.185,0.64,0.484
57,muscle,13.0,-0.239,0.68,0.403
57,muscle,14.0,-0.287,0.679,0.309
57,muscle,15.0,-0.34,0.701,0.213
57,muscle,16.0,-0.394,0.722,0.131
57,muscle,17.0,-0.454,0.718,0.032
57,muscle,18.0,-0.508,0.759,-0.068
57,muscle,19.0,-0.558,0.763,-0.127
57,muscle,20.0,-0.592,0.779,-0.204
57,muscle,21.0,-0.626,0.796,-0.265
57,muscle,22.0,-0.658,0.795,-0.309
57,muscle,23.0,-0.672,0.797,-0.336
57,muscle,24.0,-0.678,0.8,-0.349
58,skin,6.0,-0.354,0.397,-0.855
58,skin,7.0,-0.351,0.397,-0.856
58,skin,8.0,-0.346,0.409,-0.851
58,skin,9.0,-0.346,0.424,-0.843
58,skin,10.0,-0.324,0.422,-0.85
58,skin,11.0,-0.306,0.447,-0.841
58,skin,12.0,-0.277,0.471,-0.835
58,skin,13.0,-0.249,0.472,-0.841
58,skin,14.0,-0.2,0.512,-0.824
58,skin,15.0,-0.172,0.518,-0.825
58,skin,16.0,-0.132,0.545,-0.811
58,skin,17.0,-0.092,0.575,-0.792
58,skin,18.0,-0.065,0.597,-0.776
58,skin,19.0,-0.084,0.626,-0.749
58,skin,20.0,-0.01,0.62,-0.758
58,skin,21.0,0.009,0.638,-0.741
58,skin,22.0,0.033,0.645,-0.734
58,skin,23.0,0.039,0.657,-0.722
58,skin,24.0,0.047,0.658,-0.72
59,muscle,6.0,-0.748,-0.127,-0.748
59,muscle,7.0,-0.747,-0.121,-0.739
59,muscle,8.0,-0.76,-0.096,-0.72
59,muscle,9.0,-0.782,-0.046,-0.685
59,muscle,10.0,-0.789,-0.013,-0.637
59,muscle,11.0,-0.807,0.037,-0.573
59,muscle,12.0,-0.844,0.114,-0.494
59,muscle,13.0,-0.864,0.169,-0.459
59,muscle,14.0,-0.881,0.263,-0.359
59,muscle,15.0,-0.918,0.337,-0.306
59,muscle,16.0,-0.963,0.417,-0.214
59,muscle,17.0,-0.977,0.495,-0.16
59,muscle,18.0,-1.015,0.577,-0.07
59,muscle,19.0,-1.028,0.627,-0.022
59,muscle,20.0,-1.039,0.681,0.038
59,muscle,21.0,-1.07,0.728,0.088
59,muscle,22.0,-1.08,0.767,0.125
59,muscle,23.0,-1.088,0.791,0.146
59,muscle,24.0,-1.092,0.8,0.154
60,skin,6.0,-1.015,-0.103,-0.457
60,skin,7.0,-1.017,-0.097,-0.455
60,skin,8.0,-1.019,-0.082,-0.456
60,skin,9.0,-1.022,-0.062,-0.453
60,skin,10.0,-1.03,-0.033,-0.444
60,skin,11.0,-1.039,0.028,-0.428
60,skin,12.0,-1.043,0.136,-0.397
60,skin,13.0,-1.011,0.396,-0.229
60,skin,14.0,-0.658,0.777,0.055
60,skin,15.0,0.06,0.895,0.33
60,skin,16.0,0.464,0.725,0.504
60,skin,17.0,0.637,0.609,0.531
60,skin,18.0,0.724,0.548,0.521
60,skin,19.0,0.777,0.496,0.521
60,skin,20.0,0.815,0.468,0.505
60,skin,21.0,0.819,0.453,0.515
60,skin,22.0,0.824,0.446,0.515
60,skin,23.0,0.827,0.442,0.517
60,skin,24.0,0.832,0.438,0.515
61,muscle,6.0,0.363,0.119,0.94
61,muscle,7.0,0.357,0.124,0.936
61,muscle,8.0,0.357,0.14,0.908
61,muscle,9.0,0.35,0.172,0.879
61,muscle,10.0,0.335,0.216,0.828
61,muscle,11.0,0.317,0.241,0.792
61,muscle,12.0,0.291,0.283,0.729
61,muscle,13.0,0.294,0.344,0.676
61,muscle,14.0,0.262,0.397,0.603
61,muscle,15.0,0.264,0.474,0.573
61,muscle,16.0,0.233,0.517,0.486
61,muscle,17.0,0.219,0.57,0.402
61,muscle,18.0,0.201,0.616,0.348
61,muscle,19.0,0.183,0.668,0.316
61,muscle,20.0,0.167,0.718,0.264
61,muscle,21.0,0.156,0.742,0.201
61,muscle,22.0,0.145,0.775,0.179
61,muscle,23.0,0.135,0.793,0.156
61,muscle,24.0,0.135,0.8,0.154
62,skin,6.0,0.834,0.146,0.671
62,skin,7.0,0.828,0.145,0.677
62,skin,8.0,0.81,0.168,0.688
62,skin,9.0,0.774,0.186,0.713
62,skin,10.0,0.737,0.213,0.734
62,skin,11.0,0.668,0.244,0.772
62,skin,12.0,0.617,0.285,0.789
62,skin,13.0,0.498,0.321,0.836
62,skin,14.0,0.397,0.403,0.837
62,skin,15.0,0.285,0.431,0.856
62,skin,16.0,0.182,0.465,0.857
62,skin,17.0,0.049,0.496,0.852
62,skin,18.0,-0.055,0.529,0.829
62,skin,19.0,-0.154,0.537,0.814
62,skin,20.0,-0.226,0.548,0.793
62,skin,21.0,-0.293,0.555,0.771
62,skin,22.0,-0.338,0.549,0.761
62,skin,23.0,-0.363,0.555,0.748
62,skin,24.0,-0.372,0.555,0.744
63,skin,6.0,-0.244,0.73,-0.604
63,skin,7.0,-0.247,0.735,-0.596
63,skin,8.0,-0.261,0.742,-0.582
63,skin,9.0,-0.282,0.758,-0.551
63,skin,10.0,-0.304,0.775,-0.514
63,skin,11.0,-0.345,0.806,-0.435
63,skin,12.0,-0.361,0.837,-0.355
63,skin,13.0,-0.414,0.845,-0.283
63,skin,14.0,-0.431,0.865,-0.176
63,skin,15.0,-0.486,0.86,-0.03
63,skin,16.0,-0.472,0.864,0.065
63,skin,17.0,-0.487,0.834,0.222
63,skin,18.0,-0.529,0.786,0.321
63,skin,19.0,-0.527,0.734,0.439
63,skin,20.0,-0.534,0.707,0.48
63,skin,21.0,-0.529,0.664,0.548
63,skin,22.0,-0.52,0.642,0.582
63,skin,23.0,-0.513,0.625,0.606
63,skin,24.0,-0.513,0.621,0.612
64,neural,6.0,0.874,0.082,0.644
64,neural,7.0,0.867,0.09,0.642
64,neural,8.0,0.84,0.114,0.619
64,neural,9.0,0.804,0.147,0.601
64,neural,10.0,0.749,0.192,0.547
64,neural,11.0,0.7,0.267,0.51
64,neural,12.0,0.627,0.333,0.479
64,neural,13.0,0.55,0.376,0.385
64,neural,14.0,0.49,0.483,0.341
64,neural,15.0,0.409,0.542,0.284
64,neural,16.0,0.345,0.609,0.248
64,neural,17.0,0.231,0.674,0.187
64,neural,18.0,0.178,0.742,0.099
64,neural,19.0,0.102,0.804,0.069
64,neural,20.0,0.051,0.877,0.011
64,neural,21.0,0.004,0.916,-0.02
64,neural,22.0,-0.031,0.948,-0.045
64,neural,23.0,-0.057,0.971,-0.065
64,neural,24.0,-0.064,0.98,-0.069
65,skin,6.0,1.055,0.258,0.29
65,skin,7.0,1.056,0.263,0.284
65,skin,8.0,1.055,0.276,0.272
65,skin,9.0,1.047,0.316,0.245
65,skin,10.0,1.035,0.358,0.221
65,skin,11.0,0.991,0.445,0.195
65,skin,12.0,0.97,0.489,0.153
65,skin,13.0,0.878,0.61,0.066
65,skin,14.0,0.73,0.728,-0.098
65,skin,15.0,0.518,0.809,-0.267
65,skin,16.0,0.187,0.882,-0.334
65,skin,17.0,0.009,0.833,-0.481
65,skin,18.0,-0.241,0.798,-0.501
65,skin,19.0,-0.395,0.75,-0.508
65,skin,20.0,-0.484,0.692,-0.541
65,skin,21.0,-0.556,0.644,-0.553
65,skin,22.0,-0.583,0.629,-0.552
65,skin,23.0,-0.612,0.614,-0.547
65,skin,24.0,-0.621,0.606,-0.549
66,skin,6.0,0.818,-0.096,0.696
66,skin,7.0,0.819,-0.089,0.695
66,skin,8.0,0.821,-0.066,0.697
66,skin,9.0,0.828,-0.048,0.692
66,skin,10.0,0.837,-0.021,0.685
66,skin,11.0,0.841,0.023,0.682
66,skin,12.0,0.841,0.058,0.68
66,skin,13.0,0.842,0.096,0.674
66,skin,14.0,0.832,0.158,0.67
66,skin,15.0,0.836,0.209,0.65
66,skin,16.0,0.829,0.232,0.649
66,skin,17.0,0.823,0.293,0.627
66,skin,18.0,0.823,0.311,0.618
66,skin,19.0,0.816,0.34,0.607
66,skin,20.0,0.812,0.372,0.59
66,skin,21.0,0.816,0.377,0.582
66,skin,22.0,0.803,0.398,0.58
66,skin,23.0,0.801,0.409,0.574
66,skin,24.0,0.8,0.413,0.572
67,muscle,6.0,-0.83,0.59,-0.305
67,muscle,7.0,-0.821,0.595,-0.305
67,muscle,8.0,-0.801,0.59,-0.304
67,muscle,9.0,-0.761,0.602,-0.301
67,muscle,10.0,-0.702,0.604,-0.305
67,muscle,11.0,-0.66,0.623,-0.299
67,muscle,12.0,-0.571,0.641,-0.295
67,muscle,13.0,-0.506,0.647,-0.293
67,muscle,14.0,-0.453,0.695,-0.291
67,muscle,15.0,-0.349,0.726,-0.295
67,muscle,16.0,-0.293,0.707,-0.273
67,muscle,17.0,-0.195,0.729,-0.258
67,muscle,18.0,-0.126,0.768,-0.283
67,muscle,19.0,-0.074,0.766,-0.286
67,muscle,20.0,-0.009,0.767,-0.297
67,muscle,21.0,0.044,0.781,-0.285
67,muscle,22.0,0.083,0.795,-0.283
67,muscle,23.0,0.108,0.797,-0.279
67,muscle,24.0,0.115,0.8,-0.283
68,neural,6.0,0.995,0.463,-0.119
68,neural,7.0,0.993,0.47,-0.118
68,neural,8.0,0.985,0.481,-0.107
68,neural,9.0,0.965,0.492,-0.117
68,neural,10.0,0.958,0.529,-0.113
68,neural,11.0,0.942,0.551,-0.12
68,neural,12.0,0.899,0.614,-0.1
68,neural,13.0,0.891,0.622,-0.087
68,neural,14.0,0.878,0.677,-0.099
68,neural,15.0,0.857,0.734,-0.065
68,neural,16.0,0.825,0.769,-0.06
68,neural,17.0,0.791,0.8,-0.057
68,neural,18.0,0.763,0.855,-0.055
68,neural,19.0,0.736,0.878,-0.061
68,neural,20.0,0.727,0.907,-0.065
68,neural,21.0,0.707,0.944,-0.06
68,neural,22.0,0.693,0.956,-0.062
68,neural,23.0,0.684,0.975,-0.055
68,neural,24.0,0.684,0.98,-0.054
69,neural,6.0,-0.306,0.051,-0.962
69,neural,7.0,-0.3,0.057,-0.951
69,neural,8.0,-0.278,0.084,-0.929
69,neural,9.0,-0.254,0.113,-0.892
69,neural,10.0,-0.226,0.179,-0.823
69,neural,11.0,-0.181,0.235,-0.777
69,neural,12.0,-0.131,0.276,-0.697
69,neural,13.0,-0.085,0.368,-0.603
69,neural,14.0,-0.032,0.415,-0.516
69,neural,15.0,0.015,0.511,-0.431
69,neural,16.0,0.07,0.577,-0.343
69,neural,17.0,0.125,0.642,-0.259
69,neural,18.0,0.168,0.744,-0.204
69,neural,19.0,0.236,0.796,-0.113
69,neural,20.0,0.252,0.886,-0.039
69,neural,21.0,0.299,0.914,-0.018
69,neural,22.0,0.324,0.944,0.046
69,neural,23.0,0.338,0.972,0.076
69,neural,24.0,0.343,0.98,0.084
70,muscle,6.0,-0.198,0.519,-0.82
70,muscle,7.0,-0.196,0.52,-0.813
70,muscle,8.0,-0.185,0.534,-0.801
70,muscle,9.0,-0.181,0.533,-0.779
70,muscle,10.0,-0.167,0.562,-0.753
70,muscle,11.0,-0.144,0.569,-0.719
70,muscle,12.0,-0.123,0.585,-0.668
70,muscle,13.0,-0.105,0.621,-0.618
70,muscle,14.0,-0.072,0.641,-0.567
70,muscle,15.0,-0.047,0.658,-0.499
70,muscle,16.0,-0.03,0.682,-0.457
70,muscle,17.0,-0.003,0.704,-0.393
70,muscle,18.0,0.018,0.715,-0.355
70,muscle,19.0,0.05,0.74,-0.335
70,muscle,20.0,0.056,0.767,-0.276
70,muscle,21.0,0.063,0.784,-0.245
70,muscle,22.0,0.093,0.789,-0.225
70,muscle,23.0,0.091,0.803,-0.211
70,muscle,24.0,0.096,0.8,-0.205
71,neural,6.0,0.709,-0.209,-0.756
71,neural,7.0,0.707,-0.199,-0.751
71,neural,8.0,0.702,-0.171,-0.727
71,neural,9.0,0.696,-0.114,-0.689
71,neural,10.0,0.672,-0.076,-0.655
71,neural,11.0,0.678,0.029,-0.596
71,neural,12.0,0.645,0.112,-0.529
71,neural,13.0,0.634,0.195,-0.449
71,neural,14.0,0.618,0.277,-0.385
71,neural,15.0,0.588,0.384,-0.314
71,neural,16.0,0.604,0.471,-0.259
71,neural,17.0,0.577,0.575,-0.18
71,neural,18.0,0.552,0.682,-0.131
71,neural,19.0,0.543,0.749,-0.049
71,neural,20.0,0.527,0.82,0.006
71,neural,21.0,0.517,0.901,0.047
71,neural,22.0,0.505,0.939,0.091
71,neural,23.0,0.504,0.968,0.102
71,neural,24.0,0.498,0.98,0.114
72,neural,6.0,0.958,0.359,0.403
72,neural,7.0,0.952,0.363,0.4
72,neural,8.0,0.938,0.377,0.388
72,neural,9.0,0.918,0.414,0.359
72,neural,10.0,0.878,0.437,0.347
72,neural,11.0,0.837,0.471,0.34
72,neural,12.0,0.809,0.507,0.293
72,neural,13.0,0.78,0.577,0.251
72,neural,14.0,0.709,0.613,0.23
72,neural,15.0,0.648,0.674,0.21
72,neural,16.0,0.609,0.723,0.168
72,neural,17.0,0.555,0.754,0.112
72,neural,18.0,0.524,0.824,0.104
72,neural,19.0,0.479,0.863,0.061
72,neural,20.0,0.434,0.9,0.028
72,neural,21.0,0.396,0.926,0.014
72,neural,22.0,0.378,0.956,-0.003
72,neural,23.0,0.365,0.972,-0.01
72,neural,24.0,0.361,0.98,-0.015
73,skin,6.0,1.0,-0.228,0.432
73,skin,7.0,0.998,-0.225,0.437
73,skin,8.0,0.987,-0.211,0.463
73,skin,9.0,0.982,-0.19,0.48
73,skin,10.0,0.961,-0.15,0.526
73,skin,11.0,0.929,-0.097,0.581
73,skin,12.0,0.877,-0.044,0.646
73,skin,13.0,0.773,0.012,0.74
73,skin,14.0,0.636,0.204,0.805
73,skin,15.0,0.456,0.269,0.873
73,skin,16.0,0.219,0.412,0.881
73,skin,17.0,-0.013,0.508,0.845
73,skin,18.0,-0.177,0.567,0.787
73,skin,19.0,-0.347,0.594,0.72
73,skin,20.0,-0.444,0.609,0.663
73,skin,21.0,-0.519,0.61,0.619
73,skin,22.0,-0.55,0.618,0.591
73,skin,23.0,-0.578,0.619,0.567
73,skin,24.0,-0.586,0.621,0.56
74,neural,6.0,0.372,0.351,-0.871
74,neural,7.0,0.363,0.36,-0.859
74,neural,8.0,0.324,0.37,-0.84
74,neural,9.0,0.276,0.397,-0.795
74,neural,10.0,0.216,0.424,-0.741
74,neural,11.0,0.128,0.469,-0.681
74,neural,12.0,0.035,0.516,-0.611
74,neural,13.0,-0.057,0.556,-0.549
74,neural,14.0,-0.173,0.623,-0.457
74,neural,15.0,-0.279,0.69,-0.38
74,neural,16.0,-0.367,0.729,-0.312
74,neural,17.0,-0.472,0.763,-0.239
74,neural,18.0,-0.583,0.82,-0.165
74,neural,19.0,-0.678,0.891,-0.085
74,neural,20.0,-0.751,0.894,-0.025
74,neural,21.0,-0.826,0.937,0.022
74,neural,22.0,-0.877,0.958,0.07
74,neural,23.0,-0.908,0.974,0.089
74,neural,24.0,-0.921,0.98,0.096
75,muscle,6.0,0.89,0.171,-0.607
75,muscle,7.0,0.882,0.176,-0.603
75,muscle,8.0,0.861,0.195,-0.594
75,muscle,9.0,0.839,0.206,-0.585
75,muscle,10.0,0.815,0.241,-0.567
75,muscle,11.0,0.754,0.296,-0.541
75,muscle,12.0,0.717,0.338,-0.516
75,muscle,13.0,0.685,0.379,-0.487
75,muscle,14.0,0.615,0.406,-0.461
75,muscle,15.0,0.558,0.476,-0.429
75,muscle,16.0,0.507,0.522,-0.406
75,muscle,17.0,0.449,0.589,-0.367
75,muscle,18.0,0.401,0.637,-0.341
75,muscle,19.0,0.345,0.674,-0.342
75,muscle,20.0,0.333,0.711,-0.304
75,muscle,21.0,0.285,0.751,-0.289
75,muscle,22.0,0.252,0.777,-0.27
75,muscle,23.0,0.237,0.793,-0.257
75,muscle,24.0,0.234,0.8,-0.258
76,skin,6.0,-0.35,0.641,0.672
76,skin,7.0,-0.343,0.646,0.67
76,skin,8.0,-0.322,0.643,0.68
76,skin,9.0,-0.298,0.641,0.692
76,skin,10.0,-0.272,0.633,0.707
76,skin,11.0,-0.236,0.635,0.715
76,skin,12.0,-0.185,0.634,0.728
76,skin,13.0,-0.156,0.631,0.735
76,skin,14.0,-0.077,0.628,0.747
76,skin,15.0,-0.024,0.63,0.748
76,skin,16.0,0.024,0.604,0.772
76,skin,17.0,0.088,0.615,0.758
76,skin,18.0,0.146,0.589,0.774
76,skin,19.0,0.179,0.579,0.777
76,skin,20.0,0.228,0.569,0.775
76,skin,21.0,0.257,0.559,0.777
76,skin,22.0,0.281,0.552,0.777
76,skin,23.0,0.302,0.547,0.775
76,skin,24.0,0.307,0.545,0.775
77,neural,6.0,-1.003,0.457,0.089
77,neural,7.0,-0.993,0.462,0.089
77,neural,8.0,-0.96,0.482,0.082
77,neural,9.0,-0.9,0.507,0.075
77,neural,10.0,-0.826,0.517,0.075
77,neural,11.0,-0.742,0.552,0.048
77,neural,12.0,-0.644,0.587,0.06
77,neural,13.0,-0.543,0.625,0.044
77,neural,14.0,-0.429,0.661,0.06
77,neural,15.0,-0.302,0.696,0.008
77,neural,16.0,-0.183,0.769,0.016
77,neural,17.0,-0.077,0.821,0.002
77,neural,18.0,0.045,0.859,0.01
77,neural,19.0,0.125,0.881,-0.011
77,neural,20.0,0.21,0.918,-0.023
77,neural,21.0,0.277,0.953,-0.019
77,neural,22.0,0.338,0.96,-0.028
77,neural,23.0,0.369,0.977,-0.035
77,neural,24.0,0.383,0.98,-0.035
78,muscle,6.0,0.502,-0.222,-0.869
78,muscle,7.0,0.503,-0.217,-0.861
78,muscle,8.0,0.507,-0.193,-0.846
78,muscle,9.0,0.525,-0.143,-0.809
78,muscle,10.0,0.526,-0.1,-0.786
78,muscle,11.0,0.554,-0.041,-0.729
78,muscle,12.0,0.57,0.033,-0.693
78,muscle,13.0,0.583,0.135,-0.635
78,muscle,14.0,0.59,0.203,-0.555
78,muscle,15.0,0.617,0.301,-0.511
78,muscle,16.0,0.63,0.362,-0.464
78,muscle,17.0,0.641,0.45,-0.397
78,muscle,18.0,0.663,0.512,-0.359
78,muscle,19.0,0.683,0.623,-0.305
78,muscle,20.0,0.686,0.66,-0.266
78,muscle,21.0,0.703,0.731,-0.226
78,muscle,22.0,0.718,0.771,-0.202
78,muscle,23.0,0.72,0.794,-0.178
78,muscle,24.0,0.72,0.8,-0.172
79,notochord,6.0,-0.172,0.718,0.637
79,notochord,7.0,-0.177,0.72,0.63
79,notochord,8.0,-0.204,0.721,0.625
79,notochord,9.0,-0.232,0.727,0.577
79,notochord,10.0,-0.267,0.737,0.557
79,notochord,11.0,-0.315,0.744,0.531
79,notochord,12.0,-0.359,0.736,0.499
79,notochord,13.0,-0.424,0.797,0.46
79,notochord,14.0,-0.486,0.771,0.376
79,notochord,15.0,-0.526,0.767,0.345
79,notochord,16.0,-0.597,0.803,0.29
79,notochord,17.0,-0.668,0.804,0.243
79,notochord,18.0,-0.717,0.83,0.208
79,notochord,19.0,-0.771,0.838,0.164
79,notochord,20.0,-0.82,0.846,0.13
79,notochord,21.0,-0.863,0.843,0.087
79,notochord,22.0,-0.885,0.853,0.066
79,notochord,23.0,-0.912,0.859,0.057
79,notochord,24.0,-0.916,0.86,0.051
80,notochord,6.0,0.896,-0.067,0.622
80,notochord,7.0,0.9,-0.061,0.612
80,notochord,8.0,0.912,-0.038,0.602
80,notochord,9.0,0.925,-0.002,0.568
80,notochord,10.0,0.959,0.055,0.549
80,notochord,11.0,0.996,0.128,0.498
80,notochord,12.0,1.007,0.152,0.441
80,notochord,13.0,1.04,0.26,0.373
80,notochord,14.0,1.088,0.328,0.347
80,notochord,15.0,1.116,0.393,0.307
80,notochord,16.0,1.153,0.48,0.245
80,notochord,17.0,1.177,0.564,0.193
80,notochord,18.0,1.228,0.624,0.148
80,notochord,19.0,1.25,0.686,0.099
80,notochord,20.0,1.292,0.741,0.043
80,notochord,21.0,1.314,0.793,0.01
80,notochord,22.0,1.325,0.826,-0.019
80,notochord,23.0,1.339,0.851,-0.028
80,notochord,24.0,1.344,0.86,-0.035
81,skin,6.0,0.636,0.356,0.744
81,skin,7.0,0.639,0.362,0.739
81,skin,8.0,0.648,0.378,0.724
81,skin,9.0,0.679,0.392,0.693
81,skin,10.0,0.708,0.423,0.65
81,skin,11.0,0.728,0.472,0.593
81,skin,12.0,0.775,0.533,0.481
81,skin,13.0,0.796,0.582,0.381
81,skin,14.0,0.807,0.634,0.25
81,skin,15.0,0.817,0.666,0.067
81,skin,16.0,0.791,0.684,-0.095
81,skin,17.0,0.763,0.661,-0.275
81,skin,18.0,0.684,0.661,-0.403
81,skin,19.0,0.62,0.647,-0.496
81,skin,20.0,0.59,0.619,-0.558
81,skin,21.0,0.549,0.6,-0.611
81,skin,22.0,0.513,0.584,-0.651
81,skin,23.0,0.5,0.574,-0.668
81,skin,24.0,0.49,0.572,-0.675
82,skin,6.0,-0.343,0.242,-0.92
82,skin,7.0,-0.335,0.247,-0.921
82,skin,8.0,-0.312,0.267,-0.921
82,skin,9.0,-0.278,0.3,-0.918
82,skin,10.0,-0.223,0.345,-0.911
82,skin,11.0,-0.155,0.412,-0.891
82,skin,12.0,-0.054,0.525,-0.832
82,skin,13.0,0.12,0.616,-0.754
82,skin,14.0,0.409,0.708,-0.565
82,skin,15.0,0.525,0.786,-0.327
82,skin,16.0,0.697,0.753,-0.067
82,skin,17.0,0.758,0.705,0.117
82,skin,18.0,0.799,0.632,0.275
82,skin,19.0,0.816,0.581,0.352
82,skin,20.0,0.809,0.535,0.434
82,skin,21.0,0.796,0.516,0.476
82,skin,22.0,0.797,0.497,0.495
82,skin,23.0,0.793,0.486,0.513
82,skin,24.0,0.792,0.482,0.517
83,neural,6.0,0.038,-0.253,-0.963
83,neural,7.0,0.042,-0.241,-0.959
83,neural,8.0,0.067,-0.217,-0.927
83,neural,9.0,0.091,-0.163,-0.886
83,neural,10.0,0.122,-0.095,-0.846
83,neural,11.0,0.153,-0.035,-0.776
83,neural,12.0,0.208,0.085,-0.707
83,neural,13.0,0.244,0.169,-0.647
83,neural,14.0,0.273,0.258,-0.562
83,neural,15.0,0.347,0.378,-0.474
83,neural,16.0,0.406,0.48,-0.427
83,neural,17.0,0.46,0.586,-0.326
83,neural,18.0,0.489,0.666,-0.253
83,neural,19.0,0.529,0.751,-0.194
83,neural,20.0,0.583,0.819,-0.131
83,neural,21.0,0.602,0.899,-0.082
83,neural,22.0,0.63,0.934,-0.042
83,neural,23.0,0.647,0.969,-0.01
83,neural,24.0,0.649,0.98,-0.004
84,neural,6.0,-0.939,0.546,-0.062
84,neural,7.0,-0.941,0.55,-0.058
84,neural,8.0,-0.948,0.56,-0.053
84,neural,9.0,-0.963,0.58,-0.049
84,neural,10.0,-0.977,0.612,-0.051
84,neural,11.0,-1.005,0.616,-0.036
84,neural,12.0,-1.042,0.646,-0.016
84,neural,13.0,-1.062,0.688,-0.009
84,neural,14.0,-1.1,0.724,-0.002
84,neural,15.0,-1.123,0.756,0.021
84,neural,16.0,-1.149,0.797,0.048
84,neural,17.0,-1.177,0.831,0.053
84,neural,18.0,-1.235,0.855,0.056
84,neural,19.0,-1.238,0.891,0.066
84,neural,20.0,-1.254,0.921,0.085
84,neural,21.0,-1.271,0.947,0.094
84,neural,22.0,-1.293,0.969,0.099
84,neural,23.0,-1.299,0.977,0.096
84,neural,24.0,-1.303,0.98,0.101
85,notochord,6.0,-1.007,0.024,0.483
85,notochord,7.0,-0.998,0.033,0.477
85,notochord,8.0,-0.963,0.051,0.467
85,notochord,9.0,-0.937,0.086,0.45
85,notochord,10.0,-0.884,0.126,0.429
85,notochord,11.0,-0.794,0.188,0.397
85,notochord,12.0,-0.73,0.249,0.364
85,notochord,13.0,-0.654,0.284,0.316
85,notochord,14.0,-0.56,0.38,0.284
85,notochord,15.0,-0.474,0.443,0.247
85,notochord,16.0,-0.397,0.507,0.218
85,notochord,17.0,-0.288,0.573,0.148
85,notochord,18.0,-0.231,0.622,0.121
85,notochord,19.0,-0.138,0.697,0.117
85,notochord,20.0,-0.082,0.755,0.077
85,notochord,21.0,-0.017,0.787,0.05
85,notochord,22.0,0.028,0.824,0.043
85,notochord,23.0,0.051,0.853,0.024
85,notochord,24.0,0.06,0.86,0.017
86,muscle,6.0,-0.821,0.201,-0.668
86,muscle,7.0,-0.817,0.206,-0.661
86,muscle,8.0,-0.816,0.229,-0.639
86,muscle,9.0,-0.815,0.23,-0.614
86,muscle,10.0,-0.808,0.272,-0.547
86,muscle,11.0,-0.803,0.318,-0.493
86,muscle,12.0,-0.77,0.352,-0.43
86,muscle,13.0,-0.768,0.385,-0.359
86,muscle,14.0,-0.785,0.444,-0.307
86,muscle,15.0,-0.764,0.503,-0.197
86,muscle,16.0,-0.753,0.551,-0.15
86,muscle,17.0,-0.742,0.622,-0.069
86,muscle,18.0,-0.732,0.636,0.008
86,muscle,19.0,-0.715,0.698,0.061
86,muscle,20.0,-0.72,0.734,0.122
86,muscle,21.0,-0.709,0.76,0.17
86,muscle,22.0,-0.709,0.783,0.206
86,muscle,23.0,-0.705,0.793,0.227
86,muscle,24.0,-0.7,0.8,0.236
87,neural,6.0,-0.596,0.701,0.433
87,neural,7.0,-0.592,0.705,0.426
87,neural,8.0,-0.593,0.705,0.419
87,neural,9.0,-0.581,0.722,0.401
87,neural,10.0,-0.563,0.733,0.388
87,neural,11.0,-0.562,0.752,0.351
87,neural,12.0,-0.53,0.776,0.329
87,neural,13.0,-0.522,0.795,0.305
87,neural,14.0,-0.516,0.788,0.27
87,neural,15.0,-0.472,0.844,0.228
87,neural,16.0,-0.448,0.849,0.187
87,neural,17.0,-0.453,0.892,0.185
87,neural,18.0,-0.43,0.896,0.138
87,neural,19.0,-0.404,0.931,0.12
87,neural,20.0,-0.387,0.956,0.092
87,neural,21.0,-0.383,0.954,0.069
87,neural,22.0,-0.381,0.971,0.049
87,neural,23.0,-0.37,0.979,0.046
87,neural,24.0,-0.365,0.98,0.042
88,notochord,6.0,0.873,0.211,0.612
88,notochord,7.0,0.87,0.219,0.606
88,notochord,8.0,0.855,0.235,0.598
88,notochord,9.0,0.846,0.263,0.554
88,notochord,10.0,0.827,0.299,0.524
88,notochord,11.0,0.797,0.353,0.51
88,notochord,12.0,0.753,0.391,0.456
88,notochord,13.0,0.723,0.43,0.404
88,notochord,14.0,0.689,0.508,0.347
88,notochord,15.0,0.681,0.553,0.319
88,notochord,16.0,0.64,0.589,0.274
88,notochord,17.0,0.599,0.66,0.245
88,notochord,18.0,0.566,0.685,0.177
88,notochord,19.0,0.531,0.752,0.148
88,notochord,20.0,0.524,0.783,0.119
88,notochord,21.0,0.481,0.819,0.07
88,notochord,22.0,0.477,0.843,0.051
88,notochord,23.0,0.465,0.854,0.041
88,notochord,24.0,0.46,0.86,0.036
89,muscle,6.0,0.386,0.127,0.933
89,muscle,7.0,0.393,0.128,0.925
89,muscle,8.0,0.404,0.153,0.904
89,muscle,9.0,0.432,0.176,0.872
89,muscle,10.0,0.467,0.21,0.833
89,muscle,11.0,0.488,0.259,0.792
89,muscle,12.0,0.532,0.309,0.732
89,muscle,13.0,0.548,0.352,0.661
89,muscle,14.0,0.614,0.405,0.601
89,muscle,15.0,0.659,0.473,0.569
89,muscle,16.0,0.725,0.506,0.504
89,muscle,17.0,0.75,0.57,0.443
89,muscle,18.0,0.784,0.637,0.358
89,muscle,19.0,0.828,0.662,0.322
89,muscle,20.0,0.858,0.717,0.263
89,muscle,21.0,0.894,0.739,0.241
89,muscle,22.0,0.914,0.777,0.215
89,muscle,23.0,0.924,0.797,0.188
89,muscle,24.0,0.93,0.8,0.181
90,neural,6.0,1.109,-0.232,0.103
90,neural,7.0,1.096,-0.221,0.105
90,neural,8.0,1.049,-0.188,0.097
90,neural,9.0,0.982,-0.155,0.091
90,neural,10.0,0.904,-0.085,0.087
90,neural,11.0,0.807,-0.016,0.086
90,neural,12.0,0.659,0.09,0.077
90,neural,13.0,0.572,0.173,0.065
90,neural,14.0,0.397,0.284,0.038
90,neural,15.0,0.251,0.376,0.05
90,neural,16.0,0.129,0.471,0.029
90,neural,17.0,0.02,0.579,0.013
90,neural,18.0,-0.11,0.672,0.025
90,neural,19.0,-0.227,0.759,-0.003
90,neural,20.0,-0.34,0.838,-0.012
90,neural,21.0,-0.424,0.897,-0.017
90,neural,22.0,-0.488,0.938,-0.007
90,neural,23.0,-0.528,0.971,-0.022
90,neural,24.0,-0.547,0.98,-0.022
91,neural,6.0,-0.854,-0.176,-0.644
91,neural,7.0,-0.832,-0.167,-0.637
91,neural,8.0,-0.782,-0.134,-0.625
91,neural,9.0,-0.696,-0.084,-0.588
91,neural,10.0,-0.579,-0.031,-0.559
91,neural,11.0,-0.464,0.053,-0.531
91,neural,12.0,-0.299,0.116,-0.45
91,neural,13.0,-0.137,0.214,-0.421
91,neural,14.0,0.055,0.317,-0.321
91,neural,15.0,0.228,0.4,-0.277
91,neural,16.0,0.391,0.505,-0.235
91,neural,17.0,0.556,0.603,-0.162
91,neural,18.0,0.708,0.68,-0.135
91,neural,19.0,0.873,0.764,-0.082
91,neural,20.0,1.02,0.846,-0.026
91,neural,21.0,1.117,0.899,0.008
91,neural,22.0,1.2,0.938,0.042
91,neural,23.0,1.256,0.969,0.053
91,neural,24.0,1.275,0.98,0.06
92,muscle,6.0,1.031,0.238,-0.366
92,muscle,7.0,1.026,0.245,-0.361
92,muscle,8.0,1.015,0.261,-0.341
92,muscle,9.0,0.993,0.287,-0.322
92,muscle,10.0,0.966,0.316,-0.307
92,muscle,11.0,0.942,0.351,-0.266
92,muscle,12.0,0.912,0.384,-0.215
92,muscle,13.0,0.843,0.429,-0.17
92,muscle,14.0,0.813,0.468,-0.12
92,muscle,15.0,0.771,0.522,-0.069
92,muscle,16.0,0.739,0.564,-0.031
92,muscle,17.0,0.673,0.601,0.026
92,muscle,18.0,0.657,0.645,0.064
92,muscle,19.0,0.632,0.695,0.095
92,muscle,20.0,0.587,0.721,0.148
92,muscle,21.0,0.569,0.755,0.172
92,muscle,22.0,0.54,0.781,0.184
92,muscle,23.0,0.53,0.799,0.209
92,muscle,24.0,0.527,0.8,0.212
93,neural,6.0,0.79,0.691,-0.001
93,neural,7.0,0.788,0.693,-0.002
93,neural,8.0,0.783,0.704,0.0
93,neural,9.0,0.804,0.721,0.002
93,neural,10.0,0.794,0.729,-0.017
93,neural,11.0,0.802,0.753,-0.021
93,neural,12.0,0.824,0.787,-0.056
93,neural,13.0,0.824,0.787,-0.016
93,neural,14.0,0.83,0.805,-0.062
93,neural,15.0,0.831,0.842,-0.039
93,neural,16.0,0.836,0.849,-0.064
93,neural,17.0,0.85,0.879,-0.084
93,neural,18.0,0.856,0.901,-0.078
93,neural,19.0,0.847,0.947,-0.074
93,neural,20.0,0.864,0.935,-0.098
93,neural,21.0,0.832,0.951,-0.111
93,neural,22.0,0.856,0.967,-0.116
93,neural,23.0,0.859,0.978,-0.112
93,neural,24.0,0.857,0.98,-0.113
94,neural,6.0,0.916,-0.125,0.591
94,neural,7.0,0.911,-0.115,0.586
94,neural,8.0,0.893,-0.091,0.572
94,neural,9.0,0.857,-0.045,0.534
94,neural,10.0,0.821,0.017,0.508
94,neural,11.0,0.761,0.073,0.476
94,neural,12.0,0.724,0.157,0.42
94,neural,13.0,0.666,0.251,0.393
94,neural,14.0,0.603,0.341,0.34
94,neural,15.0,0.509,0.41,0.301
94,neural,16.0,0.478,0.537,0.242
94,neural,17.0,0.415,0.606,0.189
94,neural,18.0,0.368,0.694,0.141
94,neural,19.0,0.297,0.769,0.094
94,neural,20.0,0.258,0.847,0.059
94,neural,21.0,0.21,0.898,0.021
94,neural,22.0,0.188,0.947,0.006
94,neural,23.0,0.166,0.971,-0.017
94,neural,24.0,0.158,0.98,-0.022
95,neural,6.0,0.311,0.585,0.741
95,neural,7.0,0.319,0.588,0.737
95,neural,8.0,0.333,0.592,0.711
95,neural,9.0,0.359,0.614,0.686
95,neural,10.0,0.39,0.635,0.648
95,neural,11.0,0.423,0.663,0.604
95,neural,12.0,0.48,0.662,0.557
95,neural,13.0,0.535,0.726,0.511
95,neural,14.0,0.589,0.763,0.436
95,neural,15.0,0.659,0.791,0.384
95,neural,16.0,0.707,0.823,0.333
95,neural,17.0,0.732,0.831,0.273
95,neural,18.0,0.802,0.875,0.24
95,neural,19.0,0.841,0.905,0.164
95,neural,20.0,0.887,0.932,0.13
95,neural,21.0,0.933,0.952,0.105
95,neural,22.0,0.956,0.968,0.07
95,neural,23.0,0.969,0.976,0.05
95,neural,24.0,0.975,0.98,0.046
96,notochord,6.0,-1.126,0.078,0.188
96,notochord,7.0,-1.104,0.084,0.183
96,notochord,8.0,-1.042,0.108,0.18
96,notochord,9.0,-0.95,0.14,0.175
96,notochord,10.0,-0.819,0.171,0.168
96,notochord,11.0,-0.703,0.219,0.138
96,notochord,12.0,-0.556,0.283,0.154
96,notochord,13.0,-0.384,0.351,0.12
96,notochord,14.0,-0.197,0.396,0.088
96,notochord,15.0,-0.023,0.458,0.057
96,notochord,16.0,0.185,0.534,0.073
96,notochord,17.0,0.376,0.573,0.06
96,notochord,18.0,0.536,0.659,0.045
96,notochord,19.0,0.683,0.706,0.012
96,notochord,20.0,0.805,0.771,0.024
96,notochord,21.0,0.933,0.812,0.01
96,notochord,22.0,1.029,0.833,-0.004
96,notochord,23.0,1.087,0.85,-0.006
96,notochord,24.0,1.106,0.86,-0.006
97,notochord,6.0,-0.619,0.466,0.686
97,notochord,7.0,-0.617,0.469,0.681
97,notochord,8.0,-0.613,0.479,0.666
97,notochord,9.0,-0.603,0.505,0.644
97,notochord,10.0,-0.581,0.497,0.608
97,notochord,11.0,-0.535,0.545,0.564
97,notochord,12.0,-0.544,0.556,0.532
97,notochord,13.0,-0.507,0.593,0.472
97,notochord,14.0,-0.489,0.62,0.441
97,notochord,15.0,-0.445,0.659,0.401
97,notochord,16.0,-0.419,0.699,0.322
97,notochord,17.0,-0.395,0.709,0.277
97,notochord,18.0,-0.395,0.752,0.241
97,notochord,19.0,-0.377,0.789,0.201
97,notochord,20.0,-0.351,0.803,0.164
97,notochord,21.0,-0.34,0.831,0.117
97,notochord,22.0,-0.32,0.848,0.087
97,notochord,23.0,-0.309,0.857,0.075
97,notochord,24.0,-0.306,0.86,0.07
98,neural,6.0,0.661,0.649,-0.45
98,neural,7.0,0.665,0.652,-0.442
98,neural,8.0,0.678,0.657,-0.44
98,neural,9.0,0.695,0.679,-0.395
98,neural,10.0,0.713,0.683,-0.389
98,neural,11.0,0.762,0.715,-0.354
98,neural,12.0,0.789,0.742,-0.329
98,neural,13.0,0.785,0.785,-0.267
98,neural,14.0,0.835,0.781,-0.214
98,neural,15.0,0.874,0.829,-0.179
98,neural,16.0,0.921,0.84,-0.147
98,neural,17.0,0.933,0.882,-0.098
98,neural,18.0,0.987,0.886,-0.061
98,neural,19.0,1.018,0.897,-0.017
98,neural,20.0,1.052,0.929,0.022
98,neural,21.0,1.075,0.951,0.043
98,neural,22.0,1.095,0.966,0.065
98,neural,23.0,1.106,0.977,0.083
98,neural,24.0,1.109,0.98,0.088
99,muscle,6.0,-0.42,0.389,0.836
99,muscle,7.0,-0.424,0.395,0.829
99,muscle,8.0,-0.434,0.406,0.798
99,muscle,9.0,-0.464,0.423,0.757
99,muscle,10.0,-0.484,0.432,0.706
99,muscle,11.0,-0.532,0.455,0.644
99,muscle,12.0,-0.544,0.497,0.581
99,muscle,13.0,-0.591,0.532,0.487
99,muscle,14.0,-0.643,0.572,0.423
99,muscle,15.0,-0.684,0.602,0.342
99,muscle,16.0,-0.727,0.621,0.229
99,muscle,17.0,-0.788,0.644,0.149
99,muscle,18.0,-0.815,0.696,0.079
99,muscle,19.0,-0.854,0.738,-0.006
99,muscle,20.0,-0.888,0.762,-0.054
99,muscle,21.0,-0.917,0.786,-0.11
99,muscle,22.0,-0.94,0.784,-0.154
99,muscle,23.0,-0.953,0.799,-0.182
99,muscle,24.0,-0.955,0.8,-0.193
100,skin,6.0,0.219,-0.026,0.981
100,skin,7.0,0.215,-0.022,0.982
100,skin,8.0,0.202,-0.002,0.984
100,skin,9.0,0.19,0.016,0.986
100,skin,10.0,0.159,0.056,0.989
100,skin,11.0,0.142,0.127,0.983
100,skin,12.0,0.08,0.229,0.968
100,skin,13.0,-0.05,0.351,0.928
100,skin,14.0,-0.185,0.542,0.805
100,skin,15.0,-0.374,0.725,0.558
100,skin,16.0,-0.496,0.834,0.209
100,skin,17.0,-0.54,0.835,-0.085
100,skin,18.0,-0.579,0.765,-0.313
100,skin,19.0,-0.554,0.713,-0.452
100,skin,20.0,-0.529,0.675,-0.532
100,skin,21.0,-0.537,0.629,-0.586
100,skin,22.0,-0.523,0.623,-0.602
100,skin,23.0,-0.525,0.602,-0.624
100,skin,24.0,-0.524,0.597,-0.63
101,muscle,6.0,-0.925,0.495,0.287
101,muscle,7.0,-0.916,0.497,0.284
101,muscle,8.0,-0.878,0.507,0.266
101,muscle,9.0,-0.83,0.508,0.242
101,muscle,10.0,-0.745,0.536,0.212
101,muscle,11.0,-0.658,0.551,0.163
101,muscle,12.0,-0.552,0.576,0.144
101,muscle,13.0,-0.441,0.602,0.104
101,muscle,14.0,-0.331,0.633,0.061
101,muscle,15.0,-0.238,0.644,-0.006
101,muscle,16.0,-0.102,0.655,-0.063
101,muscle,17.0,-0.002,0.709,-0.09
101,muscle,18.0,0.106,0.713,-0.151
101,muscle,19.0,0.219,0.759,-0.186
101,muscle,20.0,0.297,0.766,-0.223
101,muscle,21.0,0.39,0.775,-0.268
101,muscle,22.0,0.434,0.783,-0.278
101,muscle,23.0,0.467,0.797,-0.296
101,muscle,24.0,0.484,0.8,-0.3
102,neural,6.0,0.302,0.736,-0.576
102,neural,7.0,0.302,0.733,-0.569
102,neural,8.0,0.282,0.744,-0.546
102,neural,9.0,0.255,0.749,-0.513
102,neural,10.0,0.237,0.75,-0.496
102,neural,11.0,0.204,0.784,-0.457
102,neural,12.0,0.18,0.817,-0.415
102,neural,13.0,0.12,0.818,-0.36
102,neural,14.0,0.08,0.837,-0.297
102,neural,15.0,0.022,0.86,-0.243
102,neural,16.0,0.001,0.88,-0.207
102,neural,17.0,-0.058,0.897,-0.151
102,neural,18.0,-0.089,0.906,-0.089
102,neural,19.0,-0.127,0.925,-0.074
102,neural,20.0,-0.182,0.952,-0.009
102,neural,21.0,-0.196,0.971,0.023
102,neural,22.0,-0.227,0.979,0.048
102,neural,23.0,-0.239,0.976,0.058
102,neural,24.0,-0.241,0.98,0.071
103,muscle,6.0,-0.283,0.634,-0.703
103,muscle,7.0,-0.283,0.64,-0.695
103,muscle,8.0,-0.302,0.635,-0.689
103,muscle,9.0,-0.319,0.649,-0.67
103,muscle,10.0,-0.358,0.656,-0.651
103,muscle,11.0,-0.39,0.665,-0.631
103,muscle,12.0,-0.428,0.688,-0.588
103,muscle,13.0,-0.464,0.694,-0.575
103,muscle,14.0,-0.515,0.728,-0.544
103,muscle,15.0,-0.565,0.735,-0.485
103,muscle,16.0,-0.606,0.722,-0.465
103,muscle,17.0,-0.656,0.759,-0.437
103,muscle,18.0,-0.699,0.772,-0.403
103,muscle,19.0,-0.73,0.761,-0.35
103,muscle,20.0,-0.767,0.777,-0.352
103,muscle,21.0,-0.802,0.779,-0.324
103,muscle,22.0,-0.824,0.791,-0.305
103,muscle,23.0,-0.836,0.796,-0.294
103,muscle,24.0,-0.84,0.8,-0.289
104,skin,6.0,0.794,0.305,-0.648
104,skin,7.0,0.798,0.312,-0.641
104,skin,8.0,0.809,0.324,-0.623
104,skin,9.0,0.825,0.337,-0.599
104,skin,10.0,0.841,0.373,-0.558
104,skin,11.0,0.838,0.438,-0.506
104,skin,12.0,0.863,0.472,-0.435
104,skin,13.0,0.884,0.504,-0.356
104,skin,14.0,0.873,0.585,-0.212
104,skin,15.0,0.854,0.631,-0.089
104,skin,16.0,0.806,0.676,0.047
104,skin,17.0,0.76,0.693,0.179
104,skin,18.0,0.706,0.694,0.301
104,skin,19.0,0.609,0.713,0.395
104,skin,20.0,0.564,0.676,0.503
104,skin,21.0,0.509,0.669,0.556
104,skin,22.0,0.468,0.655,0.599
104,skin,23.0,0.446,0.651,0.617
104,skin,24.0,0.443,0.648,0.622
105,notochord,6.0,1.082,0.321,-0.018
105,notochord,7.0,1.062,0.324,-0.019
105,notochord,8.0,1.011,0.337,-0.017
105,notochord,9.0,0.927,0.359,-0.017
105,notochord,10.0,0.813,0.418,-0.016
105,notochord,11.0,0.665,0.418,-0.034
105,notochord,12.0,0.514,0.459,-0.035
105,notochord,13.0,0.363,0.498,-0.013
105,notochord,14.0,0.187,0.56,-0.005
105,notochord,15.0,-0.007,0.598,-0.025
105,notochord,16.0,-0.173,0.639,-0.016
105,notochord,17.0,-0.36,0.662,-0.014
105,notochord,18.0,-0.495,0.719,-0.006
105,notochord,19.0,-0.661,0.758,-0.011
105,notochord,20.0,-0.798,0.797,-0.015
105,notochord,21.0,-0.897,0.818,-0.011
105,notochord,22.0,-0.988,0.842,-0.01
105,notochord,23.0,-1.04,0.854,-0.009
105,notochord,24.0,-1.061,0.86,-0.01
106,neural,6.0,-0.962,0.333,0.422
106,neural,7.0,-0.95,0.337,0.418
106,neural,8.0,-0.922,0.354,0.402
106,neural,9.0,-0.887,0.384,0.387
106,neural,10.0,-0.814,0.422,0.379
106,neural,11.0,-0.735,0.451,0.351
106,neural,12.0,-0.644,0.513,0.293
106,neural,13.0,-0.569,0.542,0.277
106,neural,14.0,-0.473,0.604,0.244
106,neural,15.0,-0.371,0.661,0.209
106,neural,16.0,-0.26,0.715,0.17
106,neural,17.0,-0.205,0.772,0.138
106,neural,18.0,-0.089,0.805,0.102
106,neural,19.0,-0.008,0.841,0.069
106,neural,20.0,0.068,0.903,0.049
106,neural,21.0,0.128,0.932,0.02
106,neural,22.0,0.179,0.959,0.006
106,neural,23.0,0.21,0.974,-0.006
106,neural,24.0,0.217,0.98,-0.009
107,neural,6.0,0.633,0.672,0.443
107,neural,7.0,0.633,0.675,0.434
107,neural,8.0,0.63,0.681,0.434
107,neural,9.0,0.619,0.702,0.408
107,neural,10.0,0.615,0.712,0.374
107,neural,11.0,0.615,0.737,0.323
107,neural,12.0,0.621,0.736,0.29
107,neural,13.0,0.585,0.785,0.246
107,neural,14.0,0.571,0.802,0.196
107,neural,15.0,0.579,0.806,0.138
107,neural,16.0,0.568,0.845,0.108
107,neural,17.0,0.537,0.863,0.042
107,neural,18.0,0.557,0.912,-0.007
107,neural,19.0,0.553,0.901,-0.041
107,neural,20.0,0.535,0.95,-0.071
107,neural,21.0,0.527,0.95,-0.09
107,neural,22.0,0.526,0.963,-0.13
107,neural,23.0,0.522,0.975,-0.14
107,neural,24.0,0.522,0.98,-0.148
108,muscle,6.0,-0.5,0.647,0.59
108,muscle,7.0,-0.49,0.649,0.585
108,muscle,8.0,-0.471,0.654,0.577
108,muscle,9.0,-0.426,0.655,0.566
108,muscle,10.0,-0.362,0.669,0.531
108,muscle,11.0,-0.31,0.675,0.507
108,muscle,12.0,-0.218,0.684,0.486
108,muscle,13.0,-0.131,0.676,0.443
108,muscle,14.0,-0.057,0.721,0.422
108,muscle,15.0,0.03,0.738,0.363
108,muscle,16.0,0.107,0.741,0.331
108,muscle,17.0,0.193,0.768,0.306
108,muscle,18.0,0.279,0.738,0.287
108,muscle,19.0,0.358,0.773,0.244
108,muscle,20.0,0.422,0.783,0.208
108,muscle,21.0,0.464,0.789,0.196
108,muscle,22.0,0.513,0.79,0.177
108,muscle,23.0,0.541,0.797,0.164
108,muscle,24.0,0.551,0.8,0.16
109,muscle,6.0,0.793,0.598,-0.357
109,muscle,7.0,0.782,0.6,-0.356
109,muscle,8.0,0.751,0.607,-0.353
109,muscle,9.0,0.702,0.615,-0.342
109,muscle,10.0,0.649,0.628,-0.349
109,muscle,11.0,0.56,0.629,-0.339
109,muscle,12.0,0.475,0.645,-0.356
109,muscle,13.0,0.39,0.657,-0.321
109,muscle,14.0,0.291,0.683,-0.315
109,muscle,15.0,0.183,0.702,-0.302
109,muscle,16.0,0.094,0.702,-0.313
109,muscle,17.0,-0.025,0.752,-0.294
109,muscle,18.0,-0.115,0.752,-0.31
109,muscle,19.0,-0.195,0.773,-0.291
109,muscle,20.0,-0.256,0.776,-0.296
109,muscle,21.0,-0.329,0.788,-0.275
109,muscle,22.0,-0.381,0.786,-0.276
109,muscle,23.0,-0.418,0.796,-0.27
109,muscle,24.0,-0.427,0.8,-0.269
110,neural,6.0,-0.705,0.636,-0.42
110,neural,7.0,-0.7,0.639,-0.415
110,neural,8.0,-0.692,0.647,-0.406
110,neural,9.0,-0.693,0.66,-0.38
110,neural,10.0,-0.673,0.682,-0.352
110,neural,11.0,-0.647,0.712,-0.346
110,neural,12.0,-0.619,0.735,-0.301
110,neural,13.0,-0.593,0.753,-0.284
110,neural,14.0,-0.569,0.789,-0.236
110,neural,15.0,-0.546,0.819,-0.22
110,neural,16.0,-0.525,0.847,-0.17
110,neural,17.0,-0.483,0.836,-0.164
110,neural,18.0,-0.463,0.889,-0.126
110,neural,19.0,-0.421,0.92,-0.096
110,neural,20.0,-0.418,0.942,-0.068
110,neural,21.0,-0.398,0.955,-0.047
110,neural,22.0,-0.385,0.965,-0.027
110,neural,23.0,-0.375,0.975,-0.022
110,neural,24.0,-0.376,0.98,-0.015
111,notochord,6.0,0.749,0.721,-0.006
111,notochord,7.0,0.735,0.72,-0.005
111,notochord,8.0,0.706,0.728,-0.008
111,notochord,9.0,0.663,0.727,-0.001
111,notochord,10.0,0.603,0.725,-0.005
111,notochord,11.0,0.524,0.736,-0.003
111,notochord,12.0,0.429,0.753,-0.01
111,notochord,13.0,0.316,0.766,0.003
111,notochord,14.0,0.235,0.771,0.007
111,notochord,15.0,0.119,0.779,-0.003
111,notochord,16.0,0.036,0.81,0.005
111,notochord,17.0,-0.087,0.834,0.022
111,notochord,18.0,-0.165,0.81,0.02
111,notochord,19.0,-0.276,0.834,0.01
111,notochord,20.0,-0.342,0.826,-0.001
111,notochord,21.0,-0.39,0.845,0.01
111,notochord,22.0,-0.456,0.856,0.023
111,notochord,23.0,-0.477,0.856,0.02
111,notochord,24.0,-0.494,0.86,0.023
112,skin,6.0,0.76,0.243,0.705
112,skin,7.0,0.763,0.242,0.704
112,skin,8.0,0.765,0.251,0.699
112,skin,9.0,0.769,0.265,0.689
112,skin,10.0,0.784,0.264,0.677
112,skin,11.0,0.791,0.296,0.655
112,skin,12.0,0.812,0.317,0.625
112,skin,13.0,0.802,0.334,0.624
112,skin,14.0,0.822,0.353,0.593
112,skin,15.0,0.835,0.365,0.571
112,skin,16.0,0.823,0.386,0.568
112,skin,17.0,0.829,0.407,0.544
112,skin,18.0,0.845,0.408,0.525
112,skin,19.0,0.849,0.434,0.496
112,skin,20.0,0.848,0.437,0.495
112,skin,21.0,0.854,0.444,0.479
112,skin,22.0,0.861,0.449,0.464
112,skin,23.0,0.862,0.452,0.461
112,skin,24.0,0.862,0.453,0.459
113,neural,6.0,0.696,0.518,0.58
113,neural,7.0,0.701,0.521,0.575
113,neural,8.0,0.714,0.528,0.559
113,neural,9.0,0.732,0.548,0.528
113,neural,10.0,0.756,0.576,0.505
113,neural,11.0,0.765,0.608,0.468
113,neural,12.0,0.827,0.635,0.443
113,neural,13.0,0.859,0.668,0.374
113,neural,14.0,0.87,0.706,0.331
113,neural,15.0,0.911,0.755,0.273
113,neural,16.0,0.934,0.801,0.244
113,neural,17.0,0.967,0.831,0.203
113,neural,18.0,0.993,0.864,0.159
113,neural,19.0,1.026,0.898,0.112
113,neural,20.0,1.068,0.921,0.08
113,neural,21.0,1.08,0.949,0.038
113,neural,22.0,1.106,0.967,0.029
113,neural,23.0,1.119,0.977,0.008
113,neural,24.0,1.119,0.98,0.006
114,skin,6.0,-0.84,-0.247,0.632
114,skin,7.0,-0.832,-0.243,0.641
114,skin,8.0,-0.81,-0.23,0.668
114,skin,9.0,-0.777,-0.206,0.704
114,skin,10.0,-0.72,-0.165,0.761
114,skin,11.0,-0.644,-0.112,0.82
114,skin,12.0,-0.506,-0.044,0.897
114,skin,13.0,-0.313,0.027,0.962
114,skin,14.0,-0.12,0.127,0.986
114,skin,15.0,0.085,0.228,0.968
114,skin,16.0,0.304,0.293,0.914
114,skin,17.0,0.467,0.346,0.838
114,skin,18.0,0.542,0.396,0.777
114,skin,19.0,0.643,0.393,0.718
114,skin,20.0,0.682,0.417,0.675
114,skin,21.0,0.723,0.424,0.637
114,skin,22.0,0.746,0.43,0.612
114,skin,23.0,0.764,0.431,0.593
114,skin,24.0,0.767,0.432,0.59
115,skin,6.0,-0.759,-0.267,-0.697
115,skin,7.0,-0.762,-0.259,-0.697
115,skin,8.0,-0.765,-0.245,-0.701
115,skin,9.0,-0.776,-0.211,-0.704
115,skin,10.0,-0.774,-0.18,-0.715
115,skin,11.0,-0.771,-0.111,-0.733
115,skin,12.0,-0.773,-0.043,-0.739
115,skin,13.0,-0.773,-0.01,-0.74
115,skin,14.0,-0.759,0.08,-0.747
115,skin,15.0,-0.763,0.161,-0.728
115,skin,16.0,-0.74,0.248,-0.72
115,skin,17.0,-0.716,0.319,-0.707
115,skin,18.0,-0.684,0.377,-0.7
115,skin,19.0,-0.653,0.408,-0.703
115,skin,20.0,-0.634,0.482,-0.663
115,skin,21.0,-0.607,0.515,-0.654
115,skin,22.0,-0.595,0.54,-0.64
115,skin,23.0,-0.582,0.557,-0.633
115,skin,24.0,-0.581,0.563,-0.628
116,muscle,6.0,1.08,-0.282,0.174
116,muscle,7.0,1.066,-0.272,0.175
116,muscle,8.0,1.013,-0.246,0.174
116,muscle,9.0,0.946,-0.198,0.181
116,muscle,10.0,0.862,-0.16,0.182
116,muscle,11.0,0.743,-0.075,0.197
116,muscle,12.0,0.631,0.01,0.192
116,muscle,13.0,0.479,0.094,0.193
116,muscle,14.0,0.338,0.174,0.199
116,muscle,15.0,0.198,0.254,0.2
116,muscle,16.0,0.04,0.329,0.186
116,muscle,17.0,-0.107,0.442,0.194
116,muscle,18.0,-0.245,0.522,0.195
116,muscle,19.0,-0.376,0.583,0.213
116,muscle,20.0,-0.471,0.662,0.204
116,muscle,21.0,-0.578,0.717,0.215
116,muscle,22.0,-0.634,0.763,0.211
116,muscle,23.0,-0.685,0.794,0.216
116,muscle,24.0,-0.702,0.8,0.217
117,neural,6.0,0.8,0.677,-0.094
117,neural,7.0,0.783,0.68,-0.094
117,neural,8.0,0.731,0.685,-0.087
117,neural,9.0,0.653,0.683,-0.104
117,neural,10.0,0.549,0.717,-0.105
117,neural,11.0,0.429,0.739,-0.088
117,neural,12.0,0.269,0.766,-0.086
117,neural,13.0,0.138,0.773,-0.077
117,neural,14.0,-0.015,0.792,-0.097
117,neural,15.0,-0.195,0.831,-0.055
117,neural,16.0,-0.336,0.845,-0.09
117,neural,17.0,-0.502,0.868,-0.086
117,neural,18.0,-0.678,0.877,-0.083
117,neural,19.0,-0.817,0.928,-0.081
117,neural,20.0,-0.929,0.931,-0.078
117,neural,21.0,-1.024,0.968,-0.066
117,neural,22.0,-1.11,0.974,-0.073
117,neural,23.0,-1.159,0.975,-0.07
117,neural,24.0,-1.181,0.98,-0.071
118,neural,6.0,-0.532,0.719,0.461
118,neural,7.0,-0.519,0.723,0.459
118,neural,8.0,-0.492,0.734,0.439
118,neural,9.0,-0.435,0.735,0.44
118,neural,10.0,-0.375,0.744,0.415
118,neural,11.0,-0.283,0.772,0.412
118,neural,12.0,-0.218,0.786,0.372
118,neural,13.0,-0.12,0.811,0.338
118,neural,14.0,0.007,0.844,0.308
118,neural,15.0,0.096,0.854,0.284
118,neural,16.0,0.197,0.871,0.252
118,neural,17.0,0.317,0.895,0.225
118,neural,18.0,0.422,0.915,0.189
118,neural,19.0,0.487,0.933,0.179
118,neural,20.0,0.577,0.938,0.143
118,neural,21.0,0.626,0.96,0.123
118,neural,22.0,0.68,0.971,0.117
118,neural,23.0,0.715,0.979,0.109
118,neural,24.0,0.727,0.98,0.106
119,neural,6.0,0.632,0.241,0.796
119,neural,7.0,0.624,0.249,0.79
119,neural,8.0,0.599,0.265,0.761
119,neural,9.0,0.581,0.302,0.722
119,neural,10.0,0.53,0.342,0.672
119,neural,11.0,0.484,0.385,0.618
119,neural,12.0,0.439,0.445,0.548
119,neural,13.0,0.362,0.493,0.477
119,neural,14.0,0.304,0.559,0.397
119,neural,15.0,0.235,0.609,0.323
119,neural,16.0,0.189,0.662,0.252
119,neural,17.0,0.117,0.724,0.184
119,neural,18.0,0.037,0.802,0.097
119,neural,19.0,0.009,0.842,0.014
119,neural,20.0,-0.061,0.887,-0.019
119,neural,21.0,-0.084,0.929,-0.066
119,neural,22.0,-0.12,0.957,-0.107
119,neural,23.0,-0.139,0.97,-0.135
119,neural,24.0,-0.148,0.98,-0.142
120,skin,6.0,0.653,0.404,-0.705
120,skin,7.0,0.642,0.405,-0.712
120,skin,8.0,0.616,0.425,-0.716
120,skin,9.0,0.562,0.439,-0.74
120,skin,10.0,0.484,0.478,-0.755
120,skin,11.0,0.388,0.515,-0.769
120,skin,12.0,0.269,0.518,-0.805
120,skin,13.0,0.12,0.541,-0.815
120,skin,14.0,-0.052,0.555,-0.81
120,skin,15.0,-0.214,0.582,-0.768
120,skin,16.0,-0.422,0.58,-0.702
120,skin,17.0,-0.527,0.562,-0.664
120,skin,18.0,-0.619,0.534,-0.628
120,skin,19.0,-0.701,0.539,-0.553
120,skin,20.0,-0.769,0.503,-0.521
120,skin,21.0,-0.808,0.48,-0.501
120,skin,22.0,-0.837,0.475,-0.469
120,skin,23.0,-0.856,0.465,-0.454
120,skin,24.0,-0.86,0.463,-0.45
121,muscle,6.0,-0.835,0.416,0.529
121,muscle,7.0,-0.837,0.42,0.524
121,muscle,8.0,-0.842,0.429,0.518
121,muscle,9.0,-0.869,0.441,0.505
121,muscle,10.0,-0.87,0.461,0.492
121,muscle,11.0,-0.866,0.477,0.465
121,muscle,12.0,-0.872,0.51,0.458
121,muscle,13.0,-0.911,0.562,0.435
121,muscle,14.0,-0.9,0.585,0.407
121,muscle,15.0,-0.94,0.6,0.408
121,muscle,16.0,-0.942,0.628,0.393
121,muscle,17.0,-0.971,0.67,0.365
121,muscle,18.0,-0.989,0.697,0.349
121,muscle,19.0,-0.993,0.74,0.314
121,muscle,20.0,-1.007,0.76,0.306
121,muscle,21.0,-1.014,0.778,0.293
121,muscle,22.0,-1.029,0.794,0.28
121,muscle,23.0,-1.032,0.801,0.268
121,muscle,24.0,-1.033,0.8,0.266
122,neural,6.0,0.747,0.151,0.744
122,neural,7.0,0.75,0.155,0.738
122,neural,8.0,0.762,0.176,0.721
122,neural,9.0,0.766,0.219,0.686
122,neural,10.0,0.78,0.258,0.642
122,neural,11.0,0.804,0.303,0.587
122,neural,12.0,0.824,0.359,0.549
122,neural,13.0,0.82,0.435,0.501
122,neural,14.0,0.879,0.49,0.448
122,neural,15.0,0.884,0.56,0.339
122,neural,16.0,0.921,0.648,0.296
122,neural,17.0,0.937,0.706,0.251
122,neural,18.0,0.96,0.759,0.18
122,neural,19.0,0.99,0.827,0.127
122,neural,20.0,1.012,0.877,0.079
122,neural,21.0,1.019,0.922,0.02
122,neural,22.0,1.032,0.958,0.005
122,neural,23.0,1.037,0.975,-0.021
122,neural,24.0,1.039,0.98,-0.03
123,muscle,6.0,-0.563,0.245,0.833
123,muscle,7.0,-0.56,0.252,0.827
123,muscle,8.0,-0.56,0.269,0.807
123,muscle,9.0,-0.546,0.283,0.782
123,muscle,10.0,-0.537,0.311,0.74
123,muscle,11.0,-0.519,0.35,0.702
123,muscle,12.0,-0.509,0.385,0.661
123,muscle,13.0,-0.486,0.438,0.596
123,muscle,14.0,-0.452,0.484,0.533
123,muscle,15.0,-0.428,0.522,0.511
123,muscle,16.0,-0.416,0.595,0.435
123,muscle,17.0,-0.381,0.619,0.403
123,muscle,18.0,-0.404,0.64,0.333
123,muscle,19.0,-0.374,0.696,0.264
123,muscle,20.0,-0.353,0.721,0.227
123,muscle,21.0,-0.337,0.765,0.201
123,muscle,22.0,-0.33,0.787,0.179
123,muscle,23.0,-0.322,0.797,0.16
123,muscle,24.0,-0.319,0.8,0.153
124,notochord,6.0,0.971,-0.146,0.513
124,notochord,7.0,0.955,-0.135,0.504
124,notochord,8.0,0.9,-0.11,0.493
124,notochord,9.0,0.824,-0.074,0.466
124,notochord,10.0,0.713,-0.014,0.437
124,notochord,11.0,0.607,0.045,0.404
124,notochord,12.0,0.439,0.115,0.396
124,notochord,13.0,0.284,0.176,0.324
124,notochord,14.0,0.143,0.298,0.263
124,notochord,15.0,-0.013,0.357,0.212
124,notochord,16.0,-0.199,0.433,0.166
124,notochord,17.0,-0.358,0.524,0.146
124,notochord,18.0,-0.484,0.587,0.092
124,notochord,19.0,-0.645,0.684,0.043
124,notochord,20.0,-0.769,0.729,0.017
124,notochord,21.0,-0.873,0.786,-0.006
124,notochord,22.0,-0.949,0.827,-0.024
124,notochord,23.0,-0.999,0.855,-0.051
124,notochord,24.0,-1.021,0.86,-0.055
125,neural,6.0,-0.747,0.721,-0.031
125,neural,7.0,-0.742,0.722,-0.03
125,neural,8.0,-0.722,0.732,-0.032
125,neural,9.0,-0.682,0.74,-0.033
125,neural,10.0,-0.656,0.759,-0.033
125,neural,11.0,-0.597,0.789,-0.035
125,neural,12.0,-0.535,0.784,-0.045
125,neural,13.0,-0.483,0.825,-0.042
125,neural,14.0,-0.431,0.8,-0.022
125,neural,15.0,-0.379,0.836,-0.041
125,neural,16.0,-0.293,0.88,-0.032
125,neural,17.0,-0.229,0.892,-0.057
125,neural,18.0,-0.195,0.923,-0.039
125,neural,19.0,-0.135,0.935,-0.037
125,neural,20.0,-0.081,0.948,-0.061
125,neural,21.0,-0.039,0.963,-0.053
125,neural,22.0,-0.004,0.977,-0.058
125,neural,23.0,0.011,0.977,-0.054
125,neural,24.0,0.018,0.98,-0.056
126,muscle,6.0,-0.457,0.077,0.914
126,muscle,7.0,-0.452,0.079,0.904
126,muscle,8.0,-0.455,0.1,0.88
126,muscle,9.0,-0.454,0.134,0.828
126,muscle,10.0,-0.448,0.166,0.795
126,muscle,11.0,-0.45,0.215,0.725
126,muscle,12.0,-0.473,0.267,0.629
126,muscle,13.0,-0.447,0.31,0.542
126,muscle,14.0,-0.464,0.377,0.469
126,muscle,15.0,-0.458,0.434,0.367
126,muscle,16.0,-0.445,0.507,0.26
126,muscle,17.0,-0.443,0.559,0.174
126,muscle,18.0,-0.44,0.6,0.105
126,muscle,19.0,-0.458,0.67,-0.002
126,muscle,20.0,-0.453,0.709,-0.047
126,muscle,21.0,-0.458,0.751,-0.101
126,muscle,22.0,-0.444,0.771,-0.148
126,muscle,23.0,-0.447,0.794,-0.174
126,muscle,24.0,-0.448,0.8,-0.186
127,muscle,6.0,-0.862,0.251,-0.607
127,muscle,7.0,-0.848,0.255,-0.605
127,muscle,8.0,-0.809,0.265,-0.599
127,muscle,9.0,-0.759,0.296,-0.575
127,muscle,10.0,-0.687,0.317,-0.554
127,muscle,11.0,-0.575,0.342,-0.519
127,muscle,12.0,-0.481,0.382,-0.499
127,muscle,13.0,-0.349,0.449,-0.465
127,muscle,14.0,-0.265,0.49,-0.407
127,muscle,15.0,-0.151,0.502,-0.388
127,muscle,16.0,-0.025,0.563,-0.34
127,muscle,17.0,0.091,0.611,-0.312
127,muscle,18.0,0.21,0.668,-0.252
127,muscle,19.0,0.305,0.7,-0.241
127,muscle,20.0,0.41,0.734,-0.222
127,muscle,21.0,0.482,0.756,-0.194
127,muscle,22.0,0.541,0.775,-0.181
127,muscle,23.0,0.579,0.796,-0.161
127,muscle,24.0,0.588,0.8,-0.161
128,muscle,6.0,1.002,0.252,-0.413
128,muscle,7.0,1.0,0.258,-0.41
128,muscle,8.0,0.979,0.274,-0.387
128,muscle,9.0,0.963,0.289,-0.346
128,muscle,10.0,0.948,0.324,-0.308
128,muscle,11.0,0.907,0.368,-0.259
128,muscle,12.0,0.874,0.406,-0.197
128,muscle,13.0,0.843,0.44,-0.156
128,muscle,14.0,0.801,0.473,-0.126
128,muscle,15.0,0.758,0.529,-0.035
128,muscle,16.0,0.718,0.571,0.03
128,muscle,17.0,0.683,0.596,0.082
128,muscle,18.0,0.65,0.661,0.15
128,muscle,19.0,0.61,0.698,0.206
128,muscle,20.0,0.58,0.734,0.248
128,muscle,21.0,0.547,0.758,0.291
128,muscle,22.0,0.539,0.785,0.312
128,muscle,23.0,0.53,0.794,0.34
128,muscle,24.0,0.522,0.8,0.344
129,skin,6.0,1.034,0.044,-0.434
129,skin,7.0,1.035,0.05,-0.433
129,skin,8.0,1.041,0.067,-0.418
129,skin,9.0,1.052,0.109,-0.388
129,skin,10.0,1.061,0.115,-0.367
129,skin,11.0,1.057,0.203,-0.331
129,skin,12.0,1.065,0.267,-0.254
129,skin,13.0,1.023,0.417,-0.124
129,skin,14.0,0.857,0.632,0.046
129,skin,15.0,0.642,0.738,0.292
129,skin,16.0,0.27,0.783,0.516
129,skin,17.0,-0.06,0.765,0.591
129,skin,18.0,-0.217,0.698,0.651
129,skin,19.0,-0.346,0.65,0.664
129,skin,20.0,-0.434,0.61,0.667
129,skin,21.0,-0.485,0.568,0.681
129,skin,22.0,-0.525,0.56,0.667
129,skin,23.0,-0.543,0.541,0.673
129,skin,24.0,-0.548,0.541,0.67
130,muscle,6.0,0.42,0.648,-0.633
130,muscle,7.0,0.408,0.645,-0.623
130,muscle,8.0,0.392,0.65,-0.596
130,muscle,9.0,0.364,0.657,-0.576
130,muscle,10.0,0.312,0.669,-0.529
130,muscle,11.0,0.251,0.669,-0.455
130,muscle,12.0,0.194,0.675,-0.388
130,muscle,13.0,0.109,0.719,-0.341
130,muscle,14.0,0.064,0.692,-0.259
130,muscle,15.0,-0.021,0.718,-0.203
130,muscle,16.0,-0.093,0.735,-0.113
130,muscle,17.0,-0.167,0.741,-0.036
130,muscle,18.0,-0.24,0.754,0.033
130,muscle,19.0,-0.275,0.769,0.097
130,muscle,20.0,-0.341,0.792,0.153
130,muscle,21.0,-0.384,0.786,0.183
130,muscle,22.0,-0.418,0.79,0.226
130,muscle,23.0,-0.441,0.8,0.241
130,muscle,24.0,-0.447,0.8,0.252
131,muscle,6.0,-0.265,0.457,0.846
131,muscle,7.0,-0.255,0.461,0.84
131,muscle,8.0,-0.236,0.47,0.836
131,muscle,9.0,-0.195,0.479,0.802
131,muscle,10.0,-0.163,0.508,0.77
131,muscle,11.0,-0.101,0.516,0.737
131,muscle,12.0,-0.052,0.534,0.716
131,muscle,13.0,0.031,0.549,0.659
131,muscle,14.0,0.087,0.593,0.633
131,muscle,15.0,0.136,0.627,0.609
131,muscle,16.0,0.229,0.673,0.555
131,muscle,17.0,0.308,0.673,0.501
131,muscle,18.0,0.366,0.686,0.448
131,muscle,19.0,0.408,0.718,0.41
131,muscle,20.0,0.484,0.761,0.401
131,muscle,21.0,0.526,0.777,0.364
131,muscle,22.0,0.558,0.786,0.346
131,muscle,23.0,0.583,0.794,0.328
131,muscle,24.0,0.591,0.8,0.324
132,skin,6.0,-0.744,0.131,0.75
132,skin,7.0,-0.746,0.135,0.748
132,skin,8.0,-0.76,0.154,0.733
132,skin,9.0,-0.771,0.181,0.717
132,skin,10.0,-0.798,0.224,0.681
132,skin,11.0,-0.813,0.306,0.629
132,skin,12.0,-0.828,0.396,0.555
132,skin,13.0,-0.859,0.475,0.439
132,skin,14.0,-0.849,0.609,0.21
132,skin,15.0,-0.718,0.741,-0.046
132,skin,16.0,-0.542,0.785,-0.31
132,skin,17.0,-0.364,0.755,-0.518
132,skin,18.0,-0.232,0.708,-0.635
132,skin,19.0,-0.097,0.669,-0.705
132,skin,20.0,-0.031,0.636,-0.742
132,skin,21.0,0.031,0.603,-0.772
132,skin,22.0,0.056,0.585,-0.786
132,skin,23.0,0.074,0.571,-0.796
132,skin,24.0,0.081,0.567,-0.799
133,neural,6.0,-0.468,0.704,-0.534
133,neural,7.0,-0.474,0.704,-0.531
133,neural,8.0,-0.495,0.714,-0.514
133,neural,9.0,-0.515,0.717,-0.486
133,neural,10.0,-0.55,0.742,-0.464
133,neural,11.0,-0.584,0.747,-0.426
133,neural,12.0,-0.641,0.774,-0.415
133,neural,13.0,-0.682,0.788,-0.351
133,neural,14.0,-0.719,0.808,-0.302
133,neural,15.0,-0.781,0.839,-0.257
133,neural,16.0,-0.824,0.887,-0.229
133,neural,17.0,-0.89,0.903,-0.181
133,neural,18.0,-0.947,0.899,-0.118
133,neural,19.0,-0.978,0.916,-0.098
133,neural,20.0,-1.034,0.951,-0.056
133,neural,21.0,-1.047,0.96,-0.03
133,neural,22.0,-1.086,0.973,-0.009
133,neural,23.0,-1.1,0.979,0.009
133,neural,24.0,-1.105,0.98,0.014
134,muscle,6.0,0.41,0.687,-0.591
134,muscle,7.0,0.396,0.686,-0.587
134,muscle,8.0,0.373,0.694,-0.573
134,muscle,9.0,0.32,0.691,-0.567
134,muscle,10.0,0.264,0.717,-0.543
134,muscle,11.0,0.178,0.713,-0.514
134,muscle,12.0,0.1,0.733,-0.494
134,muscle,13.0,0.043,0.721,-0.473
134,muscle,14.0,-0.063,0.738,-0.43
134,muscle,15.0,-0.165,0.733,-0.428
134,muscle,16.0,-0.277,0.74,-0.387
134,muscle,17.0,-0.351,0.766,-0.377
134,muscle,18.0,-0.48,0.753,-0.319
134,muscle,19.0,-0.533,0.784,-0.302
134,muscle,20.0,-0.615,0.792,-0.293
134,muscle,21.0,-0.68,0.796,-0.266
134,muscle,22.0,-0.721,0.798,-0.249
134,muscle,23.0,-0.748,0.798,-0.242
134,muscle,24.0,-0.76,0.8,-0.241
135,muscle,6.0,0.664,0.47,0.649
135,muscle,7.0,0.661,0.474,0.64
135,muscle,8.0,0.673,0.489,0.615
135,muscle,9.0,0.684,0.499,0.576
135,muscle,10.0,0.686,0.511,0.536
135,muscle,11.0,0.719,0.536,0.46
135,muscle,12.0,0.726,0.562,0.407
135,muscle,13.0,0.77,0.555,0.311
135,muscle,14.0,0.756,0.584,0.258
135,muscle,15.0,0.787,0.612,0.171
135,muscle,16.0,0.827,0.672,0.088
135,muscle,17.0,0.827,0.686,0.039
135,muscle,18.0,0.855,0.716,-0.042
135,muscle,19.0,0.87,0.756,-0.122
135,muscle,20.0,0.882,0.757,-0.19
135,muscle,21.0,0.899,0.767,-0.229
135,muscle,22.0,0.916,0.784,-0.264
135,muscle,23.0,0.918,0.802,-0.287
135,muscle,24.0,0.918,0.8,-0.298
136,skin,6.0,0.003,-0.141,-0.989
136,skin,7.0,0.01,-0.133,-0.99
136,skin,8.0,0.027,-0.12,-0.992
136,skin,9.0,0.06,-0.082,-0.995
136,skin,10.0,0.108,-0.054,-0.994
136,skin,11.0,0.143,-0.018,-0.992
136,skin,12.0,0.211,0.056,-0.981
136,skin,13.0,0.265,0.086,-0.969
136,skin,14.0,0.335,0.167,-0.94
136,skin,15.0,0.409,0.224,-0.904
136,skin,16.0,0.471,0.271,-0.867
136,skin,17.0,0.53,0.327,-0.818
136,skin,18.0,0.559,0.362,-0.786
136,skin,19.0,0.591,0.412,-0.74
136,skin,20.0,0.62,0.443,-0.701
136,skin,21.0,0.647,0.462,-0.669
136,skin,22.0,0.652,0.482,-0.649
136,skin,23.0,0.666,0.489,-0.632
136,skin,24.0,0.669,0.493,-0.626
137,notochord,6.0,-0.616,0.68,0.448
137,notochord,7.0,-0.618,0.683,0.445
137,notochord,8.0,-0.61,0.685,0.435
137,notochord,9.0,-0.601,0.687,0.414
137,notochord,10.0,-0.585,0.689,0.379
137,notochord,11.0,-0.58,0.704,0.364
137,notochord,12.0,-0.551,0.72,0.334
137,notochord,13.0,-0.548,0.735,0.313
137,notochord,14.0,-0.537,0.754,0.261
137,notochord,15.0,-0.528,0.776,0.236
137,notochord,16.0,-0.518,0.778,0.207
137,notochord,17.0,-0.491,0.792,0.172
137,notochord,18.0,-0.508,0.812,0.115
137,notochord,19.0,-0.471,0.829,0.097
137,notochord,20.0,-0.453,0.839,0.072
137,notochord,21.0,-0.452,0.848,0.043
137,notochord,22.0,-0.445,0.855,0.033
137,notochord,23.0,-0.44,0.861,0.017
137,notochord,24.0,-0.437,0.86,0.017
138,notochord,6.0,1.106,0.252,0.068
138,notochord,7.0,1.099,0.256,0.07
138,notochord,8.0,1.076,0.267,0.07
138,notochord,9.0,1.049,0.296,0.065
138,notochord,10.0,1.008,0.319,0.065
138,notochord,11.0,0.953,0.381,0.052
138,notochord,12.0,0.893,0.408,0.058
138,notochord,13.0,0.855,0.437,0.043
138,notochord,14.0,0.805,0.508,0.051
138,notochord,15.0,0.741,0.566,0.06
138,notochord,16.0,0.659,0.62,0.034
138,notochord,17.0,0.597,0.648,0.061
138,notochord,18.0,0.547,0.689,0.047
138,notochord,19.0,0.497,0.735,0.038
138,notochord,20.0,0.435,0.789,0.049
138,notochord,21.0,0.399,0.81,0.046
138,notochord,22.0,0.376,0.844,0.046
138,notochord,23.0,0.355,0.856,0.042
138,notochord,24.0,0.346,0.86,0.04
139,neural,6.0,1.128,0.044,0.187
139,neural,7.0,1.127,0.047,0.187
139,neural,8.0,1.113,0.079,0.186
139,neural,9.0,1.115,0.116,0.192
139,neural,10.0,1.112,0.155,0.175
139,neural,11.0,1.092,0.212,0.177
139,neural,12.0,1.063,0.28,0.179
139,neural,13.0,1.065,0.365,0.147
139,neural,14.0,1.041,0.419,0.154
139,neural,15.0,1.026,0.489,0.149
139,neural,16.0,1.015,0.597,0.154
139,neural,17.0,1.008,0.663,0.127
139,neural,18.0,0.988,0.726,0.139
139,neural,19.0,0.98,0.825,0.128
139,neural,20.0,0.952,0.857,0.13
139,neural,21.0,0.95,0.899,0.122
139,neural,22.0,0.938,0.939,0.117
139,neural,23.0,0.931,0.971,0.122
139,neural,24.0,0.929,0.98,0.118
140,muscle,6.0,1.14,0.122,0.018
140,muscle,7.0,1.13,0.126,0.017
140,muscle,8.0,1.092,0.146,0.021
140,muscle,9.0,1.043,0.163,0.025
140,muscle,10.0,0.985,0.206,0.037
140,muscle,11.0,0.903,0.255,0.066
140,muscle,12.0,0.838,0.281,0.062
140,muscle,13.0,0.723,0.339,0.093
140,muscle,14.0,0.628,0.406,0.09
140,muscle,15.0,0.538,0.458,0.102
140,muscle,16.0,0.43,0.52,0.134
140,muscle,17.0,0.321,0.56,0.165
140,muscle,18.0,0.231,0.618,0.158
140,muscle,19.0,0.133,0.664,0.182
140,muscle,20.0,0.052,0.723,0.193
140,muscle,21.0,-0.017,0.755,0.198
140,muscle,22.0,-0.051,0.768,0.207
140,muscle,23.0,-0.087,0.794,0.213
140,muscle,24.0,-0.099,0.8,0.213
141,notochord,6.0,0.371,0.664,-0.638
141,notochord,7.0,0.368,0.666,-0.632
141,notochord,8.0,0.359,0.675,-0.611
141,notochord,9.0,0.346,0.68,-0.586
141,notochord,10.0,0.325,0.682,-0.562
141,notochord,11.0,0.294,0.691,-0.531
141,notochord,12.0,0.277,0.703,-0.485
141,notochord,13.0,0.231,0.726,-0.414
141,notochord,14.0,0.234,0.738,-0.39
141,notochord,15.0,0.19,0.779,-0.299
141,notochord,16.0,0.169,0.782,-0.245
141,notochord,17.0,0.127,0.787,-0.215
141,notochord,18.0,0.091,0.82,-0.185
141,notochord,19.0,0.057,0.811,-0.11
141,notochord,20.0,0.054,0.834,-0.087
141,notochord,21.0,0.027,0.847,-0.051
141,notochord,22.0,0.018,0.861,-0.029
141,notochord,23.0,0.011,0.861,-0.008
141,notochord,24.0,0.008,0.86,-0.003
142,muscle,6.0,-0.67,0.751,0.189
142,muscle,7.0,-0.671,0.753,0.183
142,muscle,8.0,-0.675,0.754,0.171
142,muscle,9.0,-0.691,0.745,0.158
142,muscle,10.0,-0.698,0.741,0.116
142,muscle,11.0,-0.724,0.765,0.084
142,muscle,12.0,-0.742,0.777,0.057
142,muscle,13.0,-0.795,0.765,0.019
142,muscle,14.0,-0.803,0.793,-0.006
142,muscle,15.0,-0.837,0.774,-0.073
142,muscle,16.0,-0.845,0.783,-0.111
142,muscle,17.0,-0.87,0.785,-0.173
142,muscle,18.0,-0.894,0.782,-0.211
142,muscle,19.0,-0.916,0.78,-0.246
142,muscle,20.0,-0.929,0.797,-0.274
142,muscle,21.0,-0.942,0.791,-0.288
142,muscle,22.0,-0.951,0.799,-0.31
142,muscle,23.0,-0.963,0.8,-0.33
142,muscle,24.0,-0.967,0.8,-0.334
143,notochord,6.0,0.403,0.138,0.925
143,notochord,7.0,0.408,0.144,0.918
143,notochord,8.0,0.429,0.173,0.899
143,notochord,9.0,0.475,0.188,0.855
143,notochord,10.0,0.526,0.22,0.815
143,notochord,11.0,0.576,0.258,0.751
143,notochord,12.0,0.642,0.352,0.679
143,notochord,13.0,0.706,0.367,0.629
143,notochord,14.0,0.777,0.442,0.538
143,notochord,15.0,0.844,0.489,0.492
143,notochord,16.0,0.93,0.55,0.39
143,notochord,17.0,1.004,0.604,0.332
143,notochord,18.0,1.063,0.664,0.254
143,notochord,19.0,1.134,0.723,0.171
143,notochord,20.0,1.197,0.774,0.144
143,notochord,21.0,1.239,0.814,0.089
143,notochord,22.0,1.277,0.84,0.056
143,notochord,23.0,1.295,0.859,0.03
143,notochord,24.0,1.306,0.86,0.022
144,muscle,6.0,-0.113,0.735,0.626
144,muscle,7.0,-0.118,0.731,0.621
144,muscle,8.0,-0.129,0.74,0.613
144,muscle,9.0,-0.151,0.741,0.596
144,muscle,10.0,-0.148,0.735,0.578
144,muscle,11.0,-0.196,0.75,0.547
144,muscle,12.0,-0.212,0.762,0.522
144,muscle,13.0,-0.246,0.756,0.493
144,muscle,14.0,-0.276,0.78,0.449
144,muscle,15.0,-0.316,0.758,0.423
144,muscle,16.0,-0.363,0.78,0.392
144,muscle,17.0,-0.392,0.794,0.353
144,muscle,18.0,-0.413,0.775,0.343
144,muscle,19.0,-0.44,0.791,0.297
144,muscle,20.0,-0.458,0.788,0.272
144,muscle,21.0,-0.495,0.794,0.261
144,muscle,22.0,-0.507,0.801,0.24
144,muscle,23.0,-0.514,0.799,0.239
144,muscle,24.0,-0.521,0.8,0.233
145,skin,6.0,-0.641,0.453,0.68
145,skin,7.0,-0.646,0.455,0.674
145,skin,8.0,-0.657,0.47,0.654
145,skin,9.0,-0.676,0.485,0.628
145,skin,10.0,-0.7,0.523,0.572
145,skin,11.0,-0.736,0.558,0.495
145,skin,12.0,-0.764,0.593,0.411
145,skin,13.0,-0.799,0.62,0.303
145,skin,14.0,-0.793,0.665,0.188
145,skin,15.0,-0.817,0.668,0.041
145,skin,16.0,-0.806,0.668,-0.119
145,skin,17.0,-0.771,0.663,-0.252
145,skin,18.0,-0.733,0.655,-0.343
145,skin,19.0,-0.693,0.632,-0.441
145,skin,20.0,-0.635,0.605,-0.538
145,skin,21.0,-0.615,0.584,-0.58
145,skin,22.0,-0.593,0.572,-0.61
145,skin,23.0,-0.581,0.559,-0.631
145,skin,24.0,-0.574,0.555,-0.64
146,muscle,6.0,0.677,-0.137,-0.795
146,muscle,7.0,0.672,-0.132,-0.788
146,muscle,8.0,0.665,-0.108,-0.762
146,muscle,9.0,0.656,-0.066,-0.72
146,muscle,10.0,0.629,-0.013,-0.648
146,muscle,11.0,0.593,0.032,-0.59
146,muscle,12.0,0.558,0.101,-0.519
146,muscle,13.0,0.541,0.18,-0.44
146,muscle,14.0,0.519,0.246,-0.342
146,muscle,15.0,0.454,0.344,-0.251
146,muscle,16.0,0.417,0.416,-0.182
146,muscle,17.0,0.404,0.476,-0.102
146,muscle,18.0,0.371,0.543,0.002
146,muscle,19.0,0.351,0.618,0.074
146,muscle,20.0,0.323,0.68,0.133
146,muscle,21.0,0.304,0.726,0.191
146,muscle,22.0,0.288,0.772,0.238
146,muscle,23.0,0.275,0.795,0.263
146,muscle,24.0,0.269,0.8,0.274
147,notochord,6.0,-0.726,0.632,0.399
147,notochord,7.0,-0.726,0.637,0.394
147,notochord,8.0,-0.727,0.641,0.388
147,notochord,9.0,-0.726,0.651,0.37
147,notochord,10.0,-0.719,0.65,0.345
147,notochord,11.0,-0.749,0.69,0.323
147,notochord,12.0,-0.725,0.698,0.287
147,notochord,13.0,-0.722,0.696,0.268
147,notochord,14.0,-0.74,0.738,0.228
147,notochord,15.0,-0.728,0.737,0.202
147,notochord,16.0,-0.748,0.761,0.163
147,notochord,17.0,-0.771,0.769,0.141
147,notochord,18.0,-0.743,0.785,0.09
147,notochord,19.0,-0.754,0.807,0.054
147,notochord,20.0,-0.747,0.828,0.04
147,notochord,21.0,-0.739,0.84,0.007
147,notochord,22.0,-0.749,0.851,-0.008
147,notochord,23.0,-0.746,0.86,-0.012
147,notochord,24.0,-0.747,0.86,-0.017
148,neural,6.0,-0.038,0.365,-0.922
148,neural,7.0,-0.038,0.373,-0.912
148,neural,8.0,-0.036,0.389,-0.894
148,neural,9.0,-0.034,0.411,-0.844
148,neural,10.0,-0.024,0.422,-0.789
148,neural,11.0,-0.005,0.488,-0.738
148,neural,12.0,0.02,0.524,-0.671
148,neural,13.0,0.016,0.561,-0.593
148,neural,14.0,0.033,0.645,-0.515
148,neural,15.0,0.043,0.679,-0.423
148,neural,16.0,0.046,0.755,-0.341
148,neural,17.0,0.069,0.759,-0.276
148,neural,18.0,0.077,0.824,-0.172
148,neural,19.0,0.117,0.869,-0.115
148,neural,20.0,0.1,0.921,-0.07
148,neural,21.0,0.118,0.929,0.001
148,neural,22.0,0.119,0.964,0.045
148,neural,23.0,0.119,0.974,0.062
148,neural,24.0,0.127,0.98,0.071
149,muscle,6.0,0.686,0.685,-0.352
149,muscle,7.0,0.687,0.686,-0.351
149,muscle,8.0,0.691,0.69,-0.345
149,muscle,9.0,0.685,0.688,-0.342
149,muscle,10.0,0.697,0.681,-0.334
149,muscle,11.0,0.705,0.704,-0.325
149,muscle,12.0,0.7,0.717,-0.3
149,muscle,13.0,0.718,0.721,-0.305
149,muscle,14.0,0.736,0.732,-0.268
149,muscle,15.0,0.697,0.73,-0.278
149,muscle,16.0,0.731,0.742,-0.231
149,muscle,17.0,0.734,0.764,-0.243
149,muscle,18.0,0.762,0.765,-0.209
149,muscle,19.0,0.746,0.782,-0.214
149,muscle,20.0,0.748,0.79,-0.196
149,muscle,21.0,0.767,0.79,-0.193
149,muscle,22.0,0.766,0.803,-0.179
149,muscle,23.0,0.767,0.803,-0.174
149,muscle,24.0,0.766,0.8,-0.175
150,neural,6.0,0.779,0.549,0.455
150,neural,7.0,0.779,0.551,0.449
150,neural,8.0,0.776,0.567,0.448
150,neural,9.0,0.782,0.575,0.425
150,neural,10.0,0.807,0.597,0.424
150,neural,11.0,0.808,0.619,0.382
150,neural,12.0,0.787,0.664,0.362
150,neural,13.0,0.808,0.697,0.33
150,neural,14.0,0.813,0.728,0.288
150,neural,15.0,0.812,0.767,0.263
150,neural,16.0,0.851,0.799,0.228
150,neural,17.0,0.85,0.825,0.202
150,neural,18.0,0.867,0.86,0.153
150,neural,19.0,0.881,0.902,0.132
150,neural,20.0,0.872,0.922,0.116
150,neural,21.0,0.874,0.954,0.099
150,neural,22.0,0.878,0.964,0.074
150,neural,23.0,0.886,0.976,0.067
150,neural,24.0,0.887,0.98,0.062
151,neural,6.0,-0.415,0.649,-0.634
151,neural,7.0,-0.413,0.653,-0.626
151,neural,8.0,-0.407,0.664,-0.612
151,neural,9.0,-0.41,0.675,-0.575
151,neural,10.0,-0.4,0.687,-0.551
151,neural,11.0,-0.39,0.724,-0.498
151,neural,12.0,-0.364,0.731,-0.434
151,neural,13.0,-0.367,0.747,-0.375
151,neural,14.0,-0.348,0.787,-0.337
151,neural,15.0,-0.322,0.818,-0.259
151,neural,16.0,-0.326,0.828,-0.174
151,neural,17.0,-0.305,0.864,-0.128
151,neural,18.0,-0.303,0.901,-0.075
151,neural,19.0,-0.278,0.914,-0.016
151,neural,20.0,-0.264,0.933,0.029
151,neural,21.0,-0.26,0.964,0.066
151,neural,22.0,-0.249,0.971,0.104
151,neural,23.0,-0.242,0.978,0.116
151,neural,24.0,-0.242,0.98,0.126
152,muscle,6.0,1.111,0.229,0.09
152,muscle,7.0,1.096,0.235,0.091
152,muscle,8.0,1.055,0.253,0.084
152,muscle,9.0,0.991,0.273,0.065
152,muscle,10.0,0.916,0.314,0.055
152,muscle,11.0,0.827,0.346,0.05
152,muscle,12.0,0.715,0.376,0.032
152,muscle,13.0,0.588,0.426,-0.015
152,muscle,14.0,0.471,0.462,-0.016
152,muscle,15.0,0.336,0.513,-0.026
152,muscle,16.0,0.203,0.557,-0.062
152,muscle,17.0,0.062,0.611,-0.065
152,muscle,18.0,-0.026,0.651,-0.127
152,muscle,19.0,-0.145,0.693,-0.128
152,muscle,20.0,-0.242,0.724,-0.14
152,muscle,21.0,-0.322,0.75,-0.158
152,muscle,22.0,-0.369,0.778,-0.174
152,muscle,23.0,-0.419,0.788,-0.171
152,muscle,24.0,-0.426,0.8,-0.173
153,notochord,6.0,-0.635,0.51,0.638
153,notochord,7.0,-0.622,0.512,0.631
153,notochord,8.0,-0.572,0.518,0.62
153,notochord,9.0,-0.498,0.539,0.601
153,notochord,10.0,-0.381,0.559,0.553
153,notochord,11.0,-0.261,0.581,0.526
153,notochord,12.0,-0.136,0.599,0.47
153,notochord,13.0,0.02,0.633,0.411
153,notochord,14.0,0.16,0.655,0.372
153,notochord,15.0,0.334,0.684,0.321
153,notochord,16.0,0.513,0.734,0.252
153,notochord,17.0,0.64,0.748,0.221
153,notochord,18.0,0.771,0.772,0.185
153,notochord,19.0,0.936,0.793,0.111
153,notochord,20.0,1.052,0.813,0.083
153,notochord,21.0,1.152,0.836,0.051
153,notochord,22.0,1.226,0.843,0.023
153,notochord,23.0,1.274,0.857,0.006
153,notochord,24.0,1.291,0.86,0.001
154,notochord,6.0,0.823,-0.111,-0.688
154,notochord,7.0,0.814,-0.1,-0.682
154,notochord,8.0,0.796,-0.075,-0.668
154,notochord,9.0,0.758,-0.035,-0.645
154,notochord,10.0,0.683,0.018,-0.609
154,notochord,11.0,0.634,0.073,-0.551
154,notochord,12.0,0.562,0.127,-0.521
154,notochord,13.0,0.488,0.225,-0.464
154,notochord,14.0,0.394,0.273,-0.38
154,notochord,15.0,0.315,0.365,-0.35
154,notochord,16.0,0.25,0.459,-0.304
154,notochord,17.0,0.141,0.525,-0.232
154,notochord,18.0,0.079,0.612,-0.185
154,notochord,19.0,0.031,0.672,-0.138
154,notochord,20.0,-0.039,0.738,-0.099
154,notochord,21.0,-0.102,0.788,-0.071
154,notochord,22.0,-0.143,0.829,-0.022
154,notochord,23.0,-0.163,0.848,-0.008
154,notochord,24.0,-0.172,0.86,-0.001
155,neural,6.0,-1.125,0.054,0.2
155,neural,7.0,-1.127,0.062,0.2
155,neural,8.0,-1.137,0.09,0.196
155,neural,9.0,-1.136,0.127,0.189
155,neural,10.0,-1.154,0.168,0.175
155,neural,11.0,-1.175,0.24,0.175
155,neural,12.0,-1.199,0.302,0.162
155,neural,13.0,-1.217,0.376,0.124
155,neural,14.0,-1.211,0.427,0.116
155,neural,15.0,-1.259,0.528,0.117
155,neural,16.0,-1.269,0.589,0.069
155,neural,17.0,-1.282,0.661,0.043
155,neural,18.0,-1.296,0.738,0.037
155,neural,19.0,-1.33,0.801,0.029
155,neural,20.0,-1.315,0.872,-0.006
155,neural,21.0,-1.337,0.911,0.001
155,neural,22.0,-1.354,0.949,-0.007
155,neural,23.0,-1.357,0.968,-0.012
155,neural,24.0,-1.359,0.98,-0.015
156,skin,6.0,-0.122,0.337,0.929
156,skin,7.0,-0.115,0.34,0.929
156,skin,8.0,-0.085,0.367,0.919
156,skin,9.0,-0.051,0.393,0.909
156,skin,10.0,0.022,0.456,0.877
156,skin,11.0,0.115,0.519,0.832
156,skin,12.0,0.235,0.589,0.758
156,skin,13.0,0.354,0.662,0.648
156,skin,14.0,0.548,0.725,0.437
156,skin,15.0,0.697,0.734,0.188
156,skin,16.0,0.774,0.702,-0.018
156,skin,17.0,0.807,0.651,-0.193
156,skin,18.0,0.799,0.615,-0.314
156,skin,19.0,0.796,0.56,-0.416
156,skin,20.0,0.789,0.514,-0.487
156,skin,21.0,0.787,0.488,-0.517
156,skin,22.0,0.777,0.474,-0.542
156,skin,23.0,0.781,0.458,-0.554
156,skin,24.0,0.778,0.454,-0.56
157,neural,6.0,0.743,0.691,0.231
157,neural,7.0,0.737,0.694,0.229
157,neural,8.0,0.725,0.702,0.232
157,neural,9.0,0.693,0.722,0.227
157,neural,10.0,0.66,0.727,0.208
157,neural,11.0,0.623,0.749,0.19
157,neural,12.0,0.586,0.762,0.19
157,neural,13.0,0.528,0.804,0.175
157,neural,14.0,0.467,0.827,0.16
157,neural,15.0,0.424,0.839,0.145
157,neural,16.0,0.376,0.849,0.123
157,neural,17.0,0.339,0.893,0.122
157,neural,18.0,0.257,0.899,0.118
157,neural,19.0,0.215,0.918,0.094
157,neural,20.0,0.185,0.957,0.085
157,neural,21.0,0.155,0.962,0.078
157,neural,22.0,0.124,0.973,0.065
157,neural,23.0,0.109,0.976,0.068
157,neural,24.0,0.106,0.98,0.064
158,skin,6.0,-1.108,-0.218,-0.138
158,skin,7.0,-1.11,-0.214,-0.132
158,skin,8.0,-1.117,-0.198,-0.118
158,skin,9.0,-1.121,-0.191,-0.098
158,skin,10.0,-1.134,-0.151,-0.046
158,skin,11.0,-1.145,-0.085,0.006
158,skin,12.0,-1.144,-0.066,0.08
158,skin,13.0,-1.111,0.068,0.247
158,skin,14.0,-0.941,0.278,0.495
158,skin,15.0,-0.517,0.51,0.714
158,skin,16.0,0.058,0.583,0.788
158,skin,17.0,0.306,0.585,0.741
158,skin,18.0,0.525,0.562,0.664
158,skin,19.0,0.602,0.541,0.633
158,skin,20.0,0.654,0.525,0.61
158,skin,21.0,0.703,0.509,0.582
158,skin,22.0,0.719,0.513,0.564
158,skin,23.0,0.734,0.508,0.554
158,skin,24.0,0.739,0.505,0.552
159,skin,6.0,-0.967,0.341,-0.406
159,skin,7.0,-0.968,0.344,-0.401
159,skin,8.0,-0.966,0.361,-0.387
159,skin,9.0,-0.96,0.397,-0.359
159,skin,10.0,-0.945,0.437,-0.337
159,skin,11.0,-0.938,0.491,-0.259
159,skin,12.0,-0.94,0.526,-0.161
159,skin,13.0,-0.863,0.625,-0.064
159,skin,14.0,-0.778,0.699,0.046
159,skin,15.0,-0.714,0.713,0.228
159,skin,16.0,-0.552,0.762,0.356
159,skin,17.0,-0.394,0.743,0.521
159,skin,18.0,-0.254,0.739,0.589
159,skin,19.0,-0.112,0.71,0.658
159,skin,20.0,-0.018,0.673,0.705
159,skin,21.0,0.055,0.651,0.727
159,skin,22.0,0.089,0.632,0.743
159,skin,23.0,0.121,0.62,0.75
159,skin,24.0,0.13,0.615,0.754
160,notochord,6.0,0.093,-0.254,0.96
160,notochord,7.0,0.1,-0.246,0.95
160,notochord,8.0,0.117,-0.215,0.925
160,notochord,9.0,0.138,-0.18,0.892
160,notochord,10.0,0.171,-0.125,0.846
160,notochord,11.0,0.221,-0.045,0.77
160,notochord,12.0,0.255,0.051,0.713
160,notochord,13.0,0.309,0.132,0.653
160,notochord,14.0,0.359,0.215,0.543
160,notochord,15.0,0.419,0.296,0.468
160,notochord,16.0,0.467,0.403,0.387
160,notochord,17.0,0.526,0.482,0.314
160,notochord,18.0,0.556,0.569,0.241
160,notochord,19.0,0.625,0.66,0.174
160,notochord,20.0,0.662,0.719,0.118
160,notochord,21.0,0.695,0.793,0.078
160,notochord,22.0,0.719,0.818,0.036
160,notochord,23.0,0.738,0.851,0.001
160,notochord,24.0,0.745,0.86,-0.003
161,muscle,6.0,-0.399,0.021,-0.938
161,muscle,7.0,-0.393,0.027,-0.923
161,muscle,8.0,-0.373,0.044,-0.898
161,muscle,9.0,-0.347,0.088,-0.851
161,muscle,10.0,-0.333,0.123,-0.793
161,muscle,11.0,-0.275,0.174,-0.694
161,muscle,12.0,-0.246,0.233,-0.592
161,muscle,13.0,-0.169,0.289,-0.518
161,muscle,14.0,-0.168,0.342,-0.426
161,muscle,15.0,-0.071,0.398,-0.288
161,muscle,16.0,-0.016,0.494,-0.194
161,muscle,17.0,0.057,0.525,-0.106
161,muscle,18.0,0.068,0.598,-0.017
161,muscle,19.0,0.106,0.659,0.084
161,muscle,20.0,0.148,0.702,0.154
161,muscle,21.0,0.191,0.747,0.216
161,muscle,22.0,0.221,0.772,0.265
161,muscle,23.0,0.232,0.796,0.298
161,muscle,24.0,0.238,0.8,0.305
162,neural,6.0,0.316,0.636,0.69
162,neural,7.0,0.306,0.643,0.685
162,neural,8.0,0.278,0.646,0.662
162,neural,9.0,0.227,0.657,0.649
162,neural,10.0,0.173,0.675,0.62
162,neural,11.0,0.095,0.69,0.587
162,neural,12.0,0.013,0.733,0.546
162,neural,13.0,-0.082,0.752,0.517
162,neural,14.0,-0.147,0.772,0.463
162,neural,15.0,-0.257,0.784,0.388
162,neural,16.0,-0.327,0.853,0.347
162,neural,17.0,-0.438,0.855,0.331
162,neural,18.0,-0.522,0.902,0.26
162,neural,19.0,-0.596,0.902,0.213
162,neural,20.0,-0.675,0.942,0.185
162,neural,21.0,-0.728,0.961,0.166
162,neural,22.0,-0.768,0.972,0.144
162,neural,23.0,-0.801,0.98,0.124
162,neural,24.0,-0.81,0.98,0.121
163,notochord,6.0,-0.38,0.427,0.83
163,notochord,7.0,-0.374,0.433,0.82
163,notochord,8.0,-0.362,0.448,0.799
163,notochord,9.0,-0.349,0.461,0.771
163,notochord,10.0,-0.33,0.484,0.737
163,notochord,11.0,-0.285,0.494,0.664
163,notochord,12.0,-0.275,0.532,0.623
163,notochord,13.0,-0.251,0.598,0.553
163,notochord,14.0,-0.212,0.606,0.497
163,notochord,15.0,-0.177,0.648,0.428
163,notochord,16.0,-0.143,0.692,0.347
163,notochord,17.0,-0.102,0.708,0.277
163,notochord,18.0,-0.07,0.746,0.23
163,notochord,19.0,-0.027,0.78,0.161
163,notochord,20.0,-0.018,0.8,0.117
163,notochord,21.0,-0.019,0.833,0.066
163,notochord,22.0,0.009,0.847,0.039
163,notochord,23.0,0.025,0.854,0.022
163,notochord,24.0,0.028,0.86,0.014
164,muscle,6.0,1.08,0.124,-0.319
164,muscle,7.0,1.062,0.134,-0.315
164,muscle,8.0,1.01,0.148,-0.306
164,muscle,9.0,0.922,0.18,-0.283
164,muscle,10.0,0.826,0.209,-0.265
164,muscle,11.0,0.703,0.267,-0.227
164,muscle,12.0,0.538,0.303,-0.198
164,muscle,13.0,0.388,0.35,-0.172
164,muscle,14.0,0.208,0.422,-0.123
164,muscle,15.0,0.032,0.461,-0.08
164,muscle,16.0,-0.126,0.528,-0.034
164,muscle,17.0,-0.295,0.576,-0.016
164,muscle,18.0,-0.477,0.637,0.022
164,muscle,19.0,-0.606,0.669,0.064
164,muscle,20.0,-0.749,0.712,0.086
164,muscle,21.0,-0.851,0.749,0.119
164,muscle,22.0,-0.928,0.773,0.134
164,muscle,23.0,-0.975,0.797,0.147
164,muscle,24.0,-0.997,0.8,0.15
165,notochord,6.0,-1.119,0.195,-0.103
165,notochord,7.0,-1.111,0.204,-0.099
165,notochord,8.0,-1.089,0.214,-0.097
165,notochord,9.0,-1.058,0.249,-0.082
165,notochord,10.0,-1.029,0.284,-0.078
165,notochord,11.0,-0.952,0.315,-0.073
165,notochord,12.0,-0.9,0.391,-0.05
165,notochord,13.0,-0.848,0.412,-0.037
165,notochord,14.0,-0.734,0.46,-0.027
165,notochord,15.0,-0.671,0.528,-0.009
165,notochord,16.0,-0.6,0.579,-0.034
165,notochord,17.0,-0.545,0.642,-0.009
165,notochord,18.0,-0.461,0.697,-0.009
165,notochord,19.0,-0.4,0.738,0.024
165,notochord,20.0,-0.348,0.783,0.023
165,notochord,21.0,-0.316,0.814,0.039
165,notochord,22.0,-0.266,0.834,0.038
165,notochord,23.0,-0.249,0.851,0.04
165,notochord,24.0,-0.238,0.86,0.04
166,neural,6.0,1.146,-0.051,-0.065
166,neural,7.0,1.125,-0.042,-0.064
166,neural,8.0,1.073,-0.021,-0.059
166,neural,9.0,0.969,0.022,-0.061
166,neural,10.0,0.848,0.069,-0.049
166,neural,11.0,0.677,0.14,-0.053
166,neural,12.0,0.53,0.189,-0.044
166,neural,13.0,0.342,0.282,-0.029
166,neural,14.0,0.142,0.405,-0.015
166,neural,15.0,-0.082,0.46,-0.034
166,neural,16.0,-0.28,0.543,0.003
166,neural,17.0,-0.472,0.613,0.001
166,neural,18.0,-0.648,0.709,0.023
166,neural,19.0,-0.833,0.788,0.023
166,neural,20.0,-0.985,0.837,0.036
166,neural,21.0,-1.113,0.902,0.03
166,neural,22.0,-1.207,0.947,0.033
166,neural,23.0,-1.271,0.974,0.036
166,neural,24.0,-1.291,0.98,0.04
167,skin,6.0,-0.216,0.394,-0.89
167,skin,7.0,-0.216,0.396,-0.889
167,skin,8.0,-0.225,0.403,-0.884
167,skin,9.0,-0.232,0.409,-0.88
167,skin,10.0,-0.225,0.408,-0.882
167,skin,11.0,-0.242,0.422,-0.871
167,skin,12.0,-0.251,0.441,-0.859
167,skin,13.0,-0.277,0.478,-0.83
167,skin,14.0,-0.273,0.482,-0.829
167,skin,15.0,-0.285,0.495,-0.817
167,skin,16.0,-0.306,0.524,-0.79
167,skin,17.0,-0.31,0.533,-0.782
167,skin,18.0,-0.341,0.55,-0.76
167,skin,19.0,-0.319,0.567,-0.753
167,skin,20.0,-0.338,0.59,-0.727
167,skin,21.0,-0.351,0.584,-0.727
167,skin,22.0,-0.351,0.592,-0.72
167,skin,23.0,-0.359,0.6,-0.709
167,skin,24.0,-0.36,0.603,-0.706
168,neural,6.0,-0.272,0.083,-0.968
168,neural,7.0,-0.281,0.092,-0.956
168,neural,8.0,-0.293,0.106,-0.929
168,neural,9.0,-0.328,0.15,-0.897
168,neural,10.0,-0.368,0.198,-0.842
168,neural,11.0,-0.417,0.262,-0.758
168,neural,12.0,-0.457,0.315,-0.695
168,neural,13.0,-0.506,0.389,-0.649
168,neural,14.0,-0.585,0.442,-0.547
168,neural,15.0,-0.608,0.528,-0.463
168,neural,16.0,-0.668,0.611,-0.381
168,neural,17.0,-0.739,0.69,-0.298
168,neural,18.0,-0.781,0.741,-0.23
168,neural,19.0,-0.835,0.816,-0.152
168,neural,20.0,-0.887,0.869,-0.09
168,neural,21.0,-0.931,0.921,-0.028
168,neural,22.0,-0.947,0.949,0.003
168,neural,23.0,-0.967,0.972,0.032
168,neural,24.0,-0.975,0.98,0.038
169,muscle,6.0,0.425,0.596,-0.686
169,muscle,7.0,0.413,0.597,-0.682
169,muscle,8.0,0.383,0.602,-0.67
169,muscle,9.0,0.323,0.609,-0.646
169,muscle,10.0,0.25,0.616,-0.614
169,muscle,11.0,0.183,0.634,-0.589
169,muscle,12.0,0.081,0.649,-0.557
169,muscle,13.0,-0.031,0.655,-0.524
169,muscle,14.0,-0.138,0.686,-0.483
169,muscle,15.0,-0.251,0.698,-0.456
169,muscle,16.0,-0.352,0.713,-0.4
169,muscle,17.0,-0.481,0.753,-0.382
169,muscle,18.0,-0.569,0.74,-0.326
169,muscle,19.0,-0.677,0.763,-0.305
169,muscle,20.0,-0.768,0.774,-0.258
169,muscle,21.0,-0.82,0.788,-0.238
169,muscle,22.0,-0.879,0.794,-0.222
169,muscle,23.0,-0.91,0.798,-0.207
169,muscle,24.0,-0.925,0.8,-0.2
170,neural,6.0,-0.154,-0.02,-0.991
170,neural,7.0,-0.154,-0.006,-0.981
170,neural,8.0,-0.142,0.014,-0.961
170,neural,9.0,-0.122,0.057,-0.919
170,neural,10.0,-0.121,0.104,-0.872
170,neural,11.0,-0.099,0.173,-0.82
170,neural,12.0,-0.091,0.249,-0.734
170,neural,13.0,-0.062,0.329,-0.672
170,neural,14.0,-0.042,0.419,-0.574
170,neural,15.0,-0.003,0.481,-0.52
170,neural,16.0,0.024,0.557,-0.446
170,neural,17.0,0.024,0.641,-0.352
170,neural,18.0,0.058,0.712,-0.291
170,neural,19.0,0.089,0.783,-0.218
170,neural,20.0,0.09,0.846,-0.165
170,neural,21.0,0.125,0.904,-0.123
170,neural,22.0,0.125,0.952,-0.076
170,neural,23.0,0.131,0.97,-0.055
170,neural,24.0,0.135,0.98,-0.047
171,neural,6.0,0.189,0.743,-0.601
171,neural,7.0,0.19,0.747,-0.596
171,neural,8.0,0.201,0.751,-0.585
171,neural,9.0,0.208,0.76,-0.562
171,neural,10.0,0.232,0.764,-0.53
171,neural,11.0,0.238,0.795,-0.509
171,neural,12.0,0.269,0.784,-0.469
171,neural,13.0,0.309,0.823,-0.436
171,neural,14.0,0.318,0.838,-0.402
171,neural,15.0,0.358,0.866,-0.326
171,neural,16.0,0.389,0.871,-0.322
171,neural,17.0,0.421,0.903,-0.269
171,neural,18.0,0.418,0.929,-0.21
171,neural,19.0,0.457,0.923,-0.181
171,neural,20.0,0.473,0.94,-0.16
171,neural,21.0,0.491,0.96,-0.143
171,neural,22.0,0.5,0.969,-0.108
171,neural,23.0,0.51,0.973,-0.1
171,neural,24.0,0.513,0.98,-0.094
172,skin,6.0,-0.802,0.62,-0.297
172,skin,7.0,-0.795,0.626,-0.296
172,skin,8.0,-0.782,0.642,-0.284
172,skin,9.0,-0.76,0.669,-0.26
172,skin,10.0,-0.738,0.702,-0.207
172,skin,11.0,-0.651,0.764,-0.182
172,skin,12.0,-0.577,0.814,-0.121
172,skin,13.0,-0.471,0.866,-0.041
172,skin,14.0,-0.281,0.92,0.053
172,skin,15.0,-0.107,0.928,0.19
172,skin,16.0,0.103,0.915,0.252
172,skin,17.0,0.286,0.855,0.359
172,skin,18.0,0.398,0.794,0.426
172,skin,19.0,0.5,0.741,0.45
172,skin,20.0,0.593,0.668,0.489
172,skin,21.0,0.634,0.625,0.513
172,skin,22.0,0.666,0.593,0.524
172,skin,23.0,0.687,0.573,0.528
172,skin,24.0,0.694,0.567,0.529
173,neural,6.0,0.289,0.683,0.648
173,neural,7.0,0.274,0.685,0.644
173,neural,8.0,0.232,0.686,0.633
173,neural,9.0,0.16,0.708,0.605
173,neural,10.0,0.094,0.719,0.565
173,neural,11.0,-0.013,0.739,0.522
173,neural,12.0,-0.135,0.78,0.47
173,neural,13.0,-0.274,0.76,0.428
173,neural,14.0,-0.388,0.782,0.362
173,neural,15.0,-0.525,0.815,0.316
173,neural,16.0,-0.643,0.875,0.26
173,neural,17.0,-0.781,0.874,0.213
173,neural,18.0,-0.884,0.892,0.184
173,neural,19.0,-1.016,0.922,0.126
173,neural,20.0,-1.114,0.934,0.081
173,neural,21.0,-1.203,0.97,0.04
173,neural,22.0,-1.265,0.974,0.024
173,neural,23.0,-1.302,0.978,0.009
173,neural,24.0,-1.32,0.98,-0.002
174,skin,6.0,0.424,0.181,0.91
174,skin,7.0,0.426,0.188,0.908
174,skin,8.0,0.428,0.198,0.905
174,skin,9.0,0.432,0.212,0.9
174,skin,10.0,0.434,0.223,0.896
174,skin,11.0,0.434,0.272,0.881
174,skin,12.0,0.441,0.293,0.87
174,skin,13.0,0.452,0.346,0.844
174,skin,14.0,0.488,0.374,0.816
174,skin,15.0,0.472,0.46,0.773
174,skin,16.0,0.457,0.485,0.763
174,skin,17.0,0.48,0.54,0.709
174,skin,18.0,0.492,0.566,0.679
174,skin,19.0,0.49,0.612,0.635
174,skin,20.0,0.491,0.643,0.599
174,skin,21.0,0.472,0.663,0.587
174,skin,22.0,0.467,0.68,0.567
174,skin,23.0,0.467,0.696,0.546
174,skin,24.0,0.469,0.699,0.54
175,notochord,6.0,-0.945,0.078,-0.563
175,notochord,7.0,-0.944,0.083,-0.557
175,notochord,8.0,-0.946,0.107,-0.549
175,notochord,9.0,-0.935,0.127,-0.52
175,notochord,10.0,-0.95,0.176,-0.497
175,notochord,11.0,-0.942,0.217,-0.453
175,notochord,12.0,-0.939,0.271,-0.428
175,notochord,13.0,-0.913,0.348,-0.358
175,notochord,14.0,-0.918,0.395,-0.307
175,notochord,15.0,-0.955,0.465,-0.272
175,notochord,16.0,-0.922,0.505,-0.242
175,notochord,17.0,-0.912,0.602,-0.204
175,notochord,18.0,-0.901,0.65,-0.144
175,notochord,19.0,-0.901,0.695,-0.101
175,notochord,20.0,-0.915,0.773,-0.054
175,notochord,21.0,-0.899,0.796,-0.026
175,notochord,22.0,-0.909,0.841,-0.011
175,notochord,23.0,-0.905,0.853,0.006
175,notochord,24.0,-0.903,0.86,0.013
176,neural,6.0,-0.326,0.747,-0.549
176,neural,7.0,-0.319,0.75,-0.543
176,neural,8.0,-0.293,0.756,-0.533
176,neural,9.0,-0.249,0.766,-0.51
176,neural,10.0,-0.188,0.78,-0.48
176,neural,11.0,-0.131,0.787,-0.417
176,neural,12.0,-0.06,0.818,-0.371
176,neural,13.0,-0.0,0.826,-0.323
176,neural,14.0,0.113,0.857,-0.28
176,neural,15.0,0.182,0.876,-0.234
176,neural,16.0,0.281,0.883,-0.19
176,neural,17.0,0.337,0.916,-0.126
176,neural,18.0,0.427,0.905,-0.05
176,neural,19.0,0.491,0.935,-0.034
176,neural,20.0,0.556,0.95,0.012
176,neural,21.0,0.607,0.955,0.04
176,neural,22.0,0.645,0.975,0.062
176,neural,23.0,0.675,0.977,0.081
176,neural,24.0,0.685,0.98,0.09
177,neural,6.0,-0.824,0.659,-0.072
177,neural,7.0,-0.815,0.662,-0.068
177,neural,8.0,-0.785,0.669,-0.075
177,neural,9.0,-0.741,0.68,-0.071
177,neural,10.0,-0.672,0.703,-0.057
177,neural,11.0,-0.603,0.742,-0.056
177,neural,12.0,-0.509,0.743,-0.073
177,neural,13.0,-0.439,0.776,-0.059
177,neural,14.0,-0.324,0.804,-0.05
177,neural,15.0,-0.242,0.833,-0.048
177,neural,16.0,-0.146,0.866,-0.04
177,neural,17.0,-0.051,0.866,-0.045
177,neural,18.0,0.041,0.891,-0.036
177,neural,19.0,0.131,0.914,-0.012
177,neural,20.0,0.195,0.944,-0.015
177,neural,21.0,0.254,0.957,-0.011
177,neural,22.0,0.298,0.972,-0.017
177,neural,23.0,0.332,0.975,-0.008
177,neural,24.0,0.343,0.98,-0.01
178,skin,6.0,-0.837,0.05,0.684
178,skin,7.0,-0.837,0.056,0.683
178,skin,8.0,-0.833,0.067,0.686
178,skin,9.0,-0.833,0.092,0.683
178,skin,10.0,-0.825,0.116,0.686
178,skin,11.0,-0.825,0.144,0.68
178,skin,12.0,-0.818,0.168,0.68
178,skin,13.0,-0.811,0.232,0.666
178,skin,14.0,-0.806,0.271,0.654
178,skin,15.0,-0.789,0.276,0.667
178,skin,16.0,-0.784,0.329,0.644
178,skin,17.0,-0.772,0.352,0.642
178,skin,18.0,-0.758,0.383,0.634
178,skin,19.0,-0.735,0.427,0.624
178,skin,20.0,-0.727,0.442,0.62
178,skin,21.0,-0.714,0.465,0.612
178,skin,22.0,-0.707,0.472,0.612
178,skin,23.0,-0.708,0.477,0.608
178,skin,24.0,-0.704,0.482,0.606
179,muscle,6.0,0.625,0.406,0.722
179,muscle,7.0,0.624,0.417,0.713
179,muscle,8.0,0.616,0.425,0.697
179,muscle,9.0,0.616,0.431,0.668
179,muscle,10.0,0.599,0.447,0.609
179,muscle,11.0,0.592,0.486,0.534
179,muscle,12.0,0.588,0.51,0.466
179,muscle,13.0,0.557,0.54,0.4
179,muscle,14.0,0.553,0.568,0.314
179,muscle,15.0,0.524,0.599,0.254
179,muscle,16.0,0.506,0.632,0.157
179,muscle,17.0,0.499,0.661,0.101
179,muscle,18.0,0.507,0.714,0.006
179,muscle,19.0,0.483,0.732,-0.054
179,muscle,20.0,0.484,0.738,-0.103
179,muscle,21.0,0.46,0.776,-0.151
179,muscle,22.0,0.455,0.789,-0.187
179,muscle,23.0,0.453,0.795,-0.207
179,muscle,24.0,0.45,0.8,-0.218
180,notochord,6.0,-0.819,0.293,0.63
180,notochord,7.0,-0.809,0.303,0.624
180,notochord,8.0,-0.795,0.311,0.61
180,notochord,9.0,-0.752,0.335,0.579
180,notochord,10.0,-0.728,0.363,0.546
180,notochord,11.0,-0.689,0.392,0.518
180,notochord,12.0,-0.643,0.455,0.488
180,notochord,13.0,-0.578,0.48,0.416
180,notochord,14.0,-0.494,0.538,0.378
180,notochord,15.0,-0.463,0.568,0.321
180,notochord,16.0,-0.375,0.615,0.269
180,notochord,17.0,-0.328,0.664,0.211
180,notochord,18.0,-0.272,0.711,0.155
180,notochord,19.0,-0.225,0.782,0.112
180,notochord,20.0,-0.183,0.787,0.069
180,notochord,21.0,-0.131,0.822,0.041
180,notochord,22.0,-0.1,0.836,0.025
180,notochord,23.0,-0.083,0.859,-0.002
180,notochord,24.0,-0.077,0.86,-0.004
181,notochord,6.0,-0.788,0.296,-0.658
181,notochord,7.0,-0.782,0.299,-0.653
181,notochord,8.0,-0.764,0.32,-0.633
181,notochord,9.0,-0.732,0.334,-0.616
181,notochord,10.0,-0.688,0.361,-0.588
181,notochord,11.0,-0.627,0.401,-0.534
181,notochord,12.0,-0.602,0.463,-0.477
181,notochord,13.0,-0.516,0.457,-0.439
181,notochord,14.0,-0.461,0.538,-0.395
181,notochord,15.0,-0.391,0.562,-0.339
181,notochord,16.0,-0.328,0.626,-0.303
181,notochord,17.0,-0.255,0.657,-0.223
181,notochord,18.0,-0.195,0.718,-0.19
181,notochord,19.0,-0.143,0.745,-0.157
181,notochord,20.0,-0.097,0.785,-0.114
181,notochord,21.0,-0.039,0.827,-0.089
181,notochord,22.0,-0.012,0.843,-0.054
181,notochord,23.0,0.009,0.858,-0.038
181,notochord,24.0,0.014,0.86,-0.034
182,muscle,6.0,0.949,0.458,-0.294
182,muscle,7.0,0.932,0.463,-0.287
182,muscle,8.0,0.88,0.467,-0.277
182,muscle,9.0,0.791,0.48,-0.253
182,muscle,10.0,0.683,0.503,-0.216
182,muscle,11.0,0.553,0.518,-0.187
182,muscle,12.0,0.431,0.544,-0.147
182,muscle,13.0,0.277,0.566,-0.079
182,muscle,14.0,0.117,0.593,-0.029
182,muscle,15.0,-0.048,0.629,-0.001
182,muscle,16.0,-0.231,0.661,0.067
182,muscle,17.0,-0.394,0.696,0.121
182,muscle,18.0,-0.54,0.73,0.153
182,muscle,19.0,-0.68,0.71,0.197
182,muscle,20.0,-0.799,0.75,0.232
182,muscle,21.0,-0.914,0.772,0.286
182,muscle,22.0,-0.992,0.787,0.295
182,muscle,23.0,-1.036,0.799,0.315
182,muscle,24.0,-1.058,0.8,0.319
183,skin,6.0,-0.832,0.525,-0.414
183,skin,7.0,-0.83,0.53,-0.409
183,skin,8.0,-0.821,0.547,-0.397
183,skin,9.0,-0.807,0.582,-0.364
183,skin,10.0,-0.779,0.63,-0.319
183,skin,11.0,-0.762,0.664,-0.271
183,skin,12.0,-0.705,0.73,-0.181
183,skin,13.0,-0.585,0.816,-0.057
183,skin,14.0,-0.551,0.834,0.028
183,skin,15.0,-0.358,0.867,0.265
183,skin,16.0,-0.136,0.885,0.343
183,skin,17.0,0.052,0.827,0.491
183,skin,18.0,0.132,0.77,0.574
183,skin,19.0,0.268,0.711,0.621
183,skin,20.0,0.341,0.655,0.661
183,skin,21.0,0.383,0.629,0.671
183,skin,22.0,0.424,0.593,0.689
183,skin,23.0,0.442,0.573,0.699
183,skin,24.0,0.447,0.567,0.702
184,neural,6.0,1.085,0.301,0.099
184,neural,7.0,1.066,0.309,0.098
184,neural,8.0,1.035,0.316,0.102
184,neural,9.0,0.97,0.347,0.098
184,neural,10.0,0.891,0.377,0.103
184,neural,11.0,0.773,0.427,0.09
184,neural,12.0,0.696,0.481,0.058
184,neural,13.0,0.575,0.533,0.071
184,neural,14.0,0.419,0.602,0.066
184,neural,15.0,0.301,0.637,0.026
184,neural,16.0,0.183,0.731,0.044
184,neural,17.0,0.065,0.734,0.022
184,neural,18.0,-0.068,0.815,0.021
184,neural,19.0,-0.172,0.845,0.007
184,neural,20.0,-0.28,0.9,0.014
184,neural,21.0,-0.345,0.936,-0.009
184,neural,22.0,-0.416,0.953,0.006
184,neural,23.0,-0.45,0.977,-0.005
184,neural,24.0,-0.467,0.98,-0.002
185,muscle,6.0,-1.074,-0.148,0.322
185,muscle,7.0,-1.058,-0.141,0.316
185,muscle,8.0,-1.013,-0.114,0.302
185,muscle,9.0,-0.93,-0.079,0.283
185,muscle,10.0,-0.836,-0.02,0.239
185,muscle,11.0,-0.724,0.025,0.224
185,muscle,12.0,-0.585,0.103,0.185
185,muscle,13.0,-0.429,0.175,0.104
185,muscle,14.0,-0.274,0.235,0.06
185,muscle,15.0,-0.126,0.318,0.04
185,muscle,16.0,0.015,0.407,-0.028
185,muscle,17.0,0.202,0.492,-0.068
185,muscle,18.0,0.331,0.565,-0.111
185,muscle,19.0,0.451,0.613,-0.171
185,muscle,20.0,0.586,0.681,-0.222
185,muscle,21.0,0.678,0.721,-0.239
185,muscle,22.0,0.742,0.767,-0.26
185,muscle,23.0,0.801,0.79,-0.276
185,muscle,24.0,0.817,0.8,-0.285
186,neural,6.0,-1.108,0.207,-0.158
186,neural,7.0,-1.092,0.209,-0.158
186,neural,8.0,-1.034,0.228,-0.156
186,neural,9.0,-0.953,0.272,-0.16
186,neural,10.0,-0.845,0.32,-0.149
186,neural,11.0,-0.715,0.356,-0.15
186,neural,12.0,-0.584,0.412,-0.125
186,neural,13.0,-0.399,0.442,-0.15
186,neural,14.0,-0.239,0.523,-0.132
186,neural,15.0,-0.056,0.587,-0.122
186,neural,16.0,0.125,0.661,-0.091
186,neural,17.0,0.29,0.732,-0.123
186,neural,18.0,0.46,0.772,-0.099
186,neural,19.0,0.609,0.829,-0.112
186,neural,20.0,0.748,0.879,-0.1
186,neural,21.0,0.846,0.919,-0.096
186,neural,22.0,0.936,0.952,-0.091
186,neural,23.0,0.982,0.972,-0.089
186,neural,24.0,1.002,0.98,-0.088
187,skin,6.0,-0.644,0.472,0.663
187,skin,7.0,-0.642,0.474,0.663
187,skin,8.0,-0.65,0.478,0.653
187,skin,9.0,-0.654,0.485,0.645
187,skin,10.0,-0.666,0.481,0.639
187,skin,11.0,-0.67,0.504,0.615
187,skin,12.0,-0.676,0.506,0.61
187,skin,13.0,-0.668,0.52,0.602
187,skin,14.0,-0.675,0.513,0.603
187,skin,15.0,-0.681,0.527,0.584
187,skin,16.0,-0.687,0.54,0.565
187,skin,17.0,-0.711,0.545,0.538
187,skin,18.0,-0.738,0.538,0.517
187,skin,19.0,-0.712,0.568,0.508
187,skin,20.0,-0.73,0.574,0.481
187,skin,21.0,-0.716,0.586,0.481
187,skin,22.0,-0.725,0.59,0.466
187,skin,23.0,-0.725,0.592,0.463
187,skin,24.0,-0.727,0.592,0.461
188,muscle,6.0,0.689,0.079,0.796
188,muscle,7.0,0.687,0.087,0.79
188,muscle,8.0,0.693,0.105,0.777
188,muscle,9.0,0.671,0.131,0.757
188,muscle,10.0,0.678,0.171,0.72
188,muscle,11.0,0.652,0.217,0.684
188,muscle,12.0,0.634,0.272,0.647
188,muscle,13.0,0.654,0.32,0.596
188,muscle,14.0,0.621,0.367,0.562
188,muscle,15.0,0.596,0.453,0.503
188,muscle,16.0,0.604,0.485,0.422
188,muscle,17.0,0.575,0.558,0.411
188,muscle,18.0,0.565,0.62,0.325
188,muscle,19.0,0.565,0.671,0.292
188,muscle,20.0,0.552,0.721,0.257
188,muscle,21.0,0.549,0.751,0.222
188,muscle,22.0,0.538,0.772,0.206
188,muscle,23.0,0.532,0.793,0.191
188,muscle,24.0,0.531,0.8,0.186
189,muscle,6.0,-0.176,-0.181,0.97
189,muscle,7.0,-0.182,-0.174,0.961
189,muscle,8.0,-0.186,-0.149,0.935
189,muscle,9.0,-0.218,-0.111,0.915
189,muscle,10.0,-0.27,-0.058,0.883
189,muscle,11.0,-0.288,0.002,0.841
189,muscle,12.0,-0.329,0.07,0.78
189,muscle,13.0,-0.385,0.169,0.726
189,muscle,14.0,-0.439,0.245,0.666
189,muscle,15.0,-0.476,0.301,0.621
189,muscle,16.0,-0.528,0.398,0.561
189,muscle,17.0,-0.597,0.487,0.503
189,muscle,18.0,-0.626,0.537,0.464
189,muscle,19.0,-0.676,0.606,0.409
189,muscle,20.0,-0.701,0.679,0.364
189,muscle,21.0,-0.737,0.734,0.336
189,muscle,22.0,-0.767,0.771,0.307
189,muscle,23.0,-0.777,0.792,0.286
189,muscle,24.0,-0.783,0.8,0.28
190,muscle,6.0,-0.577,0.7,0.453
190,muscle,7.0,-0.576,0.698,0.451
190,muscle,8.0,-0.58,0.708,0.444
190,muscle,9.0,-0.588,0.702,0.438
190,muscle,10.0,-0.583,0.709,0.438
190,muscle,11.0,-0.599,0.735,0.425
190,muscle,12.0,-0.613,0.73,0.385
190,muscle,13.0,-0.628,0.738,0.383
190,muscle,14.0,-0.636,0.732,0.386
190,muscle,15.0,-0.629,0.756,0.338
190,muscle,16.0,-0.665,0.771,0.329
190,muscle,17.0,-0.656,0.769,0.313
190,muscle,18.0,-0.66,0.771,0.276
190,muscle,19.0,-0.679,0.786,0.29
190,muscle,20.0,-0.687,0.801,0.259
190,muscle,21.0,-0.699,0.788,0.233
190,muscle,22.0,-0.709,0.796,0.238
190,muscle,23.0,-0.713,0.8,0.232
190,muscle,24.0,-0.714,0.8,0.23
191,neural,6.0,0.295,0.184,-0.947
191,neural,7.0,0.286,0.194,-0.936
191,neural,8.0,0.248,0.206,-0.913
191,neural,9.0,0.192,0.252,-0.878
191,neural,10.0,0.136,0.282,-0.84
191,neural,11.0,0.051,0.35,-0.772
191,neural,12.0,-0.064,0.4,-0.718
191,neural,13.0,-0.159,0.475,-0.617
191,neural,14.0,-0.262,0.52,-0.562
191,neural,15.0,-0.366,0.594,-0.49
191,neural,16.0,-0.48,0.664,-0.403
191,neural,17.0,-0.601,0.724,-0.318
191,neural,18.0,-0.697,0.786,-0.269
191,neural,19.0,-0.786,0.837,-0.213
191,neural,20.0,-0.881,0.884,-0.139
191,neural,21.0,-0.948,0.911,-0.085
191,neural,22.0,-0.997,0.946,-0.063
191,neural,23.0,-1.035,0.973,-0.032
191,neural,24.0,-1.046,0.98,-0.023
192,muscle,6.0,1.095,-0.285,0.057
192,muscle,7.0,1.082,-0.277,0.053
192,muscle,8.0,1.049,-0.25,0.054
192,muscle,9.0,0.997,-0.202,0.039
192,muscle,10.0,0.935,-0.15,0.017
192,muscle,11.0,0.849,-0.073,0.004
192,muscle,12.0,0.776,-0.012,-0.017
192,muscle,13.0,0.677,0.095,-0.024
192,muscle,14.0,0.579,0.175,-0.024
192,muscle,15.0,0.437,0.235,-0.06
192,muscle,16.0,0.337,0.359,-0.111
192,muscle,17.0,0.251,0.446,-0.114
192,muscle,18.0,0.149,0.518,-0.126
192,muscle,19.0,0.064,0.598,-0.147
192,muscle,20.0,-0.02,0.659,-0.175
192,muscle,21.0,-0.078,0.725,-0.171
192,muscle,22.0,-0.124,0.759,-0.172
192,muscle,23.0,-0.171,0.789,-0.18
192,muscle,24.0,-0.18,0.8,-0.183
193,muscle,6.0,-0.853,0.485,-0.435
193,muscle,7.0,-0.836,0.488,-0.432
193,muscle,8.0,-0.779,0.495,-0.409
193,muscle,9.0,-0.717,0.514,-0.4
193,muscle,10.0,-0.624,0.523,-0.349
193,muscle,11.0,-0.492,0.525,-0.315
193,muscle,12.0,-0.338,0.569,-0.277
193,muscle,13.0,-0.205,0.58,-0.188
193,muscle,14.0,-0.073,0.624,-0.192
193,muscle,15.0,0.106,0.636,-0.109
193,muscle,16.0,0.259,0.686,-0.087
193,muscle,17.0,0.406,0.697,0.002
193,muscle,18.0,0.568,0.723,0.017
193,muscle,19.0,0.7,0.721,0.067
193,muscle,20.0,0.818,0.763,0.12
193,muscle,21.0,0.917,0.78,0.143
193,muscle,22.0,0.991,0.783,0.177
193,muscle,23.0,1.049,0.797,0.191
193,muscle,24.0,1.061,0.8,0.196
194,neural,6.0,-1.054,-0.268,-0.283
194,neural,7.0,-1.055,-0.255,-0.28
194,neural,8.0,-1.055,-0.222,-0.28
194,neural,9.0,-1.057,-0.173,-0.258
194,neural,10.0,-1.064,-0.103,-0.244
194,neural,11.0,-1.059,-0.031,-0.239
194,neural,12.0,-1.078,0.046,-0.201
194,neural,13.0,-1.093,0.151,-0.206
194,neural,14.0,-1.092,0.253,-0.152
194,neural,15.0,-1.113,0.373,-0.129
194,neural,16.0,-1.099,0.458,-0.111
194,neural,17.0,-1.119,0.569,-0.091
194,neural,18.0,-1.113,0.652,-0.066
194,neural,19.0,-1.126,0.756,-0.05
194,neural,20.0,-1.13,0.829,-0.012
194,neural,21.0,-1.144,0.901,-0.008
194,neural,22.0,-1.146,0.94,0.008
194,neural,23.0,-1.148,0.969,0.012
194,neural,24.0,-1.148,0.98,0.015
195,muscle,6.0,1.042,0.027,-0.422
195,muscle,7.0,1.031,0.033,-0.414
195,muscle,8.0,1.012,0.053,-0.401
195,muscle,9.0,0.961,0.085,-0.377
195,muscle,10.0,0.922,0.125,-0.328
195,muscle,11.0,0.865,0.182,-0.273
195,muscle,12.0,0.812,0.239,-0.25
195,muscle,13.0,0.734,0.282,-0.188
195,muscle,14.0,0.661,0.347,-0.156
195,muscle,15.0,0.581,0.432,-0.087
195,muscle,16.0,0.496,0.486,-0.018
195,muscle,17.0,0.453,0.541,0.058
195,muscle,18.0,0.366,0.6,0.075
195,muscle,19.0,0.301,0.648,0.147
195,muscle,20.0,0.24,0.699,0.182
195,muscle,21.0,0.2,0.746,0.217
195,muscle,22.0,0.155,0.772,0.247
195,muscle,23.0,0.137,0.792,0.27
195,muscle,24.0,0.128,0.8,0.275
196,skin,6.0,-1.091,-0.23,0.201
196,skin,7.0,-1.094,-0.228,0.194
196,skin,8.0,-1.1,-0.219,0.181
196,skin,9.0,-1.112,-0.2,0.143
196,skin,10.0,-1.128,-0.159,0.103
196,skin,11.0,-1.136,-0.146,0.026
196,skin,12.0,-1.146,-0.035,-0.075
196,skin,13.0,-1.092,0.114,-0.288
196,skin,14.0,-0.891,0.297,-0.549
196,skin,15.0,-0.528,0.44,-0.758
196,skin,16.0,-0.131,0.54,-0.815
196,skin,17.0,0.108,0.544,-0.815
196,skin,18.0,0.322,0.533,-0.779
196,skin,19.0,0.435,0.515,-0.75
196,skin,20.0,0.502,0.501,-0.729
196,skin,21.0,0.544,0.497,-0.709
196,skin,22.0,0.569,0.491,-0.699
196,skin,23.0,0.589,0.487,-0.689
196,skin,24.0,0.593,0.486,-0.688
197,muscle,6.0,-0.616,0.744,0.316
197,muscle,7.0,-0.619,0.745,0.316
197,muscle,8.0,-0.621,0.743,0.326
197,muscle,9.0,-0.629,0.752,0.31
197,muscle,10.0,-0.665,0.749,0.318
197,muscle,11.0,-0.693,0.753,0.315
197,muscle,12.0,-0.698,0.771,0.319
197,muscle,13.0,-0.724,0.751,0.305
197,muscle,14.0,-0.756,0.77,0.309
197,muscle,15.0,-0.782,0.784,0.295
197,muscle,16.0,-0.819,0.796,0.324
197,muscle,17.0,-0.827,0.771,0.321
197,muscle,18.0,-0.868,0.791,0.332
197,muscle,19.0,-0.889,0.794,0.33
197,muscle,20.0,-0.909,0.787,0.335
197,muscle,21.0,-0.938,0.789,0.329
197,muscle,22.0,-0.936,0.81,0.329
197,muscle,23.0,-0.947,0.798,0.329
197,muscle,24.0,-0.95,0.8,0.33
198,notochord,6.0,-1.116,0.002,-0.24
198,notochord,7.0,-1.118,0.012,-0.238
198,notochord,8.0,-1.127,0.038,-0.229
198,notochord,9.0,-1.132,0.073,-0.213
198,notochord,10.0,-1.144,0.116,-0.204
198,notochord,11.0,-1.153,0.163,-0.2
198,notochord,12.0,-1.146,0.232,-0.174
198,notochord,13.0,-1.181,0.3,-0.157
198,notochord,14.0,-1.181,0.345,-0.153
198,notochord,15.0,-1.197,0.429,-0.117
198,notochord,16.0,-1.227,0.494,-0.093
198,notochord,17.0,-1.24,0.554,-0.088
198,notochord,18.0,-1.257,0.631,-0.061
198,notochord,19.0,-1.266,0.693,-0.035
198,notochord,20.0,-1.27,0.751,-0.028
198,notochord,21.0,-1.272,0.804,-0.016
198,notochord,22.0,-1.282,0.833,-0.007
198,notochord,23.0,-1.289,0.85,-0.006
198,notochord,24.0,-1.294,0.86,-0.004
199,skin,6.0,1.113,-0.183,-0.163
199,skin,7.0,1.114,-0.18,-0.159
199,skin,8.0,1.12,-0.161,-0.151
199,skin,9.0,1.131,-0.136,-0.108
199,skin,10.0,1.139,-0.117,-0.067
199,skin,11.0,1.147,-0.071,-0.001
199,skin,12.0,1.143,0.009,0.106
199,skin,13.0,1.1,0.123,0.263
199,skin,14.0,0.973,0.224,0.478
199,skin,15.0,0.786,0.363,0.622
199,skin,16.0,0.442,0.519,0.744
199,skin,17.0,0.187,0.546,0.802
199,skin,18.0,-0.024,0.562,0.806
199,skin,19.0,-0.175,0.582,0.776
199,skin,20.0,-0.289,0.567,0.762
199,skin,21.0,-0.347,0.566,0.744
199,skin,22.0,-0.396,0.55,0.739
199,skin,23.0,-0.415,0.549,0.732
199,skin,24.0,-0.422,0.546,0.731
200,notochord,6.0,-0.809,-0.1,0.703
200,notochord,7.0,-0.81,-0.092,0.695
200,notochord,8.0,-0.812,-0.071,0.678
200,notochord,9.0,-0.819,-0.04,0.656
200,notochord,10.0,-0.81,0.006,0.611
200,notochord,11.0,-0.812,0.08,0.552
200,notochord,12.0,-0.809,0.152,0.514
200,notochord,13.0,-0.829,0.219,0.446
200,notochord,14.0,-0.827,0.305,0.374
200,notochord,15.0,-0.831,0.381,0.326
200,notochord,16.0,-0.831,0.458,0.255
200,notochord,17.0,-0.828,0.534,0.2
200,notochord,18.0,-0.831,0.614,0.119
200,notochord,19.0,-0.834,0.679,0.079
200,notochord,20.0,-0.84,0.733,0.041
200,notochord,21.0,-0.838,0.779,0.002
200,notochord,22.0,-0.844,0.824,-0.045
200,notochord,23.0,-0.839,0.848,-0.064
200,notochord,24.0,-0.843,0.86,-0.066
201,muscle,6.0,-0.498,-0.276,0.853
201,muscle,7.0,-0.492,-0.267,0.85
201,muscle,8.0,-0.484,-0.235,0.832
201,muscle,9.0,-0.454,-0.201,0.807
201,muscle,10.0,-0.439,-0.137,0.777
201,muscle,11.0,-0.404,-0.067,0.739
201,muscle,12.0,-0.369,-0.002,0.696
201,muscle,13.0,-0.33,0.095,0.662
201,muscle,14.0,-0.293,0.194,0.624
201,muscle,15.0,-0.242,0.25,0.556
201,muscle,16.0,-0.206,0.345,0.519
201,muscle,17.0,-0.152,0.43,0.469
201,muscle,18.0,-0.142,0.528,0.401
201,muscle,19.0,-0.091,0.603,0.37
201,muscle,20.0,-0.079,0.662,0.332
201,muscle,21.0,-0.049,0.727,0.294
201,muscle,22.0,-0.029,0.761,0.29
201,muscle,23.0,-0.015,0.791,0.264
201,muscle,24.0,-0.012,0.8,0.262
202,notochord,6.0,-0.67,0.688,0.368
202,notochord,7.0,-0.664,0.694,0.365
202,notochord,8.0,-0.661,0.697,0.352
202,notochord,9.0,-0.646,0.7,0.35
202,notochord,10.0,-0.633,0.706,0.324
202,notochord,11.0,-0.627,0.721,0.315
202,notochord,12.0,-0.583,0.742,0.302
202,notochord,13.0,-0.583,0.761,0.283
202,notochord,14.0,-0.574,0.759,0.253
202,notochord,15.0,-0.542,0.757,0.207
202,notochord,16.0,-0.534,0.771,0.202
202,notochord,17.0,-0.49,0.818,0.158
202,notochord,18.0,-0.471,0.824,0.15
202,notochord,19.0,-0.459,0.836,0.121
202,notochord,20.0,-0.441,0.847,0.104
202,notochord,21.0,-0.419,0.857,0.078
202,notochord,22.0,-0.404,0.844,0.077
202,notochord,23.0,-0.409,0.859,0.071
202,notochord,24.0,-0.404,0.86,0.067
203,neural,6.0,0.255,0.017,-0.975
203,neural,7.0,0.248,0.03,-0.965
203,neural,8.0,0.227,0.055,-0.943
203,neural,9.0,0.205,0.079,-0.912
203,neural,10.0,0.186,0.137,-0.834
203,neural,11.0,0.134,0.193,-0.767
203,neural,12.0,0.107,0.265,-0.722
203,neural,13.0,0.064,0.342,-0.62
203,neural,14.0,0.028,0.412,-0.535
203,neural,15.0,-0.038,0.512,-0.494
203,neural,16.0,-0.053,0.57,-0.396
203,neural,17.0,-0.131,0.659,-0.293
203,neural,18.0,-0.164,0.736,-0.205
203,neural,19.0,-0.199,0.806,-0.137
203,neural,20.0,-0.233,0.855,-0.077
203,neural,21.0,-0.268,0.915,-0.033
203,neural,22.0,-0.283,0.942,0.007
203,neural,23.0,-0.301,0.977,0.038
203,neural,24.0,-0.305,0.98,0.046
204,neural,6.0,-0.686,0.682,-0.358
204,neural,7.0,-0.686,0.688,-0.357
204,neural,8.0,-0.69,0.684,-0.352
204,neural,9.0,-0.698,0.699,-0.333
204,neural,10.0,-0.698,0.72,-0.332
204,neural,11.0,-0.714,0.73,-0.318
204,neural,12.0,-0.708,0.768,-0.333
204,neural,13.0,-0.735,0.774,-0.27
204,neural,14.0,-0.735,0.801,-0.266
204,neural,15.0,-0.76,0.821,-0.237
204,neural,16.0,-0.762,0.865,-0.221
204,neural,17.0,-0.775,0.881,-0.207
204,neural,18.0,-0.766,0.917,-0.182
204,neural,19.0,-0.789,0.928,-0.192
204,neural,20.0,-0.815,0.947,-0.166
204,neural,21.0,-0.812,0.963,-0.147
204,neural,22.0,-0.822,0.975,-0.14
204,neural,23.0,-0.824,0.974,-0.137
204,neural,24.0,-0.822,0.98,-0.133
205,neural,6.0,1.149,-0.004,-0.047
205,neural,7.0,1.152,0.003,-0.049
205,neural,8.0,1.156,0.027,-0.048
205,neural,9.0,1.16,0.07,-0.045
205,neural,10.0,1.145,0.12,-0.049
205,neural,11.0,1.176,0.2,-0.041
205,neural,12.0,1.183,0.252,-0.03
205,neural,13.0,1.187,0.315,-0.036
205,neural,14.0,1.167,0.397,-0.028
205,neural,15.0,1.186,0.473,-0.046
205,neural,16.0,1.194,0.569,-0.017
205,neural,17.0,1.211,0.661,-0.017
205,neural,18.0,1.214,0.7,-0.002
205,neural,19.0,1.224,0.802,-0.012
205,neural,20.0,1.223,0.867,0.014
205,neural,21.0,1.243,0.908,0.011
205,neural,22.0,1.244,0.951,0.013
205,neural,23.0,1.243,0.97,0.011
205,neural,24.0,1.247,0.98,0.013
206,muscle,6.0,-1.109,0.143,0.218
206,muscle,7.0,-1.094,0.147,0.212
206,muscle,8.0,-1.052,0.155,0.207
206,muscle,9.0,-0.992,0.187,0.182
206,muscle,10.0,-0.905,0.227,0.145
206,muscle,11.0,-0.805,0.263,0.114
206,muscle,12.0,-0.682,0.309,0.075
206,muscle,13.0,-0.602,0.372,0.052
206,muscle,14.0,-0.456,0.396,-0.018
206,muscle,15.0,-0.341,0.476,-0.048
206,muscle,16.0,-0.181,0.503,-0.082
206,muscle,17.0,-0.073,0.581,-0.155
206,muscle,18.0,0.068,0.631,-0.209
206,muscle,19.0,0.151,0.683,-0.221
206,muscle,20.0,0.28,0.709,-0.274
206,muscle,21.0,0.361,0.754,-0.308
206,muscle,22.0,0.413,0.779,-0.319
206,muscle,23.0,0.451,0.795,-0.337
206,muscle,24.0,0.466,0.8,-0.343
207,skin,6.0,0.844,-0.054,0.677
207,skin,7.0,0.848,-0.048,0.674
207,skin,8.0,0.866,-0.028,0.657
207,skin,9.0,0.895,-0.004,0.628
207,skin,10.0,0.935,0.01,0.582
207,skin,11.0,0.987,0.061,0.509
207,skin,12.0,1.037,0.151,0.403
207,skin,13.0,1.075,0.225,0.265
207,skin,14.0,1.079,0.313,0.101
207,skin,15.0,1.047,0.386,-0.08
207,skin,16.0,0.967,0.461,-0.241
207,skin,17.0,0.863,0.48,-0.426
207,skin,18.0,0.741,0.526,-0.527
207,skin,19.0,0.652,0.532,-0.604
207,skin,20.0,0.588,0.518,-0.664
207,skin,21.0,0.528,0.526,-0.695
207,skin,22.0,0.48,0.521,-0.725
207,skin,23.0,0.455,0.521,-0.737
207,skin,24.0,0.447,0.522,-0.739
208,muscle,6.0,-0.167,-0.144,0.978
208,muscle,7.0,-0.176,-0.137,0.964
208,muscle,8.0,-0.195,-0.117,0.93
208,muscle,9.0,-0.248,-0.076,0.883
208,muscle,10.0,-0.277,-0.03,0.816
208,muscle,11.0,-0.337,0.05,0.726
208,muscle,12.0,-0.406,0.09,0.634
208,muscle,13.0,-0.47,0.176,0.543
208,muscle,14.0,-0.543,0.264,0.423
208,muscle,15.0,-0.619,0.327,0.331
208,muscle,16.0,-0.709,0.42,0.212
208,muscle,17.0,-0.773,0.48,0.104
208,muscle,18.0,-0.838,0.556,-0.024
208,muscle,19.0,-0.923,0.632,-0.102
208,muscle,20.0,-0.974,0.692,-0.181
208,muscle,21.0,-1.024,0.728,-0.248
208,muscle,22.0,-1.064,0.772,-0.298
208,muscle,23.0,-1.086,0.792,-0.336
208,muscle,24.0,-1.092,0.8,-0.344
209,notochord,6.0,-0.767,0.239,0.701
209,notochord,7.0,-0.749,0.243,0.695
209,notochord,8.0,-0.703,0.256,0.678
209,notochord,9.0,-0.622,0.278,0.655
209,notochord,10.0,-0.519,0.317,0.615
209,notochord,11.0,-0.4,0.358,0.558
209,notochord,12.0,-0.271,0.389,0.515
209,notochord,13.0,-0.098,0.426,0.474
209,notochord,14.0,0.057,0.507,0.404
209,notochord,15.0,0.227,0.547,0.348
209,notochord,16.0,0.366,0.612,0.271
209,notochord,17.0,0.523,0.641,0.227
209,notochord,18.0,0.676,0.701,0.178
209,notochord,19.0,0.813,0.753,0.117
209,notochord,20.0,0.958,0.785,0.098
209,notochord,21.0,1.051,0.814,0.049
209,notochord,22.0,1.124,0.836,0.02
209,notochord,23.0,1.178,0.855,-0.0
209,notochord,24.0,1.195,0.86,-0.005
210,notochord,6.0,0.663,0.132,0.805
210,notochord,7.0,0.655,0.14,0.798
210,notochord,8.0,0.625,0.158,0.781
210,notochord,9.0,0.592,0.193,0.749
210,notochord,10.0,0.533,0.223,0.698
210,notochord,11.0,0.476,0.268,0.648
210,notochord,12.0,0.388,0.311,0.596
210,notochord,13.0,0.324,0.365,0.537
210,notochord,14.0,0.24,0.417,0.459
210,notochord,15.0,0.172,0.505,0.388
210,notochord,16.0,0.076,0.535,0.34
210,notochord,17.0,-0.015,0.619,0.275
210,notochord,18.0,-0.082,0.686,0.227
210,notochord,19.0,-0.173,0.727,0.148
210,notochord,20.0,-0.22,0.774,0.107
210,notochord,21.0,-0.271,0.815,0.058
210,notochord,22.0,-0.31,0.835,0.036
210,notochord,23.0,-0.332,0.855,0.011
210,notochord,24.0,-0.347,0.86,0.005
211,skin,6.0,-0.96,-0.122,-0.536
211,skin,7.0,-0.958,-0.116,-0.54
211,skin,8.0,-0.949,-0.098,-0.556
211,skin,9.0,-0.942,-0.082,-0.567
211,skin,10.0,-0.925,-0.043,-0.592
211,skin,11.0,-0.897,0.001,-0.626
211,skin,12.0,-0.881,0.069,-0.639
211,skin,13.0,-0.826,0.138,-0.68
211,skin,14.0,-0.773,0.194,-0.712
211,skin,15.0,-0.726,0.264,-0.724
211,skin,16.0,-0.631,0.352,-0.75
211,skin,17.0,-0.54,0.386,-0.784
211,skin,18.0,-0.499,0.43,-0.779
211,skin,19.0,-0.421,0.519,-0.753
211,skin,20.0,-0.344,0.536,-0.769
211,skin,21.0,-0.299,0.571,-0.756
211,skin,22.0,-0.26,0.591,-0.75
211,skin,23.0,-0.24,0.604,-0.743
211,skin,24.0,-0.23,0.608,-0.742
212,neural,6.0,0.594,-0.191,-0.833
212,neural,7.0,0.585,-0.179,-0.824
212,neural,8.0,0.557,-0.15,-0.806
212,neural,9.0,0.509,-0.105,-0.762
212,neural,10.0,0.456,-0.046,-0.736
212,neural,11.0,0.385,0.02,-0.679
212,neural,12.0,0.299,0.113,-0.621
212,neural,13.0,0.209,0.196,-0.551
212,neural,14.0,0.147,0.296,-0.482
212,neural,15.0,0.031,0.401,-0.371
212,neural,16.0,-0.04,0.492,-0.334
212,neural,17.0,-0.113,0.596,-0.254
212,neural,18.0,-0.218,0.666,-0.207
212,neural,19.0,-0.299,0.758,-0.145
212,neural,20.0,-0.345,0.835,-0.08
212,neural,21.0,-0.41,0.904,-0.031
212,neural,22.0,-0.459,0.937,-0.006
212,neural,23.0,-0.489,0.974,0.024
212,neural,24.0,-0.497,0.98,0.026
213,neural,6.0,1.091,-0.248,0.176
213,neural,7.0,1.075,-0.234,0.176
213,neural,8.0,1.034,-0.198,0.173
213,neural,9.0,0.95,-0.162,0.166
213,neural,10.0,0.842,-0.083,0.161
213,neural,11.0,0.724,-0.027,0.133
213,neural,12.0,0.604,0.094,0.129
213,neural,13.0,0.461,0.159,0.097
213,neural,14.0,0.298,0.282,0.086
213,neural,15.0,0.148,0.358,0.064
213,neural,16.0,-0.015,0.464,0.056
213,neural,17.0,-0.176,0.573,0.06
213,neural,18.0,-0.326,0.665,0.025
213,neural,19.0,-0.463,0.754,0.012
213,neural,20.0,-0.566,0.824,-0.008
213,neural,21.0,-0.658,0.895,-0.016
213,neural,22.0,-0.747,0.938,-0.012
213,neural,23.0,-0.799,0.968,-0.026
213,neural,24.0,-0.815,0.98,-0.023
214,neural,6.0,0.732,0.67,-0.311
214,neural,7.0,0.719,0.671,-0.307
214,neural,8.0,0.691,0.674,-0.296
214,neural,9.0,0.624,0.69,-0.29
214,neural,10.0,0.569,0.708,-0.284
214,neural,11.0,0.488,0.726,-0.266
214,neural,12.0,0.381,0.76,-0.239
214,neural,13.0,0.293,0.772,-0.209
214,neural,14.0,0.164,0.803,-0.192
214,neural,15.0,0.064,0.82,-0.164
214,neural,16.0,-0.039,0.858,-0.129
214,neural,17.0,-0.151,0.871,-0.109
214,neural,18.0,-0.273,0.884,-0.089
214,neural,19.0,-0.366,0.92,-0.081
214,neural,20.0,-0.433,0.953,-0.048
214,neural,21.0,-0.51,0.962,-0.034
214,neural,22.0,-0.561,0.965,-0.018
214,neural,23.0,-0.599,0.974,-0.011
214,neural,24.0,-0.608,0.98,-0.009
215,neural,6.0,0.844,0.348,-0.572
215,neural,7.0,0.827,0.354,-0.565
215,neural,8.0,0.77,0.37,-0.559
215,neural,9.0,0.7,0.396,-0.537
215,neural,10.0,0.587,0.422,-0.501
215,neural,11.0,0.439,0.473,-0.476
215,neural,12.0,0.321,0.508,-0.468
215,neural,13.0,0.132,0.54,-0.447
215,neural,14.0,-0.012,0.604,-0.384
215,neural,15.0,-0.228,0.664,-0.365
215,neural,16.0,-0.37,0.711,-0.316
215,neural,17.0,-0.525,0.785,-0.278
215,neural,18.0,-0.702,0.814,-0.268
215,neural,19.0,-0.85,0.856,-0.233
215,neural,20.0,-0.978,0.899,-0.194
215,neural,21.0,-1.094,0.925,-0.165
215,neural,22.0,-1.183,0.955,-0.154
215,neural,23.0,-1.232,0.97,-0.147
215,neural,24.0,-1.253,0.98,-0.143
216,muscle,6.0,-1.113,0.098,0.23
216,muscle,7.0,-1.102,0.105,0.232
216,muscle,8.0,-1.077,0.121,0.223
216,muscle,9.0,-1.03,0.149,0.23
216,muscle,10.0,-0.976,0.191,0.246
216,muscle,11.0,-0.923,0.233,0.23
216,muscle,12.0,-0.847,0.281,0.256
216,muscle,13.0,-0.773,0.337,0.244
216,muscle,14.0,-0.704,0.371,0.264
216,muscle,15.0,-0.616,0.449,0.268
216,muscle,16.0,-0.512,0.496,0.267
216,muscle,17.0,-0.429,0.559,0.277
216,muscle,18.0,-0.373,0.645,0.283
216,muscle,19.0,-0.272,0.683,0.316
216,muscle,20.0,-0.223,0.706,0.291
216,muscle,21.0,-0.168,0.742,0.301
216,muscle,22.0,-0.122,0.778,0.304
216,muscle,23.0,-0.096,0.794,0.303
216,muscle,24.0,-0.087,0.8,0.302
217,neural,6.0,-1.054,-0.171,-0.357
217,neural,7.0,-1.041,-0.159,-0.352
217,neural,8.0,-1.004,-0.133,-0.345
217,neural,9.0,-0.948,-0.077,-0.342
217,neural,10.0,-0.873,-0.025,-0.32
217,neural,11.0,-0.778,0.049,-0.306
217,neural,12.0,-0.686,0.154,-0.289
217,neural,13.0,-0.573,0.213,-0.223
217,neural,14.0,-0.469,0.31,-0.211
217,neural,15.0,-0.336,0.4,-0.185
217,neural,16.0,-0.212,0.488,-0.162
217,neural,17.0,-0.121,0.589,-0.119
217,neural,18.0,0.004,0.692,-0.092
217,neural,19.0,0.085,0.758,-0.081
217,neural,20.0,0.178,0.834,-0.039
217,neural,21.0,0.26,0.893,-0.03
217,neural,22.0,0.31,0.939,-0.024
217,neural,23.0,0.349,0.969,-0.01
217,neural,24.0,0.363,0.98,-0.01
218,muscle,6.0,-0.936,0.439,0.352
218,muscle,7.0,-0.927,0.442,0.348
218,muscle,8.0,-0.9,0.453,0.343
218,muscle,9.0,-0.841,0.469,0.353
218,muscle,10.0,-0.792,0.477,0.343
218,muscle,11.0,-0.733,0.504,0.343
218,muscle,12.0,-0.636,0.527,0.331
218,muscle,13.0,-0.534,0.544,0.35
218,muscle,14.0,-0.444,0.59,0.318
218,muscle,15.0,-0.341,0.628,0.299
218,muscle,16.0,-0.268,0.644,0.301
218,muscle,17.0,-0.154,0.68,0.308
218,muscle,18.0,-0.067,0.704,0.286
218,muscle,19.0,0.004,0.724,0.275
218,muscle,20.0,0.074,0.75,0.272
218,muscle,21.0,0.15,0.773,0.282
218,muscle,22.0,0.198,0.788,0.261
218,muscle,23.0,0.22,0.797,0.264
218,muscle,24.0,0.23,0.8,0.264
219,muscle,6.0,-0.843,0.184,-0.652
219,muscle,7.0,-0.839,0.193,-0.644
219,muscle,8.0,-0.839,0.207,-0.625
219,muscle,9.0,-0.83,0.223,-0.586
219,muscle,10.0,-0.825,0.254,-0.546
219,muscle,11.0,-0.803,0.303,-0.494
219,muscle,12.0,-0.803,0.351,-0.433
219,muscle,13.0,-0.792,0.4,-0.377
219,muscle,14.0,-0.79,0.425,-0.303
219,muscle,15.0,-0.78,0.482,-0.239
219,muscle,16.0,-0.742,0.555,-0.17
219,muscle,17.0,-0.733,0.572,-0.116
219,muscle,18.0,-0.723,0.638,-0.039
219,muscle,19.0,-0.728,0.674,0.015
219,muscle,20.0,-0.722,0.718,0.069
219,muscle,21.0,-0.711,0.745,0.109
219,muscle,22.0,-0.698,0.772,0.14
219,muscle,23.0,-0.702,0.793,0.162
219,muscle,24.0,-0.699,0.8,0.165
220,skin,6.0,0.9,-0.112,-0.612
220,skin,7.0,0.898,-0.105,-0.615
220,skin,8.0,0.895,-0.094,-0.62
220,skin,9.0,0.885,-0.059,-0.635
220,skin,10.0,0.88,-0.031,-0.643
220,skin,11.0,0.861,0.006,-0.663
220,skin,12.0,0.846,0.08,-0.672
220,skin,13.0,0.822,0.101,-0.691
220,skin,14.0,0.808,0.153,-0.693
220,skin,15.0,0.767,0.226,-0.706
220,skin,16.0,0.745,0.269,-0.707
220,skin,17.0,0.717,0.289,-0.721
220,skin,18.0,0.653,0.374,-0.723
220,skin,19.0,0.637,0.409,-0.712
220,skin,20.0,0.614,0.438,-0.709
220,skin,21.0,0.581,0.46,-0.714
220,skin,22.0,0.565,0.48,-0.709
220,skin,23.0,0.552,0.491,-0.709
220,skin,24.0,0.55,0.493,-0.708
221,neural,6.0,1.059,0.014,0.39
221,neural,7.0,1.046,0.022,0.384
221,neural,8.0,1.012,0.049,0.375
221,neural,9.0,0.949,0.083,0.366
221,neural,10.0,0.87,0.145,0.341
221,neural,11.0,0.788,0.202,0.33
221,neural,12.0,0.71,0.272,0.27
221,neural,13.0,0.61,0.341,0.219
221,neural,14.0,0.484,0.42,0.214
221,neural,15.0,0.355,0.497,0.166
221,neural,16.0,0.243,0.569,0.157
221,neural,17.0,0.108,0.668,0.127
221,neural,18.0,0.042,0.735,0.102
221,neural,19.0,-0.062,0.794,0.053
221,neural,20.0,-0.175,0.844,0.027
221,neural,21.0,-0.234,0.904,-0.005
221,neural,22.0,-0.295,0.949,-0.013
221,neural,23.0,-0.327,0.97,-0.023
221,neural,24.0,-0.34,0.98,-0.029
222,notochord,6.0,-1.146,-0.075,0.0
222,notochord,7.0,-1.125,-0.069,0.002
222,notochord,8.0,-1.07,-0.036,-0.005
222,notochord,9.0,-0.984,-0.011,-0.006
222,notochord,10.0,-0.843,0.046,0.009
222,notochord,11.0,-0.695,0.095,0.015
222,notochord,12.0,-0.514,0.166,-0.001
222,notochord,13.0,-0.342,0.248,-0.001
222,notochord,14.0,-0.153,0.3,0.003
222,notochord,15.0,0.058,0.388,-0.019
222,notochord,16.0,0.255,0.476,-0.027
222,notochord,17.0,0.481,0.536,0.012
222,notochord,18.0,0.639,0.634,-0.012
222,notochord,19.0,0.798,0.681,-0.014
222,notochord,20.0,0.959,0.75,-0.019
222,notochord,21.0,1.088,0.796,-0.01
222,notochord,22.0,1.178,0.833,-0.007
222,notochord,23.0,1.243,0.852,-0.009
222,notochord,24.0,1.263,0.86,-0.013
223,neural,6.0,-1.057,0.214,-0.324
223,neural,7.0,-1.06,0.22,-0.322
223,neural,8.0,-1.06,0.245,-0.307
223,neural,9.0,-1.061,0.269,-0.316
223,neural,10.0,-1.057,0.306,-0.295
223,neural,11.0,-1.058,0.346,-0.279
223,neural,12.0,-1.09,0.415,-0.252
223,neural,13.0,-1.076,0.468,-0.253
223,neural,14.0,-1.09,0.559,-0.238
223,neural,15.0,-1.086,0.584,-0.224
223,neural,16.0,-1.078,0.647,-0.165
223,neural,17.0,-1.081,0.739,-0.159
223,neural,18.0,-1.094,0.775,-0.135
223,neural,19.0,-1.102,0.851,-0.133
223,neural,20.0,-1.094,0.883,-0.111
223,neural,21.0,-1.104,0.929,-0.091
223,neural,22.0,-1.104,0.953,-0.089
223,neural,23.0,-1.106,0.973,-0.081
223,neural,24.0,-1.105,0.98,-0.077
224,skin,6.0,-0.759,0.077,-0.747
224,skin,7.0,-0.757,0.083,-0.748
224,skin,8.0,-0.75,0.093,-0.752
224,skin,9.0,-0.74,0.11,-0.756
224,skin,10.0,-0.728,0.157,-0.756
224,skin,11.0,-0.697,0.191,-0.769
224,skin,12.0,-0.681,0.225,-0.77
224,skin,13.0,-0.657,0.284,-0.764
224,skin,14.0,-0.624,0.328,-0.766
224,skin,15.0,-0.584,0.381,-0.763
224,skin,16.0,-0.51,0.449,-0.762
224,skin,17.0,-0.467,0.502,-0.746
224,skin,18.0,-0.42,0.555,-0.725
224,skin,19.0,-0.385,0.6,-0.699
224,skin,20.0,-0.319,0.638,-0.687
224,skin,21.0,-0.283,0.664,-0.672
224,skin,22.0,-0.256,0.681,-0.661
224,skin,23.0,-0.228,0.696,-0.651
224,skin,24.0,-0.223,0.701,-0.646
225,muscle,6.0,-0.786,0.53,0.47
225,muscle,7.0,-0.768,0.533,0.464
225,muscle,8.0,-0.728,0.534,0.464
225,muscle,9.0,-0.66,0.558,0.449
225,muscle,10.0,-0.568,0.557,0.441
225,muscle,11.0,-0.46,0.6,0.433
225,muscle,12.0,-0.362,0.614,0.421
225,muscle,13.0,-0.222,0.613,0.396
225,muscle,14.0,-0.054,0.645,0.399
225,muscle,15.0,0.089,0.677,0.395
225,muscle,16.0,0.207,0.681,0.354
225,muscle,17.0,0.351,0.71,0.32
225,muscle,18.0,0.496,0.731,0.341
225,muscle,19.0,0.606,0.757,0.329
225,muscle,20.0,0.726,0.752,0.309
225,muscle,21.0,0.806,0.776,0.301
225,muscle,22.0,0.875,0.795,0.295
225,muscle,23.0,0.914,0.798,0.288
225,muscle,24.0,0.932,0.8,0.288
226,notochord,6.0,0.885,0.368,0.507
226,notochord,7.0,0.868,0.371,0.504
226,notochord,8.0,0.827,0.38,0.492
226,notochord,9.0,0.761,0.396,0.473
226,notochord,10.0,0.677,0.437,0.444
226,notochord,11.0,0.579,0.46,0.412
226,notochord,12.0,0.46,0.503,0.386
226,notochord,13.0,0.328,0.53,0.343
226,notochord,14.0,0.197,0.579,0.303
226,notochord,15.0,0.057,0.623,0.281
226,notochord,16.0,-0.081,0.658,0.221
226,notochord,17.0,-0.194,0.676,0.171
226,notochord,18.0,-0.319,0.743,0.163
226,notochord,19.0,-0.453,0.765,0.123
226,notochord,20.0,-0.558,0.794,0.081
226,notochord,21.0,-0.638,0.828,0.05
226,notochord,22.0,-0.703,0.845,0.046
226,notochord,23.0,-0.741,0.855,0.034
226,notochord,24.0,-0.754,0.86,0.029
227,muscle,6.0,-0.628,0.453,-0.688
227,muscle,7.0,-0.617,0.458,-0.677
227,muscle,8.0,-0.58,0.466,-0.655
227,muscle,9.0,-0.546,0.482,-0.615
227,muscle,10.0,-0.483,0.5,-0.578
227,muscle,11.0,-0.417,0.531,-0.538
227,muscle,12.0,-0.335,0.537,-0.445
227,muscle,13.0,-0.252,0.571,-0.388
227,muscle,14.0,-0.155,0.597,-0.311
227,muscle,15.0,-0.065,0.606,-0.232
227,muscle,16.0,0.021,0.651,-0.172
227,muscle,17.0,0.127,0.675,-0.08
227,muscle,18.0,0.198,0.708,0.001
227,muscle,19.0,0.289,0.727,0.047
227,muscle,20.0,0.376,0.763,0.126
227,muscle,21.0,0.425,0.779,0.159
227,muscle,22.0,0.472,0.788,0.201
227,muscle,23.0,0.495,0.798,0.224
227,muscle,24.0,0.506,0.8,0.231
228,neural,6.0,0.148,-0.043,-0.991
228,neural,7.0,0.151,-0.034,-0.98
228,neural,8.0,0.154,-0.005,-0.955
228,neural,9.0,0.154,0.027,-0.925
228,neural,10.0,0.157,0.072,-0.873
228,neural,11.0,0.183,0.145,-0.791
228,neural,12.0,0.18,0.229,-0.735
228,neural,13.0,0.214,0.287,-0.667
228,neural,14.0,0.193,0.395,-0.561
228,neural,15.0,0.213,0.476,-0.512
228,neural,16.0,0.205,0.546,-0.422
228,neural,17.0,0.231,0.631,-0.356
228,neural,18.0,0.228,0.705,-0.282
228,neural,19.0,0.226,0.769,-0.194
228,neural,20.0,0.254,0.85,-0.155
228,neural,21.0,0.246,0.899,-0.092
228,neural,22.0,0.253,0.944,-0.056
228,neural,23.0,0.257,0.97,-0.033
228,neural,24.0,0.258,0.98,-0.024
229,muscle,6.0,0.385,0.31,0.884
229,muscle,7.0,0.375,0.318,0.875
229,muscle,8.0,0.348,0.332,0.839
229,muscle,9.0,0.303,0.353,0.804
229,muscle,10.0,0.235,0.38,0.736
229,muscle,11.0,0.172,0.385,0.682
229,muscle,12.0,0.097,0.451,0.6
229,muscle,13.0,0.029,0.475,0.505
229,muscle,14.0,-0.056,0.514,0.409
229,muscle,15.0,-0.168,0.566,0.32
229,muscle,16.0,-0.236,0.59,0.218
229,muscle,17.0,-0.362,0.633,0.14
229,muscle,18.0,-0.445,0.681,0.028
229,muscle,19.0,-0.514,0.688,-0.043
229,muscle,20.0,-0.586,0.746,-0.093
229,muscle,21.0,-0.645,0.77,-0.172
229,muscle,22.0,-0.688,0.778,-0.22
229,muscle,23.0,-0.708,0.793,-0.245
229,muscle,24.0,-0.721,0.8,-0.258
230,muscle,6.0,-0.884,-0.207,-0.602
230,muscle,7.0,-0.884,-0.194,-0.595
230,muscle,8.0,-0.881,-0.171,-0.591
230,muscle,9.0,-0.858,-0.129,-0.571
230,muscle,10.0,-0.889,-0.088,-0.544
230,muscle,11.0,-0.871,-0.013,-0.532
230,muscle,12.0,-0.862,0.034,-0.517
230,muscle,13.0,-0.866,0.131,-0.48
230,muscle,14.0,-0.887,0.213,-0.443
230,muscle,15.0,-0.86,0.276,-0.395
230,muscle,16.0,-0.818,0.383,-0.349
230,muscle,17.0,-0.846,0.465,-0.352
230,muscle,18.0,-0.817,0.534,-0.323
230,muscle,19.0,-0.807,0.603,-0.273
230,muscle,20.0,-0.813,0.677,-0.25
230,muscle,21.0,-0.803,0.733,-0.24
230,muscle,22.0,-0.802,0.769,-0.214
230,muscle,23.0,-0.805,0.79,-0.204
230,muscle,24.0,-0.801,0.8,-0.2
231,muscle,6.0,0.023,0.335,-0.935
231,muscle,7.0,0.026,0.342,-0.926
231,muscle,8.0,0.029,0.348,-0.893
231,muscle,9.0,0.031,0.378,-0.846
231,muscle,10.0,0.04,0.392,-0.789
231,muscle,11.0,0.057,0.421,-0.708
231,muscle,12.0,0.077,0.45,-0.618
231,muscle,13.0,0.128,0.497,-0.51
231,muscle,14.0,0.101,0.542,-0.428
231,muscle,15.0,0.139,0.57,-0.297
231,muscle,16.0,0.128,0.597,-0.187
231,muscle,17.0,0.158,0.643,-0.092
231,muscle,18.0,0.156,0.709,-0.001
231,muscle,19.0,0.184,0.712,0.085
231,muscle,20.0,0.197,0.742,0.174
231,muscle,21.0,0.199,0.762,0.227
231,muscle,22.0,0.209,0.787,0.286
231,muscle,23.0,0.214,0.796,0.315
231,muscle,24.0,0.216,0.8,0.324
232,muscle,6.0,0.045,-0.124,0.991
232,muscle,7.0,0.044,-0.114,0.985
232,muscle,8.0,0.025,-0.092,0.971
232,muscle,9.0,0.015,-0.055,0.938
232,muscle,10.0,-0.018,-0.009,0.907
232,muscle,11.0,-0.039,0.038,0.845
232,muscle,12.0,-0.06,0.131,0.817
232,muscle,13.0,-0.112,0.202,0.767
232,muscle,14.0,-0.12,0.267,0.676
232,muscle,15.0,-0.186,0.313,0.644
232,muscle,16.0,-0.203,0.441,0.584
232,muscle,17.0,-0.226,0.509,0.515
232,muscle,18.0,-0.273,0.559,0.454
232,muscle,19.0,-0.295,0.63,0.401
232,muscle,20.0,-0.301,0.683,0.363
232,muscle,21.0,-0.338,0.744,0.316
232,muscle,22.0,-0.357,0.767,0.292
232,muscle,23.0,-0.367,0.792,0.276
232,muscle,24.0,-0.371,0.8,0.268
233,muscle,6.0,-1.016,0.182,0.427
233,muscle,7.0,-1.005,0.188,0.428
233,muscle,8.0,-0.963,0.203,0.412
233,muscle,9.0,-0.906,0.24,0.417
233,muscle,10.0,-0.816,0.266,0.399
233,muscle,11.0,-0.727,0.299,0.398
233,muscle,12.0,-0.618,0.333,0.397
233,muscle,13.0,-0.492,0.388,0.377
233,muscle,14.0,-0.361,0.434,0.368
233,muscle,15.0,-0.234,0.476,0.362
233,muscle,16.0,-0.114,0.541,0.368
233,muscle,17.0,0.014,0.588,0.339
233,muscle,18.0,0.14,0.621,0.335
233,muscle,19.0,0.243,0.689,0.334
233,muscle,20.0,0.327,0.72,0.325
233,muscle,21.0,0.417,0.757,0.324
233,muscle,22.0,0.477,0.772,0.313
233,muscle,23.0,0.521,0.794,0.311
233,muscle,24.0,0.535,0.8,0.312
234,muscle,6.0,-0.752,0.107,-0.748
234,muscle,7.0,-0.753,0.114,-0.738
234,muscle,8.0,-0.766,0.128,-0.707
234,muscle,9.0,-0.782,0.165,-0.674
234,muscle,10.0,-0.789,0.19,-0.616
234,muscle,11.0,-0.807,0.233,-0.564
234,muscle,12.0,-0.836,0.296,-0.482
234,muscle,13.0,-0.862,0.321,-0.396
234,muscle,14.0,-0.88,0.387,-0.306
234,muscle,15.0,-0.888,0.438,-0.24
234,muscle,16.0,-0.929,0.507,-0.12
234,muscle,17.0,-0.969,0.579,-0.07
234,muscle,18.0,-0.997,0.641,0.017
234,muscle,19.0,-1.008,0.667,0.086
234,muscle,20.0,-1.049,0.709,0.163
234,muscle,21.0,-1.054,0.741,0.203
234,muscle,22.0,-1.07,0.779,0.252
234,muscle,23.0,-1.074,0.793,0.278
234,muscle,24.0,-1.076,0.8,0.289
235,skin,6.0,-0.815,0.643,0.197
235,skin,7.0,-0.813,0.646,0.195
235,skin,8.0,-0.805,0.657,0.176
235,skin,9.0,-0.788,0.678,0.144
235,skin,10.0,-0.758,0.708,0.102
235,skin,11.0,-0.732,0.731,0.049
235,skin,12.0,-0.687,0.762,-0.013
235,skin,13.0,-0.602,0.805,-0.092
235,skin,14.0,-0.521,0.828,-0.186
235,skin,15.0,-0.432,0.827,-0.319
235,skin,16.0,-0.324,0.834,-0.386
235,skin,17.0,-0.178,0.83,-0.462
235,skin,18.0,-0.053,0.8,-0.537
235,skin,19.0,0.004,0.76,-0.601
235,skin,20.0,0.118,0.726,-0.636
235,skin,21.0,0.165,0.689,-0.673
235,skin,22.0,0.206,0.667,-0.689
235,skin,23.0,0.235,0.648,-0.702
235,skin,24.0,0.244,0.641,-0.707
236,muscle,6.0,0.211,0.627,0.729
236,muscle,7.0,0.207,0.629,0.716
236,muscle,8.0,0.194,0.628,0.69
236,muscle,9.0,0.164,0.634,0.651
236,muscle,10.0,0.147,0.65,0.603
236,muscle,11.0,0.102,0.664,0.546
236,muscle,12.0,0.081,0.678,0.453
236,muscle,13.0,0.044,0.68,0.385
236,muscle,14.0,-0.03,0.664,0.325
236,muscle,15.0,-0.064,0.718,0.241
236,muscle,16.0,-0.095,0.752,0.19
236,muscle,17.0,-0.126,0.747,0.103
236,muscle,18.0,-0.195,0.769,-0.004
236,muscle,19.0,-0.224,0.762,-0.081
236,muscle,20.0,-0.266,0.779,-0.123
236,muscle,21.0,-0.29,0.787,-0.173
236,muscle,22.0,-0.306,0.793,-0.208
236,muscle,23.0,-0.324,0.797,-0.237
236,muscle,24.0,-0.328,0.8,-0.247
237,muscle,6.0,0.281,0.306,0.915
237,muscle,7.0,0.28,0.31,0.907
237,muscle,8.0,0.292,0.321,0.865
237,muscle,9.0,0.295,0.334,0.822
237,muscle,10.0,0.317,0.376,0.763
237,muscle,11.0,0.325,0.411,0.694
237,muscle,12.0,0.351,0.429,0.604
237,muscle,13.0,0.384,0.466,0.512
237,muscle,14.0,0.361,0.521,0.424
237,muscle,15.0,0.43,0.554,0.318
237,muscle,16.0,0.445,0.595,0.225
237,muscle,17.0,0.442,0.632,0.126
237,muscle,18.0,0.494,0.678,0.021
237,muscle,19.0,0.49,0.701,-0.044
237,muscle,20.0,0.508,0.737,-0.117
237,muscle,21.0,0.523,0.771,-0.191
237,muscle,22.0,0.529,0.788,-0.241
237,muscle,23.0,0.533,0.799,-0.265
237,muscle,24.0,0.537,0.8,-0.276
238,notochord,6.0,1.063,-0.191,0.326
238,notochord,7.0,1.042,-0.178,0.323
238,notochord,8.0,0.981,-0.152,0.308
238,notochord,9.0,0.902,-0.12,0.29
238,notochord,10.0,0.769,-0.059,0.278
238,notochord,11.0,0.643,0.009,0.256
238,notochord,12.0,0.462,0.081,0.222
238,notochord,13.0,0.279,0.178,0.215
238,notochord,14.0,0.11,0.262,0.181
238,notochord,15.0,-0.076,0.35,0.131
238,notochord,16.0,-0.265,0.414,0.111
238,notochord,17.0,-0.466,0.497,0.082
238,notochord,18.0,-0.635,0.573,0.035
238,notochord,19.0,-0.795,0.653,0.021
238,notochord,20.0,-0.931,0.735,0.006
238,notochord,21.0,-1.054,0.783,-0.022
238,notochord,22.0,-1.145,0.824,-0.031
238,notochord,23.0,-1.201,0.852,-0.038
238,notochord,24.0,-1.221,0.86,-0.043
239,notochord,6.0,0.58,-0.245,-0.824
239,notochord,7.0,0.572,-0.235,-0.817
239,notochord,8.0,0.545,-0.199,-0.799
239,notochord,9.0,0.488,-0.156,-0.766
239,notochord,10.0,0.444,-0.114,-0.713
239,notochord,11.0,0.366,-0.028,-0.673
239,notochord,12.0,0.299,0.044,-0.612
239,notochord,13.0,0.204,0.109,-0.521
239,notochord,14.0,0.119,0.193,-0.466
239,notochord,15.0,-0.004,0.292,-0.396
239,notochord,16.0,-0.055,0.402,-0.342
239,notochord,17.0,-0.152,0.499,-0.269
239,notochord,18.0,-0.252,0.579,-0.203
239,notochord,19.0,-0.327,0.648,-0.158
239,notochord,20.0,-0.391,0.706,-0.084
239,notochord,21.0,-0.454,0.777,-0.049
239,notochord,22.0,-0.496,0.824,-0.009
239,notochord,23.0,-0.519,0.849,0.014
239,notochord,24.0,-0.53,0.86,0.018
240,skin,6.0,0.468,0.204,-0.888
240,skin,7.0,0.46,0.204,-0.891
240,skin,8.0,0.441,0.233,-0.89
240,skin,9.0,0.405,0.263,-0.894
240,skin,10.0,0.354,0.32,-0.89
240,skin,11.0,0.287,0.383,-0.88
240,skin,12.0,0.134,0.444,-0.876
240,skin,13.0,-0.069,0.603,-0.771
240,skin,14.0,-0.324,0.703,-0.611
240,skin,15.0,-0.521,0.781,-0.344
240,skin,16.0,-0.703,0.738,-0.15
240,skin,17.0,-0.818,0.664,0.069
240,skin,18.0,-0.843,0.617,0.205
240,skin,19.0,-0.851,0.568,0.309
240,skin,20.0,-0.855,0.535,0.361
240,skin,21.0,-0.858,0.508,0.397
240,skin,22.0,-0.86,0.482,0.428
240,skin,23.0,-0.852,0.477,0.445
240,skin,24.0,-0.855,0.472,0.448
241,muscle,6.0,-0.465,0.527,-0.727
241,muscle,7.0,-0.454,0.531,-0.723
241,muscle,8.0,-0.425,0.524,-0.71
241,muscle,9.0,-0.371,0.548,-0.688
241,muscle,10.0,-0.313,0.551,-0.673
241,muscle,11.0,-0.247,0.58,-0.639
241,muscle,12.0,-0.159,0.603,-0.615
241,muscle,13.0,-0.094,0.621,-0.585
241,muscle,14.0,0.029,0.65,-0.526
241,muscle,15.0,0.132,0.662,-0.491
241,muscle,16.0,0.198,0.682,-0.466
241,muscle,17.0,0.304,0.721,-0.423
241,muscle,18.0,0.407,0.74,-0.393
241,muscle,19.0,0.475,0.743,-0.369
241,muscle,20.0,0.558,0.776,-0.33
241,muscle,21.0,0.61,0.781,-0.301
241,muscle,22.0,0.649,0.79,-0.291
241,muscle,23.0,0.681,0.8,-0.274
241,muscle,24.0,0.691,0.8,-0.27
242,muscle,6.0,-0.754,0.169,-0.734
242,muscle,7.0,-0.747,0.176,-0.723
242,muscle,8.0,-0.739,0.197,-0.701
242,muscle,9.0,-0.715,0.213,-0.661
242,muscle,10.0,-0.674,0.254,-0.621
242,muscle,11.0,-0.641,0.285,-0.543
242,muscle,12.0,-0.596,0.348,-0.491
242,muscle,13.0,-0.567,0.378,-0.411
242,muscle,14.0,-0.505,0.431,-0.317
242,muscle,15.0,-0.474,0.494,-0.246
242,muscle,16.0,-0.403,0.532,-0.16
242,muscle,17.0,-0.373,0.602,-0.089
242,muscle,18.0,-0.324,0.644,0.006
242,muscle,19.0,-0.293,0.685,0.051
242,muscle,20.0,-0.251,0.723,0.121
242,muscle,21.0,-0.227,0.752,0.149
242,muscle,22.0,-0.2,0.779,0.21
242,muscle,23.0,-0.187,0.796,0.226
242,muscle,24.0,-0.183,0.8,0.235
243,neural,6.0,0.94,0.485,0.267
243,neural,7.0,0.943,0.489,0.265
243,neural,8.0,0.937,0.507,0.272
243,neural,9.0,0.952,0.517,0.25
243,neural,10.0,0.955,0.558,0.242
243,neural,11.0,0.948,0.59,0.205
243,neural,12.0,0.964,0.627,0.187
243,neural,13.0,0.973,0.633,0.17
243,neural,14.0,0.99,0.701,0.15
243,neural,15.0,0.992,0.728,0.138
243,neural,16.0,0.987,0.781,0.091
243,neural,17.0,0.982,0.806,0.098
243,neural,18.0,0.99,0.859,0.091
243,neural,19.0,1.015,0.887,0.047
243,neural,20.0,1.02,0.917,0.052
243,neural,21.0,1.037,0.946,0.026
243,neural,22.0,1.029,0.961,0.007
243,neural,23.0,1.03,0.974,0.007
243,neural,24.0,1.029,0.98,0.004
244,neural,6.0,-0.361,0.129,0.94
244,neural,7.0,-0.368,0.135,0.936
244,neural,8.0,-0.383,0.16,0.921
244,neural,9.0,-0.406,0.203,0.876
244,neural,10.0,-0.447,0.238,0.832
244,neural,11.0,-0.477,0.283,0.783
244,neural,12.0,-0.521,0.346,0.724
244,neural,13.0,-0.589,0.4,0.663
244,neural,14.0,-0.601,0.486,0.605
244,neural,15.0,-0.664,0.576,0.542
244,neural,16.0,-0.712,0.622,0.487
244,neural,17.0,-0.781,0.71,0.411
244,neural,18.0,-0.83,0.775,0.341
244,neural,19.0,-0.873,0.826,0.303
244,neural,20.0,-0.915,0.879,0.24
244,neural,21.0,-0.951,0.913,0.199
244,neural,22.0,-0.964,0.956,0.165
244,neural,23.0,-0.988,0.977,0.148
244,neural,24.0,-0.992,0.98,0.139
245,muscle,6.0,0.329,0.751,-0.541
245,muscle,7.0,0.32,0.753,-0.534
245,muscle,8.0,0.3,0.75,-0.508
245,muscle,9.0,0.262,0.764,-0.465
245,muscle,10.0,0.207,0.759,-0.443
245,muscle,11.0,0.153,0.759,-0.385
245,muscle,12.0,0.091,0.765,-0.328
245,muscle,13.0,0.005,0.768,-0.275
245,muscle,14.0,-0.077,0.779,-0.202
245,muscle,15.0,-0.117,0.773,-0.159
245,muscle,16.0,-0.213,0.79,-0.07
245,muscle,17.0,-0.285,0.794,-0.009
245,muscle,18.0,-0.368,0.766,0.054
245,muscle,19.0,-0.421,0.789,0.118
245,muscle,20.0,-0.463,0.808,0.153
245,muscle,21.0,-0.531,0.785,0.2
245,muscle,22.0,-0.568,0.799,0.227
245,muscle,23.0,-0.583,0.801,0.248
245,muscle,24.0,-0.591,0.8,0.258
246,neural,6.0,-1.042,0.272,-0.312
246,neural,7.0,-1.04,0.278,-0.31
246,neural,8.0,-1.037,0.289,-0.291
246,neural,9.0,-1.029,0.321,-0.283
246,neural,10.0,-1.033,0.371,-0.252
246,neural,11.0,-1.027,0.408,-0.239
246,neural,12.0,-1.013,0.455,-0.213
246,neural,13.0,-0.999,0.511,-0.191
246,neural,14.0,-1.006,0.556,-0.161
246,neural,15.0,-0.992,0.631,-0.11
246,neural,16.0,-1.001,0.698,-0.068
246,neural,17.0,-0.998,0.745,-0.038
246,neural,18.0,-0.966,0.817,-0.003
246,neural,19.0,-0.974,0.852,-0.009
246,neural,20.0,-0.961,0.896,0.028
246,neural,21.0,-0.952,0.928,0.045
246,neural,22.0,-0.95,0.954,0.076
246,neural,23.0,-0.945,0.972,0.086
246,neural,24.0,-0.946,0.98,0.087
247,skin,6.0,-1.018,-0.238,0.392
247,skin,7.0,-1.018,-0.231,0.397
247,skin,8.0,-1.021,-0.209,0.404
247,skin,9.0,-1.017,-0.19,0.423
247,skin,10.0,-1.019,-0.157,0.434
247,skin,11.0,-1.007,-0.091,0.474
247,skin,12.0,-0.985,-0.02,0.516
247,skin,13.0,-0.972,0.04,0.532
247,skin,14.0,-0.935,0.129,0.567
247,skin,15.0,-0.871,0.218,0.611
247,skin,16.0,-0.819,0.331,0.61
247,skin,17.0,-0.766,0.389,0.624
247,skin,18.0,-0.668,0.463,0.652
247,skin,19.0,-0.625,0.546,0.613
247,skin,20.0,-0.514,0.592,0.642
247,skin,21.0,-0.47,0.633,0.624
247,skin,22.0,-0.415,0.663,0.618
247,skin,23.0,-0.394,0.679,0.61
247,skin,24.0,-0.384,0.685,0.607
248,muscle,6.0,0.935,0.133,-0.565
248,muscle,7.0,0.92,0.139,-0.564
248,muscle,8.0,0.878,0.158,-0.558
248,muscle,9.0,0.798,0.188,-0.544
248,muscle,10.0,0.709,0.214,-0.523
248,muscle,11.0,0.617,0.258,-0.52
248,muscle,12.0,0.48,0.298,-0.476
248,muscle,13.0,0.358,0.334,-0.471
248,muscle,14.0,0.218,0.413,-0.446
248,muscle,15.0,0.076,0.474,-0.422
248,muscle,16.0,-0.084,0.515,-0.398
248,muscle,17.0,-0.222,0.574,-0.386
248,muscle,18.0,-0.351,0.636,-0.351
248,muscle,19.0,-0.482,0.661,-0.339
248,muscle,20.0,-0.594,0.71,-0.318
248,muscle,21.0,-0.682,0.75,-0.309
248,muscle,22.0,-0.747,0.772,-0.285
248,muscle,23.0,-0.795,0.792,-0.274
248,muscle,24.0,-0.807,0.8,-0.274
249,neural,6.0,-1.094,-0.27,0.118
249,neural,7.0,-1.083,-0.26,0.118
249,neural,8.0,-1.07,-0.23,0.111
249,neural,9.0,-1.036,-0.169,0.11
249,neural,10.0,-1.002,-0.109,0.097
249,neural,11.0,-0.94,-0.049,0.08
249,neural,12.0,-0.89,0.051,0.078
249,neural,13.0,-0.817,0.148,0.062
249,neural,14.0,-0.746,0.247,0.038
249,neural,15.0,-0.697,0.349,0.049
249,neural,16.0,-0.641,0.45,0.023
249,neural,17.0,-0.553,0.575,-0.013
249,neural,18.0,-0.513,0.654,-0.026
249,neural,19.0,-0.452,0.749,-0.044
249,neural,20.0,-0.387,0.822,-0.054
249,neural,21.0,-0.348,0.88,-0.053
249,neural,22.0,-0.327,0.937,-0.059
249,neural,23.0,-0.302,0.967,-0.061
249,neural,24.0,-0.298,0.98,-0.064
250,skin,6.0,0.175,0.395,0.896
250,skin,7.0,0.173,0.403,0.893
250,skin,8.0,0.155,0.42,0.887
250,skin,9.0,0.125,0.455,0.871
250,skin,10.0,0.1,0.483,0.857
250,skin,11.0,0.061,0.557,0.809
250,skin,12.0,-0.001,0.606,0.77
250,skin,13.0,-0.077,0.712,0.659
250,skin,14.0,-0.17,0.808,0.505
250,skin,15.0,-0.345,0.843,0.35
250,skin,16.0,-0.428,0.876,0.105
250,skin,17.0,-0.496,0.853,-0.093
250,skin,18.0,-0.523,0.808,-0.262
250,skin,19.0,-0.546,0.745,-0.4
250,skin,20.0,-0.551,0.712,-0.458
250,skin,21.0,-0.564,0.665,-0.519
250,skin,22.0,-0.573,0.637,-0.549
250,skin,23.0,-0.569,0.618,-0.576
250,skin,24.0,-0.569,0.61,-0.586
251,muscle,6.0,0.608,-0.056,0.847
251,muscle,7.0,0.605,-0.043,0.846
251,muscle,8.0,0.603,-0.026,0.826
251,muscle,9.0,0.586,0.013,0.801
251,muscle,10.0,0.575,0.055,0.774
251,muscle,11.0,0.554,0.107,0.751
251,muscle,12.0,0.517,0.162,0.714
251,muscle,13.0,0.504,0.223,0.683
251,muscle,14.0,0.459,0.307,0.631
251,muscle,15.0,0.477,0.392,0.597
251,muscle,16.0,0.434,0.451,0.545
251,muscle,17.0,0.405,0.519,0.514
251,muscle,18.0,0.4,0.584,0.477
251,muscle,19.0,0.353,0.648,0.445
251,muscle,20.0,0.363,0.688,0.409
251,muscle,21.0,0.34,0.732,0.391
251,muscle,22.0,0.317,0.774,0.363
251,muscle,23.0,0.313,0.792,0.346
251,muscle,24.0,0.312,0.8,0.343
252,neural,6.0,-0.819,0.086,-0.696
252,neural,7.0,-0.814,0.093,-0.687
252,neural,8.0,-0.793,0.105,-0.665
252,neural,9.0,-0.766,0.152,-0.644
252,neural,10.0,-0.721,0.188,-0.588
252,neural,11.0,-0.658,0.26,-0.53
252,neural,12.0,-0.598,0.32,-0.464
252,neural,13.0,-0.532,0.375,-0.41
252,neural,14.0,-0.478,0.441,-0.334
252,neural,15.0,-0.412,0.54,-0.297
252,neural,16.0,-0.343,0.609,-0.21
252,neural,17.0,-0.281,0.702,-0.127
252,neural,18.0,-0.224,0.758,-0.066
252,neural,19.0,-0.193,0.811,-0.005
252,neural,20.0,-0.103,0.876,0.052
252,neural,21.0,-0.067,0.914,0.094
252,neural,22.0,-0.049,0.949,0.128
252,neural,23.0,-0.019,0.972,0.15
252,neural,24.0,-0.011,0.98,0.158
253,neural,6.0,0.881,-0.13,0.628
253,neural,7.0,0.866,-0.12,0.62
253,neural,8.0,0.826,-0.096,0.607
253,neural,9.0,0.768,-0.054,0.576
253,neural,10.0,0.703,0.004,0.55
253,neural,11.0,0.625,0.077,0.514
253,neural,12.0,0.521,0.169,0.465
253,neural,13.0,0.418,0.248,0.422
253,neural,14.0,0.291,0.331,0.347
253,neural,15.0,0.178,0.43,0.303
253,neural,16.0,0.066,0.503,0.247
253,neural,17.0,-0.05,0.609,0.188
253,neural,18.0,-0.158,0.682,0.158
253,neural,19.0,-0.26,0.758,0.09
253,neural,20.0,-0.345,0.842,0.063
253,neural,21.0,-0.425,0.887,0.026
253,neural,22.0,-0.475,0.941,0.008
253,neural,23.0,-0.513,0.969,-0.013
253,neural,24.0,-0.52,0.98,-0.017
254,neural,6.0,-0.765,0.624,-0.356
254,neural,7.0,-0.753,0.632,-0.352
254,neural,8.0,-0.713,0.634,-0.348
254,neural,9.0,-0.662,0.649,-0.333
254,neural,10.0,-0.589,0.658,-0.298
254,neural,11.0,-0.493,0.69,-0.285
254,neural,12.0,-0.395,0.703,-0.248
254,neural,13.0,-0.297,0.746,-0.194
254,neural,14.0,-0.181,0.767,-0.167
254,neural,15.0,-0.039,0.788,-0.133
254,neural,16.0,0.089,0.828,-0.087
254,neural,17.0,0.202,0.866,-0.048
254,neural,18.0,0.302,0.88,-0.002
254,neural,19.0,0.393,0.911,0.024
254,neural,20.0,0.471,0.939,0.046
254,neural,21.0,0.56,0.949,0.068
254,neural,22.0,0.624,0.967,0.082
254,neural,23.0,0.659,0.977,0.096
254,neural,24.0,0.673,0.98,0.101
255,neural,6.0,0.761,0.143,-0.735
255,neural,7.0,0.746,0.15,-0.731
255,neural,8.0,0.702,0.178,-0.715
255,neural,9.0,0.638,0.191,-0.684
255,neural,10.0,0.541,0.253,-0.636
255,neural,11.0,0.432,0.302,-0.59
255,neural,12.0,0.325,0.37,-0.542
255,neural,13.0,0.198,0.429,-0.452
255,neural,14.0,0.068,0.505,-0.427
255,neural,15.0,-0.074,0.546,-0.332
255,neural,16.0,-0.207,0.611,-0.31
255,neural,17.0,-0.337,0.688,-0.238
255,neural,18.0,-0.494,0.751,-0.165
255,neural,19.0,-0.611,0.83,-0.13
255,neural,20.0,-0.73,0.872,-0.071
255,neural,21.0,-0.804,0.906,-0.015
255,neural,22.0,-0.864,0.951,0.011
255,neural,23.0,-0.913,0.975,0.025
255,neural,24.0,-0.928,0.98,0.031
256,skin,6.0,-0.056,0.759,-0.6
256,skin,7.0,-0.059,0.762,-0.595
256,skin,8.0,-0.052,0.774,-0.578
256,skin,9.0,-0.067,0.789,-0.555
256,skin,10.0,-0.056,0.816,-0.51
256,skin,11.0,-0.057,0.84,-0.465
256,skin,12.0,-0.089,0.877,-0.377
256,skin,13.0,-0.071,0.903,-0.305
256,skin,14.0,-0.077,0.931,-0.189
256,skin,15.0,-0.062,0.946,-0.08
256,skin,16.0,-0.075,0.944,0.094
256,skin,17.0,-0.115,0.923,0.215
256,skin,18.0,-0.073,0.88,0.371
256,skin,19.0,-0.084,0.841,0.459
256,skin,20.0,-0.085,0.8,0.534
256,skin,21.0,-0.078,0.761,0.594
256,skin,22.0,-0.088,0.731,0.634
256,skin,23.0,-0.079,0.714,0.656
256,skin,24.0,-0.079,0.704,0.668
257,muscle,6.0,0.165,0.7,-0.661
257,muscle,7.0,0.167,0.702,-0.655
257,muscle,8.0,0.17,0.698,-0.636
257,muscle,9.0,0.175,0.712,-0.592
257,muscle,10.0,0.183,0.717,-0.553
257,muscle,11.0,0.185,0.706,-0.508
257,muscle,12.0,0.189,0.725,-0.455
257,muscle,13.0,0.201,0.71,-0.389
257,muscle,14.0,0.201,0.758,-0.304
257,muscle,15.0,0.21,0.769,-0.258
257,muscle,16.0,0.213,0.766,-0.18
257,muscle,17.0,0.218,0.776,-0.098
257,muscle,18.0,0.201,0.776,-0.03
257,muscle,19.0,0.237,0.778,0.029
257,muscle,20.0,0.238,0.789,0.065
257,muscle,21.0,0.245,0.789,0.112
257,muscle,22.0,0.248,0.796,0.143
257,muscle,23.0,0.252,0.798,0.172
257,muscle,24.0,0.251,0.8,0.176
258,skin,6.0,-0.495,0.748,0.442
258,skin,7.0,-0.484,0.749,0.448
258,skin,8.0,-0.453,0.757,0.459
258,skin,9.0,-0.4,0.771,0.47
258,skin,10.0,-0.322,0.783,0.492
258,skin,11.0,-0.215,0.795,0.514
258,skin,12.0,-0.112,0.796,0.536
258,skin,13.0,0.02,0.781,0.569
258,skin,14.0,0.167,0.77,0.567
258,skin,15.0,0.309,0.724,0.589
258,skin,16.0,0.434,0.685,0.581
258,skin,17.0,0.548,0.642,0.563
258,skin,18.0,0.629,0.592,0.56
258,skin,19.0,0.717,0.551,0.524
258,skin,20.0,0.765,0.518,0.509
258,skin,21.0,0.8,0.493,0.496
258,skin,22.0,0.828,0.468,0.489
258,skin,23.0,0.843,0.455,0.483
258,skin,24.0,0.848,0.451,0.481
259,notochord,6.0,0.422,0.088,0.926
259,notochord,7.0,0.42,0.093,0.917
259,notochord,8.0,0.406,0.114,0.89
259,notochord,9.0,0.389,0.146,0.849
259,notochord,10.0,0.375,0.18,0.809
259,notochord,11.0,0.355,0.229,0.757
259,notochord,12.0,0.333,0.283,0.661
259,notochord,13.0,0.294,0.362,0.624
259,notochord,14.0,0.298,0.398,0.53
259,notochord,15.0,0.243,0.46,0.442
259,notochord,16.0,0.222,0.538,0.354
259,notochord,17.0,0.202,0.592,0.302
259,notochord,18.0,0.163,0.652,0.204
259,notochord,19.0,0.15,0.705,0.15
259,notochord,20.0,0.113,0.761,0.082
259,notochord,21.0,0.101,0.8,0.029
259,notochord,22.0,0.092,0.83,-0.016
259,notochord,23.0,0.081,0.856,-0.039
259,notochord,24.0,0.078,0.86,-0.048
260,muscle,6.0,-0.883,0.561,0.249
260,muscle,7.0,-0.878,0.565,0.246
260,muscle,8.0,-0.867,0.563,0.254
260,muscle,9.0,-0.866,0.582,0.263
260,muscle,10.0,-0.842,0.595,0.256
260,muscle,11.0,-0.839,0.603,0.28
260,muscle,12.0,-0.817,0.617,0.272
260,muscle,13.0,-0.777,0.642,0.239
260,muscle,14.0,-0.745,0.653,0.266
260,muscle,15.0,-0.752,0.67,0.288
260,muscle,16.0,-0.725,0.726,0.274
260,muscle,17.0,-0.702,0.717,0.307
260,muscle,18.0,-0.667,0.759,0.3
260,muscle,19.0,-0.66,0.748,0.305
260,muscle,20.0,-0.64,0.779,0.301
260,muscle,21.0,-0.622,0.766,0.307
260,muscle,22.0,-0.622,0.788,0.317
260,muscle,23.0,-0.611,0.792,0.32
260,muscle,24.0,-0.606,0.8,0.318
261,notochord,6.0,-0.291,0.254,0.93
261,notochord,7.0,-0.286,0.26,0.924
261,notochord,8.0,-0.273,0.274,0.903
261,notochord,9.0,-0.249,0.297,0.86
261,notochord,10.0,-0.219,0.324,0.816
261,notochord,11.0,-0.181,0.354,0.763
261,notochord,12.0,-0.145,0.401,0.695
261,notochord,13.0,-0.112,0.452,0.614
261,notochord,14.0,-0.06,0.528,0.531
261,notochord,15.0,-0.022,0.552,0.483
261,notochord,16.0,0.027,0.609,0.393
261,notochord,17.0,0.057,0.653,0.301
261,notochord,18.0,0.094,0.72,0.267
261,notochord,19.0,0.151,0.761,0.2
261,notochord,20.0,0.186,0.787,0.135
261,notochord,21.0,0.202,0.812,0.089
261,notochord,22.0,0.223,0.832,0.063
261,notochord,23.0,0.242,0.854,0.036
261,notochord,24.0,0.246,0.86,0.028
262,muscle,6.0,0.126,0.234,-0.963
262,muscle,7.0,0.118,0.241,-0.956
262,muscle,8.0,0.085,0.25,-0.933
262,muscle,9.0,0.043,0.273,-0.917
262,muscle,10.0,-0.019,0.306,-0.868
262,muscle,11.0,-0.079,0.336,-0.83
262,muscle,12.0,-0.176,0.378,-0.787
262,muscle,13.0,-0.266,0.428,-0.733
262,muscle,14.0,-0.348,0.489,-0.662
262,muscle,15.0,-0.444,0.525,-0.608
262,muscle,16.0,-0.554,0.573,-0.528
262,muscle,17.0,-0.64,0.612,-0.469
262,muscle,18.0,-0.722,0.654,-0.421
262,muscle,19.0,-0.82,0.683,-0.371
262,muscle,20.0,-0.865,0.733,-0.33
262,muscle,21.0,-0.939,0.754,-0.29
262,muscle,22.0,-0.978,0.784,-0.262
262,muscle,23.0,-1.012,0.794,-0.238
262,muscle,24.0,-1.024,0.8,-0.232
263,notochord,6.0,-0.709,0.735,0.149
263,notochord,7.0,-0.717,0.734,0.151
263,notochord,8.0,-0.725,0.74,0.146
263,notochord,9.0,-0.746,0.748,0.134
263,notochord,10.0,-0.775,0.76,0.141
263,notochord,11.0,-0.813,0.743,0.125
263,notochord,12.0,-0.836,0.765,0.109
263,notochord,13.0,-0.88,0.773,0.106
263,notochord,14.0,-0.916,0.775,0.114
263,notochord,15.0,-0.961,0.814,0.103
263,notochord,16.0,-0.976,0.811,0.085
263,notochord,17.0,-1.049,0.813,0.099
263,notochord,18.0,-1.057,0.823,0.08
263,notochord,19.0,-1.109,0.836,0.06
263,notochord,20.0,-1.132,0.843,0.046
263,notochord,21.0,-1.161,0.854,0.06
263,notochord,22.0,-1.182,0.859,0.047
263,notochord,23.0,-1.197,0.859,0.046
263,notochord,24.0,-1.203,0.86,0.045
264,muscle,6.0,1.05,0.333,-0.209
264,muscle,7.0,1.042,0.338,-0.208
264,muscle,8.0,1.016,0.352,-0.195
264,muscle,9.0,0.989,0.36,-0.173
264,muscle,10.0,0.945,0.391,-0.156
264,muscle,11.0,0.91,0.413,-0.134
264,muscle,12.0,0.847,0.444,-0.111
264,muscle,13.0,0.781,0.487,-0.088
264,muscle,14.0,0.732,0.522,-0.054
264,muscle,15.0,0.652,0.551,-0.016
264,muscle,16.0,0.596,0.605,0.013
264,muscle,17.0,0.525,0.647,0.034
264,muscle,18.0,0.485,0.686,0.051
264,muscle,19.0,0.417,0.736,0.102
264,muscle,20.0,0.382,0.741,0.116
264,muscle,21.0,0.332,0.764,0.137
264,muscle,22.0,0.297,0.787,0.156
264,muscle,23.0,0.282,0.797,0.164
264,muscle,24.0,0.274,0.8,0.171
265,muscle,6.0,0.757,-0.144,-0.737
265,muscle,7.0,0.747,-0.136,-0.735
265,muscle,8.0,0.726,-0.113,-0.717
265,muscle,9.0,0.695,-0.075,-0.703
265,muscle,10.0,0.639,-0.036,-0.676
265,muscle,11.0,0.606,0.033,-0.661
265,muscle,12.0,0.559,0.087,-0.638
265,muscle,13.0,0.476,0.176,-0.594
265,muscle,14.0,0.414,0.269,-0.583
265,muscle,15.0,0.343,0.328,-0.545
265,muscle,16.0,0.251,0.405,-0.502
265,muscle,17.0,0.196,0.481,-0.475
265,muscle,18.0,0.153,0.555,-0.439
265,muscle,19.0,0.063,0.598,-0.43
265,muscle,20.0,0.029,0.682,-0.395
265,muscle,21.0,-0.023,0.721,-0.367
265,muscle,22.0,-0.058,0.766,-0.35
265,muscle,23.0,-0.068,0.795,-0.347
265,muscle,24.0,-0.079,0.8,-0.342
266,neural,6.0,0.349,0.699,-0.605
266,neural,7.0,0.34,0.701,-0.602
266,neural,8.0,0.319,0.709,-0.587
266,neural,9.0,0.278,0.726,-0.561
266,neural,10.0,0.213,0.726,-0.544
266,neural,11.0,0.135,0.744,-0.509
266,neural,12.0,0.057,0.76,-0.472
266,neural,13.0,-0.026,0.793,-0.442
266,neural,14.0,-0.094,0.802,-0.369
266,neural,15.0,-0.2,0.862,-0.331
266,neural,16.0,-0.287,0.869,-0.287
266,neural,17.0,-0.388,0.891,-0.227
266,neural,18.0,-0.46,0.907,-0.211
266,neural,19.0,-0.535,0.913,-0.165
266,neural,20.0,-0.62,0.945,-0.13
266,neural,21.0,-0.68,0.959,-0.113
266,neural,22.0,-0.719,0.965,-0.083
266,neural,23.0,-0.749,0.98,-0.07
266,neural,24.0,-0.757,0.98,-0.065
267,skin,6.0,0.775,0.7,0.051
267,skin,7.0,0.775,0.7,0.055
267,skin,8.0,0.78,0.694,0.075
267,skin,9.0,0.772,0.699,0.087
267,skin,10.0,0.77,0.696,0.12
267,skin,11.0,0.757,0.702,0.145
267,skin,12.0,0.761,0.695,0.164
267,skin,13.0,0.763,0.678,0.225
267,skin,14.0,0.722,0.693,0.269
267,skin,15.0,0.757,0.658,0.294
267,skin,16.0,0.725,0.668,0.329
267,skin,17.0,0.714,0.664,0.355
267,skin,18.0,0.718,0.634,0.407
267,skin,19.0,0.698,0.629,0.439
267,skin,20.0,0.686,0.617,0.472
267,skin,21.0,0.669,0.618,0.488
267,skin,22.0,0.661,0.606,0.513
267,skin,23.0,0.657,0.597,0.527
267,skin,24.0,0.655,0.595,0.532
268,neural,6.0,-0.378,0.655,0.646
268,neural,7.0,-0.382,0.656,0.639
268,neural,8.0,-0.387,0.668,0.628
268,neural,9.0,-0.389,0.673,0.593
268,neural,10.0,-0.425,0.694,0.576
268,neural,11.0,-0.44,0.711,0.539
268,neural,12.0,-0.454,0.754,0.509
268,neural,13.0,-0.466,0.781,0.444
268,neural,14.0,-0.506,0.808,0.383
268,neural,15.0,-0.522,0.8,0.343
268,neural,16.0,-0.554,0.844,0.259
268,neural,17.0,-0.557,0.88,0.229
268,neural,18.0,-0.598,0.894,0.178
268,neural,19.0,-0.617,0.902,0.153
268,neural,20.0,-0.648,0.94,0.106
268,neural,21.0,-0.65,0.953,0.077
268,neural,22.0,-0.657,0.968,0.053
268,neural,23.0,-0.667,0.977,0.034
268,neural,24.0,-0.67,0.98,0.029
269,neural,6.0,-1.139,-0.01,0.137
269,neural,7.0,-1.131,0.001,0.139
269,neural,8.0,-1.108,0.026,0.132
269,neural,9.0,-1.074,0.06,0.14
269,neural,10.0,-1.028,0.11,0.132
269,neural,11.0,-0.995,0.19,0.119
269,neural,12.0,-0.902,0.24,0.116
269,neural,13.0,-0.869,0.315,0.106
269,neural,14.0,-0.786,0.394,0.104
269,neural,15.0,-0.697,0.488,0.097
269,neural,16.0,-0.65,0.562,0.103
269,neural,17.0,-0.602,0.64,0.107
269,neural,18.0,-0.508,0.708,0.092
269,neural,19.0,-0.469,0.79,0.075
269,neural,20.0,-0.4,0.868,0.084
269,neural,21.0,-0.35,0.913,0.071
269,neural,22.0,-0.329,0.951,0.07
269,neural,23.0,-0.304,0.969,0.065
269,neural,24.0,-0.298,0.98,0.064
270,muscle,6.0,-1.032,0.39,-0.165
270,muscle,7.0,-1.022,0.389,-0.163
270,muscle,8.0,-1.004,0.402,-0.15
270,muscle,9.0,-0.975,0.42,-0.128
270,muscle,10.0,-0.934,0.441,-0.109
270,muscle,11.0,-0.874,0.463,-0.074
270,muscle,12.0,-0.815,0.494,-0.048
270,muscle,13.0,-0.749,0.532,-0.025
270,muscle,14.0,-0.676,0.564,0.017
270,muscle,15.0,-0.597,0.592,0.051
270,muscle,16.0,-0.533,0.629,0.084
270,muscle,17.0,-0.477,0.655,0.126
270,muscle,18.0,-0.417,0.697,0.127
270,muscle,19.0,-0.349,0.733,0.185
270,muscle,20.0,-0.309,0.756,0.221
270,muscle,21.0,-0.262,0.763,0.226
270,muscle,22.0,-0.221,0.793,0.24
270,muscle,23.0,-0.206,0.796,0.253
270,muscle,24.0,-0.198,0.8,0.254
271,skin,6.0,-0.269,0.225,0.943
271,skin,7.0,-0.268,0.234,0.941
271,skin,8.0,-0.269,0.244,0.938
271,skin,9.0,-0.26,0.276,0.93
271,skin,10.0,-0.248,0.311,0.92
271,skin,11.0,-0.244,0.373,0.895
271,skin,12.0,-0.225,0.46,0.853
271,skin,13.0,-0.214,0.571,0.777
271,skin,14.0,-0.155,0.738,0.616
271,skin,15.0,-0.027,0.87,0.4
271,skin,16.0,0.021,0.931,0.197
271,skin,17.0,0.119,0.936,-0.137
271,skin,18.0,0.185,0.893,-0.3
271,skin,19.0,0.2,0.821,-0.471
271,skin,20.0,0.253,0.76,-0.558
271,skin,21.0,0.25,0.723,-0.611
271,skin,22.0,0.256,0.697,-0.642
271,skin,23.0,0.263,0.671,-0.67
271,skin,24.0,0.266,0.666,-0.674
272,neural,6.0,-1.132,0.057,0.165
272,neural,7.0,-1.114,0.061,0.161
272,neural,8.0,-1.072,0.084,0.164
272,neural,9.0,-1.002,0.121,0.148
272,neural,10.0,-0.91,0.166,0.137
272,neural,11.0,-0.796,0.225,0.126
272,neural,12.0,-0.693,0.281,0.116
272,neural,13.0,-0.549,0.351,0.103
272,neural,14.0,-0.41,0.433,0.096
272,neural,15.0,-0.273,0.51,0.114
272,neural,16.0,-0.106,0.572,0.058
272,neural,17.0,0.028,0.683,0.055
272,neural,18.0,0.175,0.729,0.046
272,neural,19.0,0.297,0.808,0.024
272,neural,20.0,0.404,0.862,0.011
272,neural,21.0,0.486,0.903,0.002
272,neural,22.0,0.562,0.951,0.008
272,neural,23.0,0.607,0.973,0.003
272,neural,24.0,0.622,0.98,0.001
273,notochord,6.0,0.934,0.402,0.401
273,notochord,7.0,0.937,0.402,0.398
273,notochord,8.0,0.934,0.423,0.389
273,notochord,9.0,0.941,0.428,0.359
273,notochord,10.0,0.926,0.456,0.357
273,notochord,11.0,0.936,0.494,0.331
273,notochord,12.0,0.933,0.514,0.299
273,notochord,13.0,0.932,0.556,0.269
273,notochord,14.0,0.923,0.588,0.231
273,notochord,15.0,0.944,0.64,0.194
273,notochord,16.0,0.943,0.674,0.142
273,notochord,17.0,0.93,0.69,0.129
273,notochord,18.0,0.935,0.734,0.097
273,notochord,19.0,0.931,0.777,0.063
273,notochord,20.0,0.927,0.811,0.023
273,notochord,21.0,0.941,0.827,0.008
273,notochord,22.0,0.937,0.842,-0.005
273,notochord,23.0,0.927,0.857,-0.016
273,notochord,24.0,0.932,0.86,-0.019
274,skin,6.0,1.029,-0.249,-0.361
274,skin,7.0,1.027,-0.245,-0.368
274,skin,8.0,1.03,-0.218,-0.38
274,skin,9.0,1.033,-0.19,-0.391
274,skin,10.0,1.026,-0.154,-0.422
274,skin,11.0,1.017,-0.098,-0.455
274,skin,12.0,1.009,-0.049,-0.477
274,skin,13.0,0.994,0.03,-0.502
274,skin,14.0,0.981,0.074,-0.516
274,skin,15.0,0.937,0.145,-0.56
274,skin,16.0,0.909,0.201,-0.575
274,skin,17.0,0.877,0.277,-0.578
274,skin,18.0,0.841,0.321,-0.593
274,skin,19.0,0.807,0.363,-0.601
274,skin,20.0,0.774,0.401,-0.608
274,skin,21.0,0.739,0.435,-0.614
274,skin,22.0,0.728,0.448,-0.614
274,skin,23.0,0.71,0.464,-0.616
274,skin,24.0,0.708,0.466,-0.616
275,neural,6.0,1.011,0.439,-0.117
275,neural,7.0,1.011,0.443,-0.115
275,neural,8.0,1.013,0.456,-0.106
275,neural,9.0,1.001,0.482,-0.102
275,neural,10.0,1.011,0.504,-0.105
275,neural,11.0,0.974,0.531,-0.087
275,neural,12.0,0.987,0.571,-0.079
275,neural,13.0,0.95,0.619,-0.046
275,neural,14.0,0.966,0.668,-0.039
275,neural,15.0,0.927,0.711,-0.029
275,neural,16.0,0.956,0.745,-0.023
275,neural,17.0,0.926,0.793,-0.003
275,neural,18.0,0.91,0.83,-0.001
275,neural,19.0,0.894,0.887,0.013
275,neural,20.0,0.9,0.917,0.019
275,neural,21.0,0.889,0.946,0.029
275,neural,22.0,0.879,0.959,0.033
275,neural,23.0,0.879,0.975,0.038
275,neural,24.0,0.881,0.98,0.041
276,skin,6.0,0.563,0.468,0.719
276,skin,7.0,0.562,0.473,0.716
276,skin,8.0,0.546,0.493,0.71
276,skin,9.0,0.511,0.54,0.693
276,skin,10.0,0.455,0.605,0.662
276,skin,11.0,0.385,0.665,0.63
276,skin,12.0,0.283,0.751,0.561
276,skin,13.0,0.146,0.845,0.44
276,skin,14.0,-0.056,0.915,0.265
276,skin,15.0,-0.312,0.91,0.088
276,skin,16.0,-0.462,0.866,-0.092
276,skin,17.0,-0.587,0.778,-0.263
276,skin,18.0,-0.678,0.696,-0.341
276,skin,19.0,-0.713,0.617,-0.44
276,skin,20.0,-0.748,0.561,-0.478
276,skin,21.0,-0.753,0.529,-0.512
276,skin,22.0,-0.757,0.508,-0.53
276,skin,23.0,-0.764,0.485,-0.546
276,skin,24.0,-0.767,0.48,-0.547
277,muscle,6.0,0.39,0.336,0.872
277,muscle,7.0,0.383,0.34,0.869
277,muscle,8.0,0.366,0.351,0.856
277,muscle,9.0,0.341,0.373,0.835
277,muscle,10.0,0.32,0.387,0.813
277,muscle,11.0,0.255,0.419,0.749
277,muscle,12.0,0.209,0.472,0.71
277,muscle,13.0,0.159,0.496,0.666
277,muscle,14.0,0.103,0.534,0.611
277,muscle,15.0,0.049,0.564,0.572
277,muscle,16.0,0.006,0.595,0.511
277,muscle,17.0,-0.055,0.655,0.44
277,muscle,18.0,-0.109,0.688,0.395
277,muscle,19.0,-0.149,0.729,0.37
277,muscle,20.0,-0.186,0.739,0.327
277,muscle,21.0,-0.217,0.752,0.278
277,muscle,22.0,-0.249,0.788,0.274
277,muscle,23.0,-0.263,0.797,0.248
277,muscle,24.0,-0.272,0.8,0.244
278,muscle,6.0,-0.463,0.633,-0.628
278,muscle,7.0,-0.461,0.637,-0.625
278,muscle,8.0,-0.472,0.637,-0.613
278,muscle,9.0,-0.471,0.643,-0.605
278,muscle,10.0,-0.492,0.635,-0.583
278,muscle,11.0,-0.504,0.667,-0.59
278,muscle,12.0,-0.491,0.685,-0.557
278,muscle,13.0,-0.532,0.71,-0.53
278,muscle,14.0,-0.543,0.699,-0.513
278,muscle,15.0,-0.533,0.737,-0.493
278,muscle,16.0,-0.557,0.749,-0.47
278,muscle,17.0,-0.563,0.739,-0.444
278,muscle,18.0,-0.593,0.773,-0.43
278,muscle,19.0,-0.609,0.78,-0.394
278,muscle,20.0,-0.622,0.782,-0.388
278,muscle,21.0,-0.627,0.793,-0.353
278,muscle,22.0,-0.625,0.797,-0.351
278,muscle,23.0,-0.636,0.802,-0.351
278,muscle,24.0,-0.634,0.8,-0.344
279,neural,6.0,-1.127,0.12,0.156
279,neural,7.0,-1.123,0.127,0.155
279,neural,8.0,-1.12,0.15,0.139
279,neural,9.0,-1.096,0.196,0.143
279,neural,10.0,-1.072,0.211,0.135
279,neural,11.0,-1.059,0.287,0.117
279,neural,12.0,-1.032,0.351,0.106
279,neural,13.0,-0.999,0.414,0.123
279,neural,14.0,-0.965,0.488,0.094
279,neural,15.0,-0.907,0.538,0.06
279,neural,16.0,-0.871,0.634,0.048
279,neural,17.0,-0.865,0.7,0.038
279,neural,18.0,-0.816,0.758,0.023
279,neural,19.0,-0.802,0.812,-0.001
279,neural,20.0,-0.756,0.853,0.01
279,neural,21.0,-0.76,0.912,-0.007
279,neural,22.0,-0.726,0.942,-0.009
279,neural,23.0,-0.717,0.975,-0.019
279,neural,24.0,-0.716,0.98,-0.021
280,muscle,6.0,1.031,0.378,-0.194
280,muscle,7.0,1.018,0.383,-0.19
280,muscle,8.0,0.972,0.396,-0.182
280,muscle,9.0,0.928,0.408,-0.167
280,muscle,10.0,0.826,0.422,-0.151
280,muscle,11.0,0.739,0.458,-0.121
280,muscle,12.0,0.617,0.484,-0.089
280,muscle,13.0,0.505,0.518,-0.093
280,muscle,14.0,0.408,0.563,-0.076
280,muscle,15.0,0.279,0.587,-0.028
280,muscle,16.0,0.147,0.61,0.011
280,muscle,17.0,0.015,0.659,0.033
280,muscle,18.0,-0.11,0.683,0.068
280,muscle,19.0,-0.21,0.735,0.095
280,muscle,20.0,-0.299,0.749,0.128
280,muscle,21.0,-0.371,0.757,0.126
280,muscle,22.0,-0.443,0.779,0.153
280,muscle,23.0,-0.478,0.796,0.152
280,muscle,24.0,-0.493,0.8,0.155
281,notochord,6.0,0.733,0.317,0.695
281,notochord,7.0,0.733,0.321,0.689
281,notochord,8.0,0.727,0.348,0.67
281,notochord,9.0,0.72,0.355,0.653
281,notochord,10.0,0.718,0.379,0.61
281,notochord,11.0,0.709,0.437,0.567
281,notochord,12.0,0.681,0.476,0.523
281,notochord,13.0,0.69,0.515,0.48
281,notochord,14.0,0.651,0.541,0.432
281,notochord,15.0,0.635,0.597,0.343
281,notochord,16.0,0.628,0.652,0.313
281,notochord,17.0,0.635,0.672,0.258
281,notochord,18.0,0.582,0.715,0.202
281,notochord,19.0,0.579,0.749,0.147
281,notochord,20.0,0.585,0.798,0.112
281,notochord,21.0,0.573,0.817,0.079
281,notochord,22.0,0.567,0.837,0.057
281,notochord,23.0,0.564,0.856,0.03
281,notochord,24.0,0.563,0.86,0.027
282,muscle,6.0,-0.987,-0.061,-0.509
282,muscle,7.0,-0.979,-0.057,-0.506
282,muscle,8.0,-0.956,-0.031,-0.498
282,muscle,9.0,-0.916,-0.017,-0.507
282,muscle,10.0,-0.848,0.04,-0.485
282,muscle,11.0,-0.799,0.097,-0.494
282,muscle,12.0,-0.718,0.167,-0.452
282,muscle,13.0,-0.654,0.214,-0.46
282,muscle,14.0,-0.572,0.275,-0.437
282,muscle,15.0,-0.529,0.37,-0.436
282,muscle,16.0,-0.407,0.435,-0.412
282,muscle,17.0,-0.332,0.512,-0.416
282,muscle,18.0,-0.239,0.566,-0.397
282,muscle,19.0,-0.17,0.641,-0.388
282,muscle,20.0,-0.114,0.687,-0.37
282,muscle,21.0,-0.068,0.73,-0.361
282,muscle,22.0,-0.021,0.774,-0.352
282,muscle,23.0,0.001,0.791,-0.352
282,muscle,24.0,0.008,0.8,-0.349
283,muscle,6.0,0.648,0.733,0.295
283,muscle,7.0,0.643,0.731,0.296
283,muscle,8.0,0.641,0.735,0.283
283,muscle,9.0,0.636,0.733,0.286
283,muscle,10.0,0.61,0.735,0.277
283,muscle,11.0,0.608,0.752,0.268
283,muscle,12.0,0.59,0.75,0.266
283,muscle,13.0,0.554,0.757,0.25
283,muscle,14.0,0.533,0.762,0.249
283,muscle,15.0,0.509,0.767,0.254
283,muscle,16.0,0.477,0.768,0.217
283,muscle,17.0,0.446,0.785,0.221
283,muscle,18.0,0.451,0.782,0.207
283,muscle,19.0,0.43,0.792,0.202
283,muscle,20.0,0.398,0.789,0.188
283,muscle,21.0,0.386,0.793,0.189
283,muscle,22.0,0.378,0.789,0.178
283,muscle,23.0,0.371,0.798,0.181
283,muscle,24.0,0.369,0.8,0.178
284,notochord,6.0,-0.652,0.588,-0.544
284,notochord,7.0,-0.653,0.591,-0.539
284,notochord,8.0,-0.633,0.598,-0.527
284,notochord,9.0,-0.607,0.594,-0.507
284,notochord,10.0,-0.576,0.634,-0.473
284,notochord,11.0,-0.542,0.643,-0.458
284,notochord,12.0,-0.528,0.675,-0.403
284,notochord,13.0,-0.479,0.681,-0.366
284,notochord,14.0,-0.427,0.699,-0.329
284,notochord,15.0,-0.395,0.735,-0.267
284,notochord,16.0,-0.331,0.752,-0.251
284,notochord,17.0,-0.29,0.746,-0.18
284,notochord,18.0,-0.267,0.775,-0.153
284,notochord,19.0,-0.223,0.809,-0.116
284,notochord,20.0,-0.179,0.824,-0.071
284,notochord,21.0,-0.163,0.837,-0.041
284,notochord,22.0,-0.139,0.852,-0.024
284,notochord,23.0,-0.128,0.859,-0.007
284,notochord,24.0,-0.123,0.86,-0.003
285,neural,6.0,0.806,0.422,-0.558
285,neural,7.0,0.803,0.43,-0.555
285,neural,8.0,0.812,0.436,-0.541
285,neural,9.0,0.803,0.461,-0.529
285,neural,10.0,0.808,0.496,-0.492
285,neural,11.0,0.8,0.529,-0.481
285,neural,12.0,0.789,0.562,-0.45
285,neural,13.0,0.8,0.606,-0.408
285,neural,14.0,0.796,0.648,-0.393
285,neural,15.0,0.831,0.697,-0.351
285,neural,16.0,0.793,0.754,-0.306
285,neural,17.0,0.804,0.794,-0.268
285,neural,18.0,0.794,0.821,-0.24
285,neural,19.0,0.798,0.878,-0.214
285,neural,20.0,0.808,0.914,-0.185
285,neural,21.0,0.791,0.942,-0.162
285,neural,22.0,0.796,0.959,-0.149
285,neural,23.0,0.794,0.977,-0.137
285,neural,24.0,0.795,0.98,-0.133
286,notochord,6.0,0.523,0.727,0.456
286,notochord,7.0,0.522,0.729,0.454
286,notochord,8.0,0.526,0.739,0.435
286,notochord,9.0,0.517,0.722,0.424
286,notochord,10.0,0.516,0.747,0.396
286,notochord,11.0,0.494,0.75,0.363
286,notochord,12.0,0.496,0.759,0.329
286,notochord,13.0,0.48,0.783,0.294
286,notochord,14.0,0.48,0.753,0.269
286,notochord,15.0,0.465,0.805,0.225
286,notochord,16.0,0.467,0.821,0.175
286,notochord,17.0,0.453,0.838,0.143
286,notochord,18.0,0.45,0.823,0.085
286,notochord,19.0,0.444,0.835,0.08
286,notochord,20.0,0.423,0.854,0.049
286,notochord,21.0,0.429,0.856,0.021
286,notochord,22.0,0.429,0.855,0.009
286,notochord,23.0,0.417,0.859,-0.007
286,notochord,24.0,0.417,0.86,-0.01
287,skin,6.0,1.147,0.065,0.024
287,skin,7.0,1.147,0.07,0.019
287,skin,8.0,1.145,0.088,0.001
287,skin,9.0,1.142,0.112,-0.011
287,skin,10.0,1.131,0.165,-0.059
287,skin,11.0,1.106,0.242,-0.102
287,skin,12.0,1.06,0.325,-0.181
287,skin,13.0,0.898,0.51,-0.319
287,skin,14.0,0.648,0.645,-0.47
287,skin,15.0,0.145,0.756,-0.592
287,skin,16.0,-0.187,0.75,-0.592
287,skin,17.0,-0.496,0.672,-0.56
287,skin,18.0,-0.653,0.619,-0.503
287,skin,19.0,-0.739,0.562,-0.487
287,skin,20.0,-0.778,0.542,-0.465
287,skin,21.0,-0.835,0.502,-0.441
287,skin,22.0,-0.852,0.489,-0.432
287,skin,23.0,-0.866,0.475,-0.427
287,skin,24.0,-0.868,0.474,-0.425
288,notochord,6.0,0.071,0.334,0.934
288,notochord,7.0,0.075,0.339,0.927
288,notochord,8.0,0.085,0.344,0.901
288,notochord,9.0,0.088,0.37,0.864
288,notochord,10.0,0.126,0.41,0.82
288,notochord,11.0,0.143,0.438,0.779
288,notochord,12.0,0.164,0.454,0.686
288,notochord,13.0,0.195,0.512,0.625
288,notochord,14.0,0.226,0.546,0.529
288,notochord,15.0,0.279,0.597,0.454
288,notochord,16.0,0.281,0.636,0.351
288,notochord,17.0,0.328,0.677,0.306
288,notochord,18.0,0.355,0.732,0.255
288,notochord,19.0,0.363,0.766,0.17
288,notochord,20.0,0.384,0.793,0.107
288,notochord,21.0,0.397,0.826,0.058
288,notochord,22.0,0.424,0.842,0.03
288,notochord,23.0,0.434,0.856,0.001
288,notochord,24.0,0.436,0.86,-0.008
289,neural,6.0,-0.433,0.078,-0.923
289,neural,7.0,-0.441,0.086,-0.912
289,neural,8.0,-0.459,0.113,-0.894
289,neural,9.0,-0.5,0.148,-0.851
289,neural,10.0,-0.546,0.192,-0.795
289,neural,11.0,-0.589,0.251,-0.752
289,neural,12.0,-0.653,0.297,-0.672
289,neural,13.0,-0.723,0.375,-0.59
289,neural,14.0,-0.775,0.445,-0.499
289,neural,15.0,-0.885,0.531,-0.433
289,neural,16.0,-0.932,0.588,-0.331
289,neural,17.0,-0.986,0.696,-0.248
289,neural,18.0,-1.047,0.753,-0.195
289,neural,19.0,-1.12,0.808,-0.121
289,neural,20.0,-1.16,0.854,-0.059
289,neural,21.0,-1.214,0.915,-0.003
289,neural,22.0,-1.253,0.955,0.036
289,neural,23.0,-1.271,0.975,0.059
289,neural,24.0,-1.277,0.98,0.067
290,neural,6.0,-1.13,0.114,0.144
290,neural,7.0,-1.114,0.126,0.142
290,neural,8.0,-1.082,0.141,0.134
290,neural,9.0,-1.037,0.173,0.129
290,neural,10.0,-0.963,0.24,0.113
290,neural,11.0,-0.849,0.278,0.111
290,neural,12.0,-0.745,0.333,0.08
290,neural,13.0,-0.638,0.394,0.046
290,neural,14.0,-0.531,0.486,0.057
290,neural,15.0,-0.413,0.544,0.009
290,neural,16.0,-0.298,0.608,0.015
290,neural,17.0,-0.181,0.687,-0.021
290,neural,18.0,-0.054,0.752,-0.034
290,neural,19.0,0.042,0.829,-0.065
290,neural,20.0,0.123,0.881,-0.059
290,neural,21.0,0.201,0.906,-0.081
290,neural,22.0,0.256,0.946,-0.092
290,neural,23.0,0.291,0.972,-0.101
290,neural,24.0,0.305,0.98,-0.103
291,muscle,6.0,-0.781,0.232,0.692
291,muscle,7.0,-0.765,0.24,0.686
291,muscle,8.0,-0.723,0.252,0.681
291,muscle,9.0,-0.661,0.263,0.665
291,muscle,10.0,-0.567,0.304,0.634
291,muscle,11.0,-0.463,0.333,0.614
291,muscle,12.0,-0.338,0.385,0.576
291,muscle,13.0,-0.191,0.424,0.561
291,muscle,14.0,-0.079,0.462,0.535
291,muscle,15.0,0.064,0.545,0.487
291,muscle,16.0,0.234,0.558,0.479
291,muscle,17.0,0.358,0.618,0.436
291,muscle,18.0,0.489,0.657,0.415
291,muscle,19.0,0.601,0.688,0.376
291,muscle,20.0,0.712,0.739,0.348
291,muscle,21.0,0.799,0.755,0.321
291,muscle,22.0,0.862,0.784,0.312
291,muscle,23.0,0.905,0.796,0.305
291,muscle,24.0,0.924,0.8,0.301
292,muscle,6.0,-0.616,-0.179,-0.823
292,muscle,7.0,-0.603,-0.17,-0.817
292,muscle,8.0,-0.561,-0.143,-0.787
292,muscle,9.0,-0.496,-0.105,-0.742
292,muscle,10.0,-0.417,-0.062,-0.688
292,muscle,11.0,-0.329,0.012,-0.639
292,muscle,12.0,-0.236,0.052,-0.526
292,muscle,13.0,-0.107,0.142,-0.472
292,muscle,14.0,0.008,0.236,-0.376
292,muscle,15.0,0.137,0.332,-0.28
292,muscle,16.0,0.235,0.4,-0.173
292,muscle,17.0,0.378,0.441,-0.101
292,muscle,18.0,0.498,0.556,-0.015
292,muscle,19.0,0.581,0.627,0.056
292,muscle,20.0,0.687,0.685,0.097
292,muscle,21.0,0.789,0.72,0.163
292,muscle,22.0,0.828,0.766,0.213
292,muscle,23.0,0.867,0.79,0.234
292,muscle,24.0,0.883,0.8,0.248
293,muscle,6.0,0.987,-0.219,0.458
293,muscle,7.0,0.984,-0.211,0.458
293,muscle,8.0,0.983,-0.184,0.458
293,muscle,9.0,0.99,-0.147,0.451
293,muscle,10.0,0.986,-0.098,0.43
293,muscle,11.0,0.981,-0.02,0.428
293,muscle,12.0,0.988,0.055,0.419
293,muscle,13.0,0.992,0.13,0.399
293,muscle,14.0,0.994,0.192,0.367
293,muscle,15.0,0.975,0.272,0.38
293,muscle,16.0,0.991,0.392,0.367
293,muscle,17.0,1.014,0.448,0.353
293,muscle,18.0,1.006,0.523,0.31
293,muscle,19.0,0.998,0.628,0.346
293,muscle,20.0,0.993,0.668,0.32
293,muscle,21.0,0.989,0.728,0.3
293,muscle,22.0,0.995,0.764,0.297
293,muscle,23.0,0.997,0.79,0.292
293,muscle,24.0,0.999,0.8,0.292
294,muscle,6.0,-1.144,-0.1,0.01
294,muscle,7.0,-1.126,-0.09,0.015
294,muscle,8.0,-1.069,-0.064,0.024
294,muscle,9.0,-0.983,-0.032,0.03
294,muscle,10.0,-0.87,0.016,0.05
294,muscle,11.0,-0.749,0.071,0.072
294,muscle,12.0,-0.595,0.135,0.079
294,muscle,13.0,-0.459,0.214,0.101
294,muscle,14.0,-0.264,0.274,0.128
294,muscle,15.0,-0.108,0.349,0.144
294,muscle,16.0,0.076,0.416,0.165
294,muscle,17.0,0.241,0.496,0.221
294,muscle,18.0,0.421,0.564,0.204
294,muscle,19.0,0.559,0.609,0.225
294,muscle,20.0,0.691,0.676,0.252
294,muscle,21.0,0.802,0.726,0.252
294,muscle,22.0,0.89,0.766,0.272
294,muscle,23.0,0.943,0.794,0.276
294,muscle,24.0,0.96,0.8,0.28
295,notochord,6.0,1.099,0.273,0.07
295,notochord,7.0,1.097,0.276,0.062
295,notochord,8.0,1.084,0.293,0.065
295,notochord,9.0,1.073,0.315,0.063
295,notochord,10.0,1.06,0.339,0.068
295,notochord,11.0,1.037,0.39,0.048
295,notochord,12.0,1.01,0.421,0.03
295,notochord,13.0,0.99,0.45,0.062
295,notochord,14.0,0.975,0.521,0.02
295,notochord,15.0,0.931,0.565,0.015
295,notochord,16.0,0.94,0.636,0.013
295,notochord,17.0,0.895,0.656,0.004
295,notochord,18.0,0.866,0.72,-0.003
295,notochord,19.0,0.863,0.75,-0.021
295,notochord,20.0,0.843,0.789,-0.006
295,notochord,21.0,0.825,0.82,-0.021
295,notochord,22.0,0.81,0.84,-0.025
295,notochord,23.0,0.806,0.86,-0.03
295,notochord,24.0,0.801,0.86,-0.029
296,muscle,6.0,-0.289,0.036,0.967
296,muscle,7.0,-0.28,0.044,0.961
296,muscle,8.0,-0.256,0.058,0.943
296,muscle,9.0,-0.211,0.095,0.901
296,muscle,10.0,-0.159,0.126,0.881
296,muscle,11.0,-0.104,0.177,0.814
296,muscle,12.0,-0.021,0.226,0.777
296,muscle,13.0,0.049,0.287,0.704
296,muscle,14.0,0.122,0.362,0.677
296,muscle,15.0,0.197,0.437,0.604
296,muscle,16.0,0.282,0.492,0.537
296,muscle,17.0,0.356,0.525,0.499
296,muscle,18.0,0.422,0.581,0.441
296,muscle,19.0,0.533,0.661,0.381
296,muscle,20.0,0.586,0.706,0.328
296,muscle,21.0,0.627,0.742,0.311
296,muscle,22.0,0.679,0.773,0.264
296,muscle,23.0,0.698,0.791,0.251
296,muscle,24.0,0.706,0.8,0.244
297,muscle,6.0,0.986,0.337,0.373
297,muscle,7.0,0.978,0.338,0.368
297,muscle,8.0,0.965,0.353,0.351
297,muscle,9.0,0.939,0.369,0.323
297,muscle,10.0,0.903,0.374,0.293
297,muscle,11.0,0.866,0.419,0.249
297,muscle,12.0,0.841,0.458,0.2
297,muscle,13.0,0.779,0.49,0.129
297,muscle,14.0,0.736,0.535,0.085
297,muscle,15.0,0.683,0.574,0.043
297,muscle,16.0,0.619,0.598,-0.008
297,muscle,17.0,0.573,0.654,-0.091
297,muscle,18.0,0.533,0.671,-0.121
297,muscle,19.0,0.507,0.717,-0.161
297,muscle,20.0,0.442,0.747,-0.228
297,muscle,21.0,0.415,0.768,-0.26
297,muscle,22.0,0.388,0.776,-0.282
297,muscle,23.0,0.374,0.793,-0.299
297,muscle,24.0,0.371,0.8,-0.306
298,notochord,6.0,-0.92,0.408,0.418
298,notochord,7.0,-0.916,0.413,0.417
298,notochord,8.0,-0.906,0.42,0.407
298,notochord,9.0,-0.89,0.438,0.401
298,notochord,10.0,-0.857,0.465,0.351
298,notochord,11.0,-0.834,0.497,0.33
298,notochord,12.0,-0.807,0.522,0.301
298,notochord,13.0,-0.788,0.558,0.272
298,notochord,14.0,-0.74,0.602,0.246
298,notochord,15.0,-0.718,0.635,0.205
298,notochord,16.0,-0.704,0.671,0.173
298,notochord,17.0,-0.66,0.725,0.116
298,notochord,18.0,-0.613,0.742,0.084
298,notochord,19.0,-0.592,0.771,0.063
298,notochord,20.0,-0.566,0.792,0.056
298,notochord,21.0,-0.539,0.821,0.018
298,notochord,22.0,-0.523,0.841,0.001
298,notochord,23.0,-0.519,0.856,-0.015
298,notochord,24.0,-0.517,0.86,-0.018
299,neural,6.0,1.132,0.005,-0.176
299,neural,7.0,1.13,0.014,-0.176
299,neural,8.0,1.123,0.043,-0.177
299,neural,9.0,1.104,0.072,-0.169
299,neural,10.0,1.089,0.13,-0.17
299,neural,11.0,1.072,0.173,-0.164
299,neural,12.0,1.035,0.252,-0.162
299,neural,13.0,1.022,0.352,-0.176
299,neural,14.0,0.984,0.418,-0.168
299,neural,15.0,0.968,0.488,-0.165
299,neural,16.0,0.91,0.583,-0.144
299,neural,17.0,0.925,0.659,-0.166
299,neural,18.0,0.881,0.734,-0.153
299,neural,19.0,0.857,0.814,-0.143
299,neural,20.0,0.831,0.854,-0.144
299,neural,21.0,0.811,0.914,-0.14
299,neural,22.0,0.804,0.943,-0.142
299,neural,23.0,0.796,0.968,-0.141
299,neural,24.0,0.791,0.98,-0.14
