id,cluster,umap_1,umap_2,x_um,y_um,pseudotime
0,KRT8+ transitional,0.273,3.448,1081.2,455.1,0.584
1,Endothelial,7.179,-6.771,1098.7,152.8,
2,Fibroblast,0.291,-4.071,1114.4,539.6,
3,AT1,5.623,1.747,1302.0,711.0,0.879
4,AT1,5.422,0.860,563.0,648.4,0.957
5,Endothelial,8.305,-7.371,715.0,541.1,
6,Macrophage,-0.361,-6.941,1108.8,496.7,
7,Fibroblast,4.995,-2.736,343.0,563.1,
8,AT2,-4.289,4.437,1124.1,459.4,0.385
9,Fibroblast,3.331,-4.204,1270.3,308.4,
10,AT2,-8.570,2.024,1015.2,631.5,0.029
11,AT1,2.614,2.819,1556.6,553.0,0.712
12,Endothelial,6.780,-4.917,558.1,235.8,
13,Endothelial,10.381,-7.880,1373.4,276.5,
14,Fibroblast,2.536,-4.425,162.8,88.7,
15,AT2,-6.321,2.018,833.7,812.3,0.172
16,AT1,2.225,4.476,709.0,578.8,0.642
17,Endothelial,8.905,-5.897,1084.9,478.8,
18,AT1,4.698,1.662,1469.4,844.7,0.867
19,Basal,-10.077,-1.850,74.5,519.0,
20,AT2,-5.159,3.975,22.7,270.3,0.325
21,AT1,2.433,3.074,1039.4,732.8,0.682
22,Endothelial,9.702,-5.534,675.2,82.9,
23,KRT8+ transitional,-2.968,2.619,1089.1,470.8,0.421
24,AT1,5.177,3.501,763.8,337.1,0.802
25,Endothelial,10.001,-4.730,78.6,361.3,
26,KRT8+ transitional,-0.054,3.645,1069.6,474.5,0.575
27,Ciliated,-6.698,-7.937,342.7,558.1,
28,AT1,3.296,0.361,95.1,196.2,0.867
29,Endothelial,10.288,-5.409,399.1,267.6,
30,Fibroblast,2.738,-4.314,1081.3,483.2,
31,Ciliated,-5.217,-5.870,402.7,369.1,
32,AT1,3.221,0.775,653.9,258.7,0.878
33,Ciliated,-6.359,-7.084,149.3,558.8,
34,Basal,-7.967,-3.099,320.6,321.1,
35,AT2,-7.474,2.181,1268.8,855.4,0.136
36,AT1,4.502,5.196,1190.2,719.8,0.717
37,AT2,-4.640,3.589,349.1,810.0,0.344
38,Fibroblast,1.186,-3.682,1036.2,679.2,
39,AT1,1.367,2.556,28.0,800.0,0.648
40,AT2,-5.028,5.963,616.7,173.1,0.368
41,AT1,1.279,2.427,325.0,760.6,0.679
42,Endothelial,9.400,-4.861,797.7,440.7,
43,AT2,-4.467,3.554,1202.5,475.4,0.370
44,KRT8+ transitional,-3.458,3.354,1177.3,305.9,0.419
45,KRT8+ transitional,-0.752,3.157,1018.0,506.3,0.556
46,Fibroblast,5.696,-3.189,1006.2,460.1,
47,AT2,-9.260,2.318,1084.0,477.0,0.048
48,KRT8+ transitional,-1.071,3.274,1085.6,484.2,0.530
49,Fibroblast,-0.561,-4.814,580.3,602.3,
50,Ciliated,-6.628,-7.341,78.9,510.4,
51,AT2,-7.219,1.953,791.7,856.0,0.092
52,AT1,4.700,0.582,253.4,54.3,0.963
53,AT2,-7.721,1.606,1191.2,343.3,0.033
54,Ciliated,-7.084,-6.144,157.8,334.9,
55,AT2,-7.550,3.692,457.7,698.5,0.212
56,AT1,0.814,3.043,79.2,816.4,0.630
57,Endothelial,8.046,-6.241,288.5,748.6,
58,AT1,1.549,4.734,606.6,160.4,0.630
59,AT2,-5.675,2.624,113.2,595.0,0.272
60,Endothelial,6.620,-5.677,1505.9,69.3,
61,KRT8+ transitional,-3.567,3.427,1008.8,369.1,0.408
62,AT1,6.438,0.966,822.1,257.0,0.981
63,Basal,-7.747,-3.809,439.7,517.8,
64,Endothelial,7.455,-4.841,339.4,252.1,
65,Macrophage,-3.669,-5.164,1042.6,425.1,
66,KRT8+ transitional,-3.645,4.197,998.5,518.6,0.407
67,Endothelial,7.923,-5.548,909.4,477.0,
68,AT2,-9.271,2.330,1327.6,667.6,0.055
69,Macrophage,-3.259,-7.095,1034.4,468.7,
70,Fibroblast,0.874,-2.783,986.1,566.0,
71,Basal,-10.425,-2.950,201.3,314.6,
72,Endothelial,9.276,-6.859,1108.6,122.1,
73,AT2,-8.627,2.702,916.0,101.1,0.123
74,AT2,-8.244,3.055,720.0,510.5,0.145
75,Macrophage,-0.962,-7.854,1096.6,482.3,
76,Fibroblast,3.751,-4.376,1025.9,292.3,
77,Endothelial,10.565,-5.893,506.3,323.0,
78,Endothelial,8.718,-5.358,325.5,273.6,
79,KRT8+ transitional,-1.676,2.964,1134.1,497.3,0.483
80,Macrophage,-3.454,-8.220,923.4,544.5,
81,KRT8+ transitional,-0.404,2.953,1153.8,419.4,0.562
82,AT1,3.046,2.126,1002.5,44.2,0.755
83,Fibroblast,1.458,-5.554,1592.1,697.2,
84,AT2,-6.202,1.979,966.6,868.5,0.217
85,KRT8+ transitional,-0.626,2.478,1183.2,440.8,0.560
86,AT2,-6.817,2.620,600.7,837.6,0.199
87,KRT8+ transitional,-2.158,4.291,1101.4,395.6,0.471
88,Endothelial,8.076,-4.855,30.0,487.4,
89,AT1,3.764,3.290,548.5,495.1,0.752
90,KRT8+ transitional,-0.080,3.165,1113.9,438.4,0.585
91,Basal,-8.264,-3.674,76.7,526.5,
92,AT2,-6.907,3.457,525.5,514.0,0.239
93,AT2,-4.121,3.414,1184.6,637.2,0.373
94,KRT8+ transitional,-1.110,3.307,990.6,555.7,0.528
95,Fibroblast,0.853,-3.471,1141.6,331.5,
96,Basal,-8.367,-1.945,113.7,347.0,
97,Basal,-8.660,-2.636,40.1,430.2,
98,Fibroblast,-1.253,-5.040,1077.9,472.5,
99,AT1,3.733,1.915,1038.1,735.7,0.782
100,AT1,6.156,0.839,177.6,724.2,0.954
101,Fibroblast,3.948,-4.886,1113.9,467.0,
102,AT2,-4.859,3.355,1600.0,632.7,0.328
103,AT1,4.389,1.395,1433.7,126.6,0.859
104,AT2,-8.287,2.523,510.2,253.0,0.156
105,AT1,2.218,1.997,956.4,517.8,0.721
106,KRT8+ transitional,-1.918,3.201,1158.2,574.5,0.477
107,Endothelial,10.848,-5.245,158.4,837.3,
108,Macrophage,-2.890,-7.589,1063.5,743.3,
109,Basal,-7.353,-3.666,121.9,339.2,
110,Endothelial,9.839,-6.042,1407.5,863.4,
111,Endothelial,10.137,-6.019,563.5,864.7,
112,Fibroblast,5.429,-3.212,1035.1,529.3,
113,KRT8+ transitional,-1.987,2.961,1044.4,495.5,0.475
114,Basal,-7.008,-2.824,53.0,462.5,
115,Macrophage,-2.647,-6.521,1101.4,519.4,
116,Fibroblast,2.747,-3.507,1133.1,473.2,
117,Macrophage,-1.583,-7.045,1145.4,411.2,
118,AT1,2.029,3.677,147.7,165.2,0.675
119,Macrophage,-4.028,-7.308,429.3,614.6,
120,Fibroblast,-0.437,-6.024,1067.9,443.6,
121,Endothelial,6.067,-5.206,1482.0,730.2,
122,Endothelial,6.303,-4.784,195.8,654.4,
123,AT2,-7.671,3.189,876.8,114.1,0.185
124,Fibroblast,3.345,-3.037,487.0,17.3,
125,AT2,-3.542,3.075,1370.8,742.1,0.391
126,Ciliated,-5.411,-5.492,68.7,404.8,
127,Macrophage,-2.951,-5.985,1132.8,559.0,
128,Macrophage,-1.441,-7.865,646.1,158.5,
129,AT1,4.627,0.506,23.3,259.8,0.937
130,AT2,-5.873,3.044,1459.5,596.2,0.262
131,Basal,-8.874,-4.494,212.7,323.3,
132,Endothelial,9.851,-5.463,450.7,330.5,
133,KRT8+ transitional,-2.823,3.998,1086.4,467.4,0.445
134,AT1,0.553,1.862,859.5,633.0,0.617
135,AT2,-4.414,5.317,263.1,205.1,0.396
136,Endothelial,9.028,-5.133,14.9,369.3,
137,Macrophage,-1.103,-6.662,479.0,511.9,
138,AT2,-8.391,2.126,1071.3,521.4,0.113
139,Basal,-8.039,-3.706,437.1,518.4,
140,AT1,4.767,0.591,1316.8,409.6,0.962
141,AT2,-10.100,2.056,250.4,54.1,0.006
142,AT1,3.546,1.734,529.9,573.1,0.826
143,AT1,3.749,3.460,787.8,844.0,0.751
144,KRT8+ transitional,-1.093,3.895,1035.5,477.1,0.521
145,Endothelial,12.579,-5.492,348.9,838.7,
146,Basal,-9.369,-2.346,84.2,369.6,
147,Fibroblast,4.998,-3.413,1103.5,480.6,
148,AT1,0.436,3.010,726.8,160.3,0.603
149,AT2,-4.467,3.552,533.7,211.0,0.353
150,Fibroblast,3.048,-3.906,1374.4,279.2,
151,AT2,-6.589,2.804,1220.1,93.9,0.236
152,Macrophage,-2.058,-7.928,805.5,633.3,
153,Basal,-9.141,-2.386,74.5,525.9,
154,Fibroblast,-0.264,-4.074,695.8,774.7,
155,AT2,-5.400,4.165,1368.7,26.1,0.301
156,Ciliated,-6.610,-5.587,391.8,356.4,
157,AT2,-7.529,3.295,1009.1,866.4,0.208
158,Endothelial,9.766,-7.625,385.1,587.7,
159,Basal,-8.441,-1.872,60.2,517.4,
160,Fibroblast,2.861,-3.657,721.0,30.2,
161,KRT8+ transitional,-1.770,3.215,1033.6,434.5,0.487
162,AT1,3.691,1.228,877.8,310.5,0.877
163,AT2,-4.471,1.556,1552.5,528.7,0.276
164,AT1,3.275,2.776,1285.1,100.7,0.742
165,Endothelial,9.052,-5.322,1331.9,360.4,
166,AT2,-9.456,3.457,492.6,572.1,0.134
167,KRT8+ transitional,0.697,4.467,1041.0,540.1,0.589
168,AT2,-6.842,2.143,628.3,273.6,0.160
169,AT2,-6.493,2.444,498.5,784.4,0.250
170,AT1,3.611,3.036,479.2,87.8,0.762
171,Fibroblast,4.922,-2.900,1053.6,444.5,
172,KRT8+ transitional,-0.537,2.348,1056.8,552.6,0.554
173,KRT8+ transitional,-0.405,2.966,1227.2,514.8,0.560
174,AT2,-3.145,2.964,394.5,164.6,0.420
175,AT1,2.503,1.969,580.1,612.0,0.747
176,Endothelial,10.747,-6.303,1072.5,795.5,
177,Fibroblast,-1.122,-6.250,703.4,704.5,
178,Endothelial,8.556,-5.766,1166.5,270.3,
179,AT1,2.089,1.444,1271.2,225.0,0.748
180,Endothelial,7.387,-6.672,1568.5,763.7,
181,Ciliated,-6.097,-5.346,438.5,404.3,
182,AT2,-6.537,1.314,1082.9,34.4,0.100
183,AT1,4.762,2.264,107.9,298.8,0.836
184,Endothelial,8.190,-3.563,1125.5,4.4,
185,KRT8+ transitional,-3.362,3.995,983.1,518.9,0.422
186,Fibroblast,1.188,-4.340,33.2,786.6,
187,Endothelial,6.475,-4.706,1063.7,132.3,
188,Macrophage,-1.267,-7.397,1097.7,857.9,
189,Basal,-9.242,-3.779,454.7,418.9,
190,AT2,-9.002,3.481,379.8,655.1,0.159
191,Endothelial,7.909,-4.350,1318.6,115.6,
192,Fibroblast,-2.723,-5.000,1369.7,894.0,
193,Fibroblast,2.319,-4.586,896.4,81.8,
194,AT1,6.704,1.824,64.9,797.7,0.921
195,Macrophage,-0.723,-7.474,1156.9,434.3,
196,AT1,6.671,1.520,1502.7,750.6,0.949
197,Ciliated,-6.374,-6.401,154.1,345.1,
198,AT2,-6.261,3.086,1098.7,70.4,0.267
199,KRT8+ transitional,-1.753,3.351,1079.6,468.5,0.490
200,Fibroblast,-4.902,-5.814,1341.0,355.6,
201,Macrophage,-1.047,-7.784,1065.4,439.2,
202,AT1,4.435,0.814,1066.7,844.8,0.930
203,AT2,-8.637,2.881,806.1,314.1,0.146
204,AT1,6.775,0.639,913.7,488.0,0.980
205,Basal,-8.316,-3.226,453.7,462.6,
206,Macrophage,-3.117,-7.917,608.3,133.2,
207,AT2,-8.174,1.861,501.4,62.3,0.048
208,Basal,-8.866,-2.863,201.2,581.9,
209,Basal,-8.338,-4.155,89.1,359.8,
210,AT1,1.419,2.947,214.7,689.6,0.657
211,Macrophage,-0.543,-7.430,1350.6,838.3,
212,KRT8+ transitional,-1.111,3.403,1080.6,468.9,0.515
213,AT2,-5.605,3.061,1087.3,394.3,0.287
214,AT1,4.721,1.685,427.4,301.4,0.856
215,Endothelial,8.847,-3.863,738.0,108.6,
216,AT2,-6.235,3.730,1075.2,767.0,0.281
217,Fibroblast,0.238,-4.620,617.5,428.0,
218,Macrophage,-0.705,-6.967,1075.1,476.6,
219,Fibroblast,1.562,-4.218,979.7,475.2,
220,KRT8+ transitional,-0.750,3.066,1140.1,432.8,0.543
221,KRT8+ transitional,0.254,3.274,1169.6,562.4,0.593
222,AT1,1.122,3.759,959.8,124.8,0.617
223,KRT8+ transitional,-0.364,4.147,1000.5,451.4,0.563
224,AT1,1.247,2.084,955.3,770.5,0.652
225,Macrophage,-1.481,-7.415,480.5,396.2,
226,Fibroblast,-2.525,-6.055,543.6,478.8,
227,Fibroblast,1.040,-4.610,937.5,739.8,
228,Macrophage,-0.457,-7.745,1042.2,434.6,
229,KRT8+ transitional,-3.084,3.756,1056.5,460.0,0.415
230,Endothelial,9.513,-8.447,311.5,773.5,
231,Endothelial,7.658,-4.971,916.7,317.7,
232,Endothelial,9.646,-6.995,939.5,767.4,
233,AT2,-4.153,2.116,445.0,548.9,0.345
234,Fibroblast,-1.871,-6.226,1098.7,494.3,
235,AT2,-6.232,2.457,1231.5,467.4,0.202
236,Ciliated,-7.025,-4.454,372.0,548.8,
237,AT2,-7.601,1.735,1294.2,449.6,0.008
238,Basal,-8.044,-3.443,333.6,573.0,
239,AT2,-9.049,3.204,984.7,756.9,0.120
240,Endothelial,6.676,-6.366,958.6,266.9,
241,KRT8+ transitional,-1.781,3.896,1074.3,470.6,0.495
242,Fibroblast,-0.585,-5.308,1042.6,483.0,
243,Fibroblast,-0.170,-5.807,570.4,435.1,
244,AT2,-6.061,2.213,1082.6,497.1,0.198
245,Basal,-8.284,-3.389,229.5,320.3,
246,Endothelial,8.061,-4.486,269.7,744.9,
247,AT2,-8.130,3.721,1021.7,190.0,0.202
248,AT2,-3.631,3.821,1428.5,270.1,0.408
249,Endothelial,9.912,-5.604,1265.8,690.8,
250,AT1,0.424,1.310,70.0,72.0,0.641
251,AT1,4.208,2.665,374.3,622.4,0.809
252,AT2,-9.110,2.870,1259.3,193.1,0.098
253,Macrophage,-4.428,-7.264,1034.2,495.9,
254,Fibroblast,2.260,-4.037,1466.1,653.2,
255,KRT8+ transitional,-2.224,2.843,1097.3,460.8,0.446
256,AT1,1.723,3.348,1268.8,747.9,0.663
257,AT1,2.605,2.975,448.4,241.2,0.714
258,KRT8+ transitional,-2.811,4.003,1106.0,435.8,0.448
259,AT1,6.045,0.716,1404.8,275.5,0.945
260,AT2,-5.947,2.352,512.3,289.9,0.226
261,AT1,4.711,1.741,1600.0,137.4,0.855
262,Endothelial,9.301,-5.758,77.4,896.5,
263,AT2,-9.169,1.632,786.4,314.6,0.000
264,Macrophage,-2.646,-6.641,1157.3,455.3,
265,Endothelial,7.608,-5.845,695.0,60.3,
266,AT2,-5.235,2.022,1263.1,316.8,0.274
267,Basal,-8.132,-2.511,91.7,530.6,
268,Macrophage,-0.016,-7.894,118.3,737.5,
269,Fibroblast,2.550,-3.849,1506.4,104.2,
270,AT2,-8.666,1.843,751.6,461.1,0.049
271,AT2,-4.153,3.543,556.0,578.0,0.373
272,AT2,-9.374,3.360,1015.4,28.3,0.149
273,AT2,-3.762,3.414,1144.3,409.9,0.389
274,AT1,4.982,1.165,1342.9,746.3,0.948
275,AT2,-8.402,2.254,250.7,203.6,0.090
276,KRT8+ transitional,-3.079,2.678,1126.0,398.8,0.423
277,AT1,5.274,1.337,478.9,83.4,0.923
278,AT2,-6.576,2.781,1347.2,665.7,0.237
279,AT2,-6.380,2.483,89.7,859.7,0.196
280,AT2,-3.129,2.232,1153.0,577.9,0.415
281,AT2,-5.300,3.365,1042.4,465.4,0.299
282,AT1,3.208,0.578,935.1,299.2,0.867
283,KRT8+ transitional,-1.836,3.601,983.2,445.8,0.480
284,AT1,3.855,2.992,582.0,271.2,0.755
285,AT2,-9.905,3.119,388.0,103.8,0.079
286,AT1,0.429,2.808,952.4,770.3,0.621
287,AT1,1.983,2.297,46.8,884.8,0.697
288,AT2,-5.584,4.011,1255.7,851.1,0.322
289,KRT8+ transitional,-3.425,3.994,601.4,353.6,0.413
290,Ciliated,-6.811,-8.607,291.0,331.2,
291,Macrophage,-3.295,-6.756,381.9,766.3,
292,Fibroblast,1.401,-5.244,1183.0,216.7,
293,Fibroblast,2.478,-3.694,186.8,32.4,
294,Basal,-8.753,-3.453,327.7,574.6,
295,Fibroblast,1.532,-4.780,1570.6,685.2,
296,Ciliated,-7.045,-6.284,341.8,558.0,
297,Basal,-8.741,-4.723,22.6,460.8,
298,AT1,4.257,1.035,326.8,744.5,0.867
299,Basal,-6.847,-3.771,396.4,348.4,
300,Endothelial,7.994,-4.023,1577.0,529.8,
301,Basal,-8.041,-3.363,235.8,320.0,
302,Macrophage,-1.017,-7.179,466.5,858.6,
303,AT1,-0.434,2.429,1173.3,45.7,0.601
304,Endothelial,9.096,-4.793,635.1,383.0,
305,AT1,4.968,3.134,493.5,803.6,0.791
306,AT2,-8.118,1.517,671.3,100.1,0.028
307,AT1,3.963,3.419,396.6,162.9,0.741
308,Ciliated,-5.847,-6.809,126.5,546.4,
309,Ciliated,-6.493,-6.017,52.1,432.3,
310,AT2,-8.249,4.232,317.8,240.1,0.207
311,Endothelial,8.077,-5.399,1515.6,328.8,
312,Ciliated,-5.727,-5.021,300.2,572.2,
313,AT1,2.913,1.649,556.7,731.9,0.772
314,AT2,-7.677,3.095,1225.6,468.4,0.169
315,AT2,-3.494,3.152,821.0,583.6,0.400
316,Macrophage,-0.627,-7.540,1067.4,492.6,
317,Macrophage,-2.597,-8.565,1059.7,330.9,
318,AT2,-4.433,2.473,1096.2,62.2,0.339
319,Endothelial,8.543,-4.483,161.3,679.8,
320,AT1,1.167,3.035,1382.3,116.3,0.660
321,Basal,-9.075,-2.498,341.6,327.7,
322,Fibroblast,2.088,-4.638,726.8,35.4,
323,Endothelial,10.344,-6.750,92.5,815.1,
324,AT2,-8.455,2.610,879.5,741.5,0.130
325,Endothelial,7.764,-5.992,923.9,327.4,
326,KRT8+ transitional,0.956,3.347,1090.9,454.3,0.601
327,Basal,-9.951,-3.825,433.5,509.5,
328,KRT8+ transitional,-0.019,3.664,1059.8,453.0,0.581
329,AT1,2.256,3.741,93.7,322.7,0.679
330,AT2,-5.345,3.080,1225.2,445.2,0.300
331,Endothelial,7.117,-2.851,360.7,95.1,
332,Fibroblast,0.767,-3.562,968.8,456.3,
333,Basal,-7.645,-3.099,70.2,508.0,
334,Fibroblast,1.514,-4.949,767.9,120.7,
335,AT2,-6.659,2.560,108.6,170.4,0.195
336,AT1,2.021,3.955,518.8,336.6,0.659
337,AT1,1.671,2.634,395.9,174.7,0.671
338,Fibroblast,-0.610,-4.770,1052.0,482.5,
339,Macrophage,-2.518,-6.882,553.6,26.7,
340,Basal,-7.237,-3.673,74.9,520.4,
341,Fibroblast,0.996,-5.308,1083.1,467.9,
342,Endothelial,5.361,-5.014,1104.7,116.4,
343,Endothelial,8.590,-3.524,1518.9,687.3,
344,Endothelial,7.620,-7.037,86.0,884.0,
345,Endothelial,9.226,-5.005,1445.7,448.9,
346,AT1,3.971,3.336,1331.3,70.6,0.760
347,Ciliated,-6.974,-4.590,391.3,541.2,
348,Fibroblast,-0.339,-4.142,967.9,235.9,
349,Macrophage,-2.127,-7.644,251.0,288.6,
350,AT2,-4.357,2.246,326.4,765.7,0.340
351,AT2,-8.456,2.128,1168.3,445.6,0.087
352,AT2,-5.298,5.124,845.8,563.3,0.361
353,Endothelial,10.061,-5.534,990.5,97.2,
354,AT2,-7.362,2.800,1152.9,485.6,0.189
355,Basal,-9.138,-3.986,234.4,314.9,
356,Fibroblast,6.275,-2.232,1118.5,466.2,
357,AT2,-9.875,2.020,948.6,321.4,0.015
358,KRT8+ transitional,-1.304,3.364,187.4,837.8,0.495
359,Basal,-8.547,-3.732,322.6,570.7,
360,KRT8+ transitional,-0.895,2.869,1080.4,415.6,0.532
361,Ciliated,-6.042,-7.950,168.2,563.1,
362,AT2,-4.946,2.891,521.2,844.5,0.310
363,Macrophage,-2.945,-6.547,1033.4,477.3,
364,Fibroblast,2.770,-3.340,1134.0,429.4,
365,AT2,-7.590,2.802,1209.4,703.4,0.157
366,Endothelial,9.689,-4.739,366.2,845.7,
367,KRT8+ transitional,-1.859,3.519,1079.8,473.0,0.509
368,Fibroblast,1.541,-4.257,1051.5,469.6,
369,Macrophage,-1.790,-7.267,1116.4,436.8,
370,Ciliated,-8.326,-6.497,253.2,326.0,
371,AT2,-9.346,3.439,1523.2,258.3,0.133
372,Ciliated,-5.943,-7.464,310.7,329.9,
373,KRT8+ transitional,-0.202,2.985,1060.5,467.5,0.559
374,Fibroblast,1.858,-4.750,1012.3,722.1,
375,AT2,-6.559,2.615,1506.0,120.1,0.204
376,Ciliated,-7.278,-5.944,209.3,572.3,
377,Endothelial,11.050,-4.880,628.6,840.9,
378,AT2,-5.980,1.580,539.3,207.3,0.152
379,Fibroblast,-0.548,-4.751,1516.0,96.8,
380,Fibroblast,-0.688,-5.271,1060.4,656.7,
381,Macrophage,-0.999,-7.048,340.4,156.2,
382,Ciliated,-5.045,-6.717,446.6,465.5,
383,Fibroblast,1.466,-4.654,1108.9,475.6,
384,AT1,4.732,0.604,625.9,451.0,0.981
385,KRT8+ transitional,-0.835,3.252,1175.9,444.7,0.530
386,AT1,3.184,3.234,675.2,883.5,0.746
387,Basal,-9.636,-2.058,97.8,534.1,
388,AT1,1.486,2.996,696.7,900.0,0.656
389,Macrophage,-1.462,-7.435,528.8,634.1,
390,Endothelial,7.679,-4.183,677.4,769.4,
391,Macrophage,-2.072,-7.698,430.7,62.2,
392,AT1,1.937,2.716,1302.5,531.1,0.677
393,AT1,1.284,2.694,1000.3,83.6,0.645
394,Endothelial,7.095,-5.126,1289.2,136.0,
395,Basal,-9.387,-4.387,335.1,580.7,
396,Macrophage,-2.564,-7.277,1049.6,61.2,
397,Endothelial,7.181,-5.661,1019.2,750.6,
398,Macrophage,-0.723,-7.318,813.3,375.5,
399,AT1,7.883,1.284,174.8,125.7,0.963
400,AT2,-6.785,3.488,745.7,628.6,0.247
401,KRT8+ transitional,0.535,4.081,1104.7,538.9,0.602
402,AT2,-10.216,2.812,565.0,235.4,0.087
403,Macrophage,-1.422,-7.698,1020.4,435.0,
404,AT2,-5.189,3.512,1325.3,396.9,0.300
405,Endothelial,7.988,-5.425,160.4,64.6,
406,AT1,5.249,2.499,1399.8,277.1,0.821
407,KRT8+ transitional,-1.930,3.709,1168.6,508.6,0.496
408,Basal,-9.793,-3.890,42.7,401.8,
409,KRT8+ transitional,-3.263,2.877,602.6,313.4,0.427
410,AT1,2.634,4.073,1241.5,74.8,0.674
411,Endothelial,9.352,-5.207,387.3,134.9,
412,KRT8+ transitional,-0.300,2.281,1561.4,670.2,0.582
413,Ciliated,-5.315,-4.995,62.7,405.6,
414,AT2,-9.571,1.852,1164.8,478.9,0.008
415,AT2,-5.470,3.969,825.8,581.7,0.314
416,AT1,0.368,2.718,752.4,343.4,0.605
417,Endothelial,8.083,-5.828,626.5,414.8,
418,AT1,4.318,2.311,1250.8,8.2,0.810
419,KRT8+ transitional,-3.237,3.605,1166.3,472.1,0.417
420,Basal,-10.557,-4.338,138.9,339.5,
421,AT1,5.700,0.808,1205.1,731.3,0.985
422,AT2,-6.255,3.233,1013.0,408.6,0.284
423,Macrophage,-0.154,-8.436,920.6,422.4,
424,Macrophage,-5.259,-7.778,485.0,870.4,
425,Endothelial,11.712,-5.497,533.8,796.0,
426,Ciliated,-6.378,-6.196,58.3,505.1,
427,KRT8+ transitional,-2.624,3.921,1126.4,414.5,0.459
428,AT2,-5.272,3.058,1306.9,725.0,0.293
429,Fibroblast,3.329,-4.312,1008.6,371.7,
430,Endothelial,8.578,-6.683,107.1,36.6,
431,Fibroblast,2.169,-3.593,1093.8,455.6,
432,Endothelial,9.426,-5.644,306.3,732.1,
433,AT2,-3.991,3.601,1181.4,298.6,0.386
434,Macrophage,-2.007,-6.859,986.0,497.7,
435,Endothelial,6.792,-6.057,743.9,1.7,
436,Macrophage,-1.614,-7.923,1058.5,476.2,
437,AT2,-7.531,2.894,1056.7,412.6,0.169
438,Ciliated,-6.873,-5.506,38.9,470.5,
439,Macrophage,-1.877,-7.499,1164.3,383.2,
440,AT2,-3.714,3.127,431.6,299.7,0.390
441,Fibroblast,-1.977,-4.330,1077.4,469.9,
442,AT1,3.067,1.818,955.1,765.0,0.798
443,Fibroblast,5.122,-3.607,1116.7,598.7,
444,KRT8+ transitional,-1.666,4.145,1500.5,128.8,0.488
445,AT2,-7.804,3.614,865.6,178.1,0.186
446,AT2,-7.105,2.325,327.6,779.9,0.152
447,AT2,-6.682,3.364,1157.1,496.3,0.225
448,Macrophage,-2.451,-6.194,459.2,273.0,
449,Macrophage,-1.367,-8.043,889.7,531.6,
450,AT2,-7.903,2.694,988.7,502.5,0.136
451,Macrophage,-3.748,-7.347,1414.5,597.9,
452,AT1,3.703,1.766,1190.6,207.7,0.809
453,AT1,3.779,0.516,1541.0,257.0,0.933
454,AT1,4.376,4.318,660.1,524.7,0.741
455,AT1,4.138,1.753,256.6,794.3,0.848
456,AT2,-4.132,2.414,1083.0,469.4,0.345
457,Basal,-8.681,-2.833,82.0,353.2,
458,Ciliated,-6.062,-6.610,247.0,571.1,
459,AT1,3.294,2.232,1479.3,410.5,0.760
460,Macrophage,-3.435,-7.810,932.8,394.2,
461,Basal,-6.916,-4.828,216.9,314.2,
462,AT2,-6.771,2.835,1063.9,118.1,0.212
463,Endothelial,10.131,-5.648,1213.1,886.1,
464,Fibroblast,3.988,-4.397,687.2,108.3,
465,Endothelial,9.598,-5.677,880.7,425.2,
466,AT2,-4.904,5.098,1283.7,516.1,0.366
467,AT2,-3.641,3.851,1313.2,681.7,0.402
468,Macrophage,-1.998,-6.059,941.4,693.3,
469,AT2,-7.843,2.982,98.6,693.9,0.175
470,Basal,-9.621,-3.506,336.5,326.4,
471,Endothelial,6.681,-5.329,1261.7,893.3,
472,Endothelial,8.577,-5.202,9.7,537.5,
473,Fibroblast,-0.822,-4.586,962.8,90.5,
474,Ciliated,-5.399,-6.125,137.2,552.1,
475,Ciliated,-7.741,-5.754,386.7,543.1,
476,AT1,4.050,2.110,1146.4,577.1,0.797
477,Endothelial,8.790,-4.854,1366.5,315.7,
478,KRT8+ transitional,-1.462,3.497,1138.1,489.1,0.514
479,AT1,2.823,3.449,1489.2,289.7,0.698
480,AT2,-8.862,2.765,1047.6,616.8,0.117
481,AT2,-4.964,3.351,235.5,900.0,0.343
482,KRT8+ transitional,-2.104,3.785,1127.5,409.3,0.470
483,Basal,-7.519,-3.623,39.1,418.8,
484,AT1,5.825,0.894,370.2,611.3,0.959
485,AT2,-6.163,3.501,434.6,776.5,0.269
486,Fibroblast,2.708,-4.798,1555.8,47.6,
487,Basal,-6.511,-3.959,441.6,402.0,
488,AT2,-8.683,1.588,1061.0,482.4,0.031
489,Fibroblast,-0.767,-4.903,971.1,656.5,
490,Fibroblast,-0.595,-5.406,1155.2,479.9,
491,Endothelial,10.273,-4.996,275.8,25.6,
492,Fibroblast,2.688,-4.246,1118.3,383.9,
493,Ciliated,-5.951,-4.997,389.8,361.0,
494,Endothelial,9.980,-4.302,659.0,58.0,
495,Fibroblast,2.158,-4.479,1087.2,495.3,
496,KRT8+ transitional,0.975,3.436,1141.8,491.9,0.627
497,Macrophage,-1.326,-7.071,695.8,641.0,
498,KRT8+ transitional,-0.367,3.675,1161.9,469.3,0.545
499,Basal,-9.509,-3.197,56.7,501.4,
500,KRT8+ transitional,-0.965,3.345,1022.8,254.5,0.544
501,Macrophage,-2.358,-7.748,1115.0,566.3,
502,Macrophage,-2.683,-6.922,1219.9,473.5,
503,Macrophage,-1.306,-6.337,1002.5,469.9,
504,AT1,2.596,2.258,1191.3,720.3,0.740
505,AT2,-8.301,1.977,645.0,818.8,0.050
506,AT2,-7.194,3.089,811.2,530.3,0.232
507,AT1,5.399,1.694,1348.9,878.8,0.902
508,KRT8+ transitional,-2.740,4.130,1098.8,526.1,0.452
509,AT1,5.121,1.336,137.5,600.7,0.890
510,AT2,-9.464,3.139,1134.2,468.9,0.138
511,Basal,-8.141,-2.210,95.1,534.1,
512,Endothelial,8.462,-8.437,196.1,784.9,
513,KRT8+ transitional,-3.017,3.428,1035.7,492.4,0.434
514,Endothelial,10.162,-6.499,495.8,103.1,
515,Basal,-8.608,-4.149,66.5,514.6,
516,AT2,-3.297,2.238,808.1,711.7,0.393
517,AT2,-4.126,3.224,1034.6,556.7,0.378
518,Macrophage,-3.775,-7.430,933.0,394.1,
519,Ciliated,-5.648,-6.666,280.3,571.6,
520,KRT8+ transitional,-2.388,3.617,1225.2,421.3,0.458
521,AT2,-4.379,3.493,62.5,236.9,0.365
522,AT2,-4.638,2.377,729.3,166.7,0.330
523,KRT8+ transitional,-2.572,3.149,1044.8,416.7,0.442
524,AT2,-6.386,5.247,773.3,654.9,0.316
525,AT2,-9.376,2.359,1253.5,473.7,0.056
526,Macrophage,-3.019,-8.003,123.3,770.2,
527,AT1,5.170,1.124,473.0,572.8,0.952
528,KRT8+ transitional,-0.383,4.138,707.8,581.3,0.560
529,Macrophage,0.403,-6.820,1098.4,743.2,
530,Macrophage,-1.557,-7.134,719.5,830.4,
531,Basal,-7.995,-3.834,71.6,521.3,
532,Macrophage,-4.322,-6.301,1220.4,441.6,
533,AT2,-9.029,3.539,704.5,229.6,0.140
534,Ciliated,-5.357,-6.121,365.1,552.5,
535,AT2,-4.361,3.488,715.7,255.1,0.358
536,Fibroblast,2.195,-4.635,1080.6,471.0,
537,Basal,-6.690,-2.755,407.1,358.9,
538,AT2,-5.219,4.432,1040.8,627.9,0.362
539,Fibroblast,3.508,-2.829,928.1,552.7,
540,Ciliated,-6.232,-7.712,82.9,508.3,
541,Ciliated,-5.845,-6.310,434.4,490.9,
542,AT2,-3.735,3.981,80.5,234.3,0.402
543,Fibroblast,1.791,-4.209,982.6,289.8,
544,AT1,3.487,2.025,890.6,675.6,0.823
545,AT2,-3.379,3.492,35.9,171.6,0.404
546,KRT8+ transitional,0.518,3.166,101.3,239.1,0.603
547,Basal,-10.152,-3.958,463.3,430.6,
548,Basal,-7.034,-2.914,373.9,564.8,
549,KRT8+ transitional,-2.332,3.165,1224.2,520.6,0.455
550,Basal,-8.868,-3.538,162.3,332.5,
551,KRT8+ transitional,-2.248,3.764,963.6,493.3,0.484
552,AT2,-4.322,6.138,1312.4,803.2,0.408
553,AT2,-3.759,2.896,186.4,858.8,0.393
554,Endothelial,10.529,-4.042,1461.3,211.2,
555,AT2,-3.404,2.988,981.6,863.7,0.407
556,Ciliated,-7.267,-5.302,414.8,522.5,
557,AT2,-6.217,3.296,286.0,214.3,0.269
558,AT2,-7.865,1.615,1244.4,593.2,0.020
559,AT2,-7.935,2.229,1457.8,436.7,0.089
560,AT1,3.871,1.502,528.3,575.0,0.855
561,Macrophage,-0.340,-7.353,1064.7,497.1,
562,AT1,3.744,2.967,638.2,634.3,0.767
563,AT2,-8.260,1.868,223.6,556.7,0.086
564,Endothelial,11.131,-4.665,300.7,846.0,
565,Endothelial,8.857,-6.906,7.8,166.1,
566,Macrophage,-2.839,-7.670,1460.7,780.1,
567,Basal,-8.334,-3.891,220.0,315.9,
568,AT1,4.375,2.532,296.5,144.8,0.821
569,KRT8+ transitional,-0.107,3.499,956.5,417.9,0.557
570,AT1,7.403,0.558,1277.7,841.0,0.994
571,Ciliated,-6.011,-6.026,57.4,481.4,
572,AT1,3.487,3.277,1061.6,119.8,0.730
573,Ciliated,-7.452,-5.984,138.4,563.8,
574,AT1,3.249,1.333,1240.0,178.3,0.827
575,Macrophage,-1.484,-7.811,1052.4,45.8,
576,AT1,4.476,1.313,679.1,805.6,0.869
577,Macrophage,-2.889,-5.541,1105.4,531.2,
578,Macrophage,-3.422,-7.040,1209.4,333.0,
579,AT2,-5.000,1.944,611.6,92.9,0.292
580,Basal,-9.094,-3.582,41.1,405.1,
581,Macrophage,-0.889,-7.696,1448.2,794.4,
582,AT1,2.096,5.362,1055.9,803.4,0.635
583,AT2,-5.805,1.451,82.5,74.8,0.065
584,AT2,-9.327,1.756,601.4,88.3,0.011
585,Endothelial,10.266,-7.869,1006.7,341.7,
586,Fibroblast,-1.817,-4.430,1408.4,133.1,
587,AT2,-7.051,1.388,504.9,885.2,0.006
588,AT1,0.854,2.438,639.8,454.9,0.633
589,AT2,-8.532,1.452,89.0,698.1,0.029
590,Fibroblast,1.546,-4.533,524.6,435.2,
591,Macrophage,-1.101,-8.124,411.4,615.8,
592,Endothelial,7.266,-4.496,889.0,78.1,
593,AT2,-2.961,2.259,831.7,396.3,0.418
594,AT2,-9.743,1.999,78.7,781.5,0.028
595,Endothelial,7.775,-4.756,1141.8,9.2,
596,Macrophage,-1.469,-8.173,1078.3,442.9,
597,KRT8+ transitional,-1.104,3.487,1080.9,431.0,0.522
598,AT1,3.596,0.855,1145.0,830.4,0.881
599,AT2,-6.645,2.033,784.8,597.4,0.114
600,Endothelial,8.910,-6.589,1332.4,365.5,
601,Endothelial,8.529,-6.363,846.5,196.5,
602,AT1,5.746,1.760,656.1,479.8,0.899
603,Endothelial,6.871,-5.953,1171.2,409.9,
604,Macrophage,-3.405,-6.836,524.0,604.9,
605,AT1,4.882,0.563,525.6,532.8,0.980
606,Macrophage,-3.263,-7.906,1143.9,473.3,
607,KRT8+ transitional,-0.814,3.267,1102.9,467.7,0.541
608,AT1,6.093,0.892,547.9,182.4,0.963
609,AT1,3.134,2.785,1497.4,568.2,0.763
610,Endothelial,7.687,-5.541,1315.8,375.9,
611,AT2,-6.601,2.132,235.7,727.0,0.207
612,Endothelial,7.046,-6.861,173.2,858.7,
613,Macrophage,-3.094,-7.898,1058.3,236.5,
614,Basal,-7.477,-2.781,33.7,451.5,
615,AT2,-5.107,2.330,1089.7,487.5,0.303
616,Macrophage,-3.072,-6.533,1346.3,469.6,
617,Fibroblast,2.207,-3.373,1048.6,466.9,
618,AT1,2.927,5.553,625.4,187.7,0.667
619,AT1,3.567,1.253,600.5,186.8,0.892
620,Fibroblast,4.933,-4.127,942.5,888.1,
621,Ciliated,-5.939,-4.597,400.8,356.4,
622,AT1,1.560,3.245,494.4,581.4,0.660
623,AT2,-5.545,2.492,1177.0,476.5,0.270
624,AT2,-4.331,2.079,853.6,266.6,0.344
625,Endothelial,8.288,-6.361,326.8,688.3,
626,AT1,1.216,2.242,1384.0,255.6,0.644
627,Fibroblast,2.906,-3.474,1044.7,539.8,
628,AT2,-8.946,2.345,395.1,709.2,0.083
629,AT1,5.357,2.030,853.7,804.7,0.878
630,Endothelial,9.094,-3.429,397.1,554.8,
631,Basal,-8.707,-4.031,465.5,452.1,
632,Fibroblast,-0.129,-4.645,965.7,424.5,
633,Macrophage,-2.946,-6.726,1467.0,809.5,
634,Endothelial,8.705,-4.494,1555.0,384.5,
635,KRT8+ transitional,-3.684,3.781,1234.4,445.1,0.406
636,AT2,-6.511,3.076,1403.4,803.0,0.242
637,Fibroblast,3.455,-3.281,298.9,165.6,
638,AT2,-4.716,4.372,435.5,496.8,0.357
639,AT2,-3.470,4.732,1077.2,473.4,0.416
640,AT1,3.375,0.700,572.0,719.7,0.870
641,AT1,5.428,1.333,840.8,314.3,0.897
642,AT2,-8.975,3.168,1454.2,482.2,0.138
643,Fibroblast,3.011,-3.715,350.5,639.6,
644,AT2,-2.883,2.677,1079.1,471.2,0.418
645,KRT8+ transitional,-3.181,2.763,1026.2,498.1,0.415
646,AT1,1.843,2.649,485.1,699.1,0.681
647,Endothelial,8.881,-6.322,422.9,169.5,
648,Ciliated,-5.639,-6.081,450.6,454.4,
649,Endothelial,8.600,-5.843,278.0,41.9,
650,Endothelial,7.839,-4.536,1525.4,18.6,
651,Fibroblast,-0.661,-5.653,1185.6,502.8,
652,Fibroblast,1.272,-4.790,1182.9,36.5,
653,Endothelial,8.011,-6.328,24.6,750.9,
654,Basal,-8.708,-3.762,338.5,334.5,
655,Endothelial,9.049,-6.622,476.2,458.4,
656,AT2,-7.297,3.400,526.2,304.1,0.218
657,Basal,-7.470,-3.495,166.6,327.8,
658,Fibroblast,3.702,-3.559,1048.6,514.8,
659,AT1,4.679,1.790,1396.2,833.2,0.867
660,KRT8+ transitional,-0.920,2.442,1080.0,469.9,0.536
661,AT1,3.816,2.242,1483.5,637.7,0.795
662,Endothelial,6.898,-5.693,813.8,139.3,
663,AT1,1.216,4.490,1141.5,115.3,0.606
664,Macrophage,-3.597,-7.558,1474.1,792.4,
665,Fibroblast,3.371,-2.726,1070.3,477.4,
666,AT2,-10.414,2.475,847.1,390.7,0.029
667,AT1,1.534,2.236,1220.4,692.8,0.704
668,Ciliated,-6.304,-9.212,171.9,330.9,
669,Ciliated,-5.951,-7.088,363.6,347.4,
670,Macrophage,-4.307,-5.244,1101.6,745.4,
671,Endothelial,8.760,-1.971,922.6,61.2,
672,KRT8+ transitional,-2.290,3.546,1024.5,518.3,0.466
673,Ciliated,-4.398,-5.234,279.9,565.5,
674,Endothelial,10.043,-4.469,603.0,897.3,
675,Endothelial,9.498,-7.374,1418.7,704.5,
676,Endothelial,8.116,-4.850,369.1,556.8,
677,Ciliated,-6.365,-7.210,286.7,327.6,
678,Endothelial,8.941,-5.258,1080.2,485.0,
679,Endothelial,6.720,-6.037,638.5,40.5,
680,Ciliated,-7.466,-6.334,141.0,345.4,
681,AT2,-8.437,2.510,190.0,165.4,0.115
682,AT1,2.504,3.472,719.3,789.1,0.677
683,Fibroblast,1.238,-4.948,689.4,233.9,
684,Fibroblast,1.462,-5.420,565.5,669.3,
685,Macrophage,-5.529,-6.077,1460.6,583.6,
686,Fibroblast,2.246,-3.573,1537.9,698.5,
687,AT1,0.602,3.363,1475.7,734.7,0.618
688,Basal,-7.238,-2.674,452.3,512.4,
689,Fibroblast,-2.591,-6.015,281.5,581.8,
690,AT1,5.981,1.346,503.3,69.9,0.926
691,Endothelial,10.660,-5.356,373.6,678.3,
692,Ciliated,-6.523,-6.152,175.5,571.5,
693,KRT8+ transitional,-3.756,4.649,1045.5,412.0,0.406
694,Macrophage,-3.569,-7.658,943.8,434.5,
695,AT2,-6.019,2.894,810.2,274.8,0.264
696,AT2,-5.803,3.727,1047.7,622.8,0.303
697,AT2,-8.728,1.807,698.4,274.6,0.037
698,Fibroblast,-0.839,-4.810,403.1,289.5,
699,Macrophage,0.090,-7.669,1076.7,477.9,
700,Macrophage,-2.149,-7.209,1072.6,580.7,
701,Endothelial,7.313,-5.678,1139.6,588.2,
702,KRT8+ transitional,-2.896,3.412,1175.2,448.6,0.442
703,Endothelial,10.741,-6.608,1404.8,141.0,
704,Endothelial,7.529,-6.505,1358.2,616.2,
705,AT2,-4.785,2.507,522.9,350.0,0.318
706,Fibroblast,3.177,-4.235,201.6,667.6,
707,Basal,-8.631,-3.169,409.1,356.0,
708,AT2,-6.323,2.369,944.1,358.7,0.233
709,AT2,-7.330,3.642,1402.6,780.1,0.201
710,Macrophage,-1.932,-6.183,1253.3,489.4,
711,AT2,-7.794,3.081,84.0,866.2,0.190
712,Macrophage,-4.425,-5.817,1209.6,323.9,
713,AT2,-5.883,3.491,274.8,634.6,0.285
714,Fibroblast,4.911,-4.184,1023.2,441.3,
715,Fibroblast,4.077,-3.836,997.5,463.0,
716,Basal,-9.098,-5.402,433.6,367.6,
717,KRT8+ transitional,0.699,3.074,1180.1,564.0,0.619
718,KRT8+ transitional,-2.052,4.134,1031.8,494.5,0.480
719,Macrophage,-2.040,-7.090,993.4,822.5,
720,Endothelial,9.254,-3.775,625.3,893.2,
721,Basal,-8.273,-2.801,460.8,467.6,
722,AT2,-5.927,2.938,52.8,672.3,0.277
723,Endothelial,7.909,-5.378,1291.7,862.0,
724,Basal,-8.286,-3.366,37.9,464.1,
725,AT1,6.165,0.620,1265.4,739.4,0.988
726,KRT8+ transitional,-2.025,3.047,1003.8,528.0,0.490
727,Macrophage,1.022,-8.478,1031.5,450.9,
728,Endothelial,11.238,-6.473,957.6,590.3,
729,AT2,-4.034,4.535,743.4,463.1,0.398
730,AT1,3.089,3.825,1249.4,293.4,0.713
731,Endothelial,8.221,-6.705,1470.4,174.0,
732,Basal,-7.171,-3.397,426.2,527.5,
733,Fibroblast,4.873,-3.680,1218.1,567.0,
734,Endothelial,8.367,-5.668,449.9,233.5,
735,AT1,2.899,2.409,617.3,708.9,0.743
736,Fibroblast,1.521,-5.797,1088.6,450.0,
737,Ciliated,-7.050,-7.409,454.8,455.2,
738,KRT8+ transitional,-0.055,2.947,1097.4,478.8,0.577
739,Ciliated,-5.570,-5.159,170.0,335.1,
740,AT2,-4.092,3.602,944.9,850.8,0.372
741,Ciliated,-7.468,-8.220,450.0,480.0,
742,Fibroblast,5.387,-3.630,354.0,660.0,
743,Endothelial,9.858,-6.173,1421.1,511.5,
744,Endothelial,8.463,-4.083,303.7,47.8,
745,Ciliated,-6.378,-7.126,321.2,329.5,
746,Endothelial,11.093,-5.379,652.5,880.5,
747,Ciliated,-5.691,-6.610,446.5,452.7,
748,Endothelial,8.938,-6.150,1126.0,31.9,
749,Endothelial,7.864,-2.863,370.4,301.8,
750,Fibroblast,-1.490,-6.070,306.8,875.0,
751,KRT8+ transitional,1.108,3.590,1089.2,457.5,0.639
752,Fibroblast,0.252,-4.905,1086.3,468.4,
753,Macrophage,-0.783,-7.283,121.8,739.3,
754,Ciliated,-7.014,-5.916,55.8,453.5,
755,AT1,6.764,0.923,1355.3,665.0,0.975
756,AT2,-7.937,2.962,567.3,282.7,0.159
757,Endothelial,10.895,-4.965,409.9,337.3,
758,Macrophage,-0.707,-7.438,1064.3,396.4,
759,Macrophage,-0.497,-6.908,1362.7,191.4,
760,Fibroblast,1.857,-3.666,1539.7,784.7,
761,Fibroblast,2.919,-4.577,1121.5,460.0,
762,Endothelial,9.588,-5.470,688.4,729.0,
763,Endothelial,9.400,-6.024,20.9,748.2,
764,AT2,-8.388,1.841,726.0,684.5,0.008
765,Basal,-7.492,-4.029,141.9,335.4,
766,AT1,6.554,1.197,828.4,312.9,0.956
767,AT1,1.149,2.968,933.5,636.5,0.634
768,KRT8+ transitional,1.406,3.845,1094.1,472.1,0.630
769,Endothelial,9.560,-7.021,133.6,279.6,
770,Fibroblast,1.692,-4.813,995.8,317.8,
771,Macrophage,-0.127,-6.786,1277.7,48.0,
772,AT2,-8.865,1.985,419.0,855.8,0.011
773,Endothelial,10.081,-5.665,1570.7,66.0,
774,AT1,3.694,4.025,1255.5,252.3,0.726
775,Fibroblast,4.780,-4.509,1069.0,452.4,
776,Endothelial,7.865,-3.695,571.1,198.6,
777,AT2,-8.227,3.075,601.6,275.2,0.152
778,Basal,-7.849,-4.282,460.2,417.3,
779,Ciliated,-5.394,-5.496,77.5,382.6,
780,Fibroblast,0.639,-4.250,179.1,265.7,
781,AT2,-7.741,2.789,73.3,667.7,0.173
782,Endothelial,9.316,-5.155,843.1,478.8,
783,AT1,1.815,3.855,600.8,165.4,0.670
784,Macrophage,-2.376,-6.599,845.7,766.0,
785,Fibroblast,1.295,-5.212,908.5,441.0,
786,Fibroblast,6.199,-3.530,1114.3,401.0,
787,Fibroblast,-1.103,-5.551,179.3,48.4,
788,Ciliated,-6.094,-5.812,352.8,558.1,
789,KRT8+ transitional,-1.146,3.966,1065.1,470.0,0.501
790,Macrophage,-2.971,-7.753,1052.4,413.1,
791,Fibroblast,0.387,-4.616,1062.5,478.1,
792,AT2,-3.996,4.073,178.7,636.8,0.396
793,AT1,4.812,0.424,424.1,736.7,0.964
794,AT2,-5.010,3.730,1303.3,521.7,0.346
795,AT1,4.463,3.215,277.7,891.4,0.775
796,Endothelial,8.223,-5.996,1524.7,76.9,
797,AT2,-7.463,3.953,104.9,306.4,0.242
798,AT2,-4.792,2.914,1450.9,559.6,0.335
799,AT1,1.651,2.460,1516.2,805.9,0.681
800,AT1,2.557,3.402,1419.5,389.9,0.692
801,Fibroblast,2.523,-4.305,1580.5,894.4,
802,AT2,-7.187,2.603,865.0,299.5,0.180
803,AT1,2.859,0.412,1354.4,788.5,0.898
804,AT1,2.182,3.808,1225.2,175.1,0.673
805,Basal,-7.804,-3.207,383.6,552.8,
806,KRT8+ transitional,-1.898,3.032,1075.8,546.8,0.471
807,AT2,-10.227,2.609,683.1,579.0,0.058
808,Fibroblast,5.281,-3.980,1187.1,589.4,
809,AT2,-4.952,3.617,551.1,295.1,0.322
810,Basal,-9.379,-3.370,48.3,416.6,
811,Endothelial,6.568,-7.070,674.0,28.0,
812,Ciliated,-6.123,-6.892,399.6,366.6,
813,KRT8+ transitional,-3.326,3.378,1136.3,473.2,0.416
814,Macrophage,-0.850,-8.120,986.0,462.4,
815,AT1,6.561,1.602,834.5,550.5,0.943
816,Basal,-8.997,-2.565,343.3,332.1,
817,AT2,-8.969,1.689,1084.5,379.4,0.006
818,Fibroblast,-0.094,-5.981,1036.3,476.2,
819,AT2,-6.534,3.176,760.3,284.9,0.214
820,Ciliated,-5.874,-7.611,388.3,539.1,
821,Ciliated,-7.147,-5.946,181.2,569.3,
822,Fibroblast,1.672,-3.907,1030.3,374.7,
823,Basal,-9.134,-3.307,430.2,380.1,
824,Endothelial,8.305,-6.255,755.1,762.2,
825,Basal,-9.224,-3.380,205.0,586.0,
826,Ciliated,-6.358,-6.041,290.3,569.8,
827,KRT8+ transitional,-0.888,3.707,1076.0,467.3,0.520
828,AT2,-10.504,2.964,92.7,856.7,0.075
829,Macrophage,-0.724,-7.734,1061.9,540.2,
830,AT2,-4.118,4.883,525.2,220.3,0.382
831,AT2,-5.174,2.691,1002.2,412.3,0.311
832,AT2,-4.188,4.200,370.3,616.6,0.378
833,Ciliated,-6.397,-5.244,309.0,573.2,
834,AT2,-3.770,3.374,1336.2,673.6,0.392
835,Macrophage,-3.659,-6.978,990.8,460.0,
836,AT2,-9.132,1.644,437.2,756.3,0.015
837,Endothelial,9.665,-5.539,1324.7,16.2,
838,Ciliated,-7.176,-6.372,453.1,456.0,
839,AT2,-7.665,2.824,1009.8,412.9,0.193
840,AT1,0.951,2.980,790.4,458.1,0.619
841,Ciliated,-6.038,-6.296,144.7,559.0,
842,KRT8+ transitional,-1.049,3.281,1201.1,411.3,0.524
843,Macrophage,-2.847,-7.737,1082.5,466.8,
844,Endothelial,8.960,-5.357,681.5,404.8,
845,AT2,-8.127,3.198,647.4,335.2,0.165
846,Endothelial,9.253,-4.851,1211.6,878.4,
847,AT2,-7.490,2.239,831.7,815.4,0.126
848,AT2,-6.035,2.598,1424.0,222.2,0.265
849,Ciliated,-6.948,-5.903,63.8,476.8,
850,Endothelial,6.913,-5.186,365.5,828.0,
851,Macrophage,-4.785,-7.557,455.4,418.5,
852,Ciliated,-7.356,-5.333,178.0,338.5,
853,Endothelial,9.291,-6.001,1520.5,22.8,
854,AT1,3.349,1.497,516.8,325.6,0.778
855,AT2,-9.211,2.305,1054.8,331.7,0.043
856,AT1,3.384,2.905,1530.7,406.8,0.751
857,Macrophage,-1.272,-7.751,451.1,272.7,
858,Macrophage,0.273,-8.132,224.7,124.4,
859,AT2,-8.464,2.448,309.3,202.8,0.093
860,KRT8+ transitional,-3.544,3.314,574.3,210.9,0.395
861,AT2,-7.836,2.398,892.4,491.0,0.109
862,Endothelial,7.961,-6.595,95.5,328.4,
863,AT1,6.301,1.055,1187.0,296.0,0.990
864,AT1,0.905,3.933,1600.0,192.0,0.631
865,Macrophage,-2.985,-7.667,1184.6,582.3,
866,AT2,-7.906,5.620,54.1,331.8,0.267
867,Endothelial,10.239,-5.184,1359.0,762.2,
868,AT2,-8.615,1.673,1217.9,502.0,0.001
869,Fibroblast,4.155,-4.122,1384.2,129.2,
870,Fibroblast,3.566,-3.122,1141.9,331.6,
871,AT1,5.839,1.937,588.6,711.8,0.902
872,KRT8+ transitional,-2.342,3.794,923.2,481.7,0.462
873,Fibroblast,-2.827,-5.407,1088.0,413.8,
874,AT2,-6.863,1.994,1521.8,316.9,0.161
875,Macrophage,-2.094,-7.512,772.9,216.1,
876,KRT8+ transitional,-0.576,3.053,1059.7,483.4,0.557
877,Ciliated,-5.812,-6.228,44.3,454.3,
878,KRT8+ transitional,-2.300,2.811,1047.1,417.6,0.476
879,Fibroblast,2.503,-3.875,1036.5,507.8,
880,AT2,-3.541,2.963,1217.0,107.3,0.418
881,Macrophage,-2.897,-7.223,246.2,287.7,
882,AT1,4.349,2.776,67.8,876.1,0.785
883,AT1,4.052,2.313,764.1,12.6,0.795
884,KRT8+ transitional,-0.254,3.342,970.5,560.6,0.565
885,Endothelial,6.708,-4.404,1581.5,859.2,
886,KRT8+ transitional,-0.935,3.123,1124.3,536.2,0.528
887,AT1,1.910,1.812,411.2,672.9,0.723
888,Basal,-8.925,-3.270,456.4,431.8,
889,Ciliated,-6.661,-5.906,268.8,332.5,
890,AT2,-3.814,2.579,63.9,757.7,0.372
891,Macrophage,-2.829,-7.029,52.5,832.8,
892,AT2,-6.986,2.885,1384.8,547.6,0.173
893,Basal,-7.848,-3.388,329.5,573.9,
894,AT2,-8.820,2.323,1104.0,544.5,0.094
895,Macrophage,-2.468,-8.047,1215.2,433.2,
896,AT2,-4.563,2.372,1197.8,126.6,0.319
897,Endothelial,7.734,-7.730,141.1,618.8,
898,AT1,2.195,3.023,506.1,272.9,0.676
899,Ciliated,-7.025,-7.438,450.1,438.5,
900,AT2,-6.859,2.544,878.3,490.1,0.168
901,Endothelial,8.383,-6.269,1283.9,404.1,
902,Fibroblast,-1.859,-4.647,1152.5,527.4,
903,AT1,4.560,1.600,1380.1,555.5,0.863
904,KRT8+ transitional,-0.068,4.292,1556.0,522.3,0.576
905,AT2,-7.273,3.486,726.4,295.6,0.233
906,AT1,4.926,1.774,1167.4,136.5,0.850
907,AT1,0.663,3.390,1094.9,45.0,0.611
908,KRT8+ transitional,-2.231,4.198,1210.9,189.2,0.483
909,Fibroblast,2.132,-3.998,1083.4,528.1,
910,AT2,-3.911,4.446,1126.9,254.3,0.394
911,Macrophage,-2.242,-6.760,953.8,400.3,
912,AT2,-8.163,1.695,967.8,705.7,0.011
913,Fibroblast,0.959,-4.007,122.8,286.4,
914,KRT8+ transitional,-2.633,4.206,1102.1,471.2,0.467
915,Macrophage,-1.140,-7.736,774.0,218.2,
916,Basal,-7.006,-2.887,437.5,394.2,
917,Fibroblast,3.589,-4.116,409.4,6.3,
918,AT2,-4.651,4.798,1415.7,540.7,0.369
919,Macrophage,-0.077,-8.176,1078.4,432.9,
920,AT1,4.620,0.495,1542.7,547.8,0.971
921,KRT8+ transitional,-1.783,3.338,1114.3,471.3,0.478
922,AT2,-5.667,3.805,44.8,72.6,0.328
923,AT1,6.863,2.588,656.0,526.5,0.889
924,Basal,-7.904,-3.026,367.1,338.9,
925,AT2,-6.610,2.916,600.2,316.7,0.217
926,AT2,-6.259,3.004,660.6,492.0,0.249
927,Ciliated,-6.295,-6.533,125.0,350.5,
928,Ciliated,-6.256,-6.087,103.2,531.7,
929,Macrophage,-0.899,-6.689,1533.7,621.2,
930,Basal,-7.220,-3.290,192.5,319.9,
931,Fibroblast,3.821,-4.675,520.4,466.4,
932,Macrophage,-2.378,-8.459,1253.9,485.5,
933,KRT8+ transitional,-3.895,3.558,1098.6,414.3,0.388
934,Macrophage,-1.351,-8.052,1075.5,461.1,
935,Endothelial,7.740,-6.440,934.3,895.7,
936,AT2,-5.178,3.642,454.7,568.8,0.339
937,Macrophage,-0.792,-7.732,1162.1,384.7,
938,AT2,-7.613,3.507,594.4,85.7,0.177
939,Ciliated,-6.089,-6.801,198.8,569.4,
940,Ciliated,-6.730,-6.357,330.0,339.8,
941,Macrophage,-1.901,-7.786,234.5,260.7,
942,Fibroblast,1.922,-3.397,1079.0,463.3,
943,Fibroblast,2.164,-2.718,1035.8,329.4,
944,Basal,-8.248,-5.299,424.3,368.8,
945,KRT8+ transitional,-2.352,4.382,1064.5,467.4,0.465
946,AT2,-4.068,2.885,995.6,70.8,0.373
947,Fibroblast,3.144,-3.641,898.7,882.5,
948,Endothelial,8.795,-4.501,483.9,106.3,
949,KRT8+ transitional,0.859,4.224,1161.3,486.0,0.605
950,KRT8+ transitional,-3.669,3.324,1172.2,367.8,0.391
951,Basal,-7.504,-1.960,309.6,324.3,
952,Fibroblast,5.068,-3.008,1025.9,411.7,
953,Fibroblast,2.899,-4.446,990.9,517.1,
954,AT2,-7.565,3.211,1475.4,846.3,0.197
955,Macrophage,-3.199,-7.292,1170.0,688.8,
956,AT1,3.089,4.421,565.3,373.2,0.698
957,AT1,3.655,1.246,1444.8,393.4,0.842
958,Fibroblast,-0.742,-5.552,1590.0,323.0,
959,Ciliated,-6.239,-4.175,266.9,569.1,
960,Ciliated,-4.796,-5.957,344.8,336.6,
961,Fibroblast,3.387,-4.134,511.4,898.5,
962,Basal,-8.332,-3.625,188.3,320.9,
963,Ciliated,-6.858,-6.390,355.7,337.9,
964,AT1,0.761,2.556,764.8,457.8,0.625
965,Basal,-6.993,-2.466,119.8,340.6,
966,KRT8+ transitional,0.344,4.163,396.7,176.9,0.599
967,AT1,5.698,0.687,48.4,326.9,0.985
968,Fibroblast,-0.157,-5.127,1091.6,516.6,
969,AT2,-8.795,2.486,213.0,708.5,0.052
970,KRT8+ transitional,-1.877,3.656,1118.4,477.5,0.475
971,Macrophage,0.296,-7.902,1061.5,457.2,
972,AT2,-6.268,4.171,1579.9,217.7,0.266
973,KRT8+ transitional,-2.274,3.484,1089.1,471.2,0.468
974,Fibroblast,0.251,-4.806,1121.2,411.5,
975,Ciliated,-6.854,-6.971,442.6,412.1,
976,AT2,-5.027,2.528,667.4,860.0,0.303
977,Macrophage,-5.265,-7.726,982.3,815.2,
978,Basal,-7.992,-3.418,457.5,409.3,
979,AT2,-6.822,3.387,863.9,352.6,0.246
980,Endothelial,8.371,-4.913,1303.1,774.7,
981,AT1,6.629,0.450,1253.5,89.3,0.999
982,Basal,-7.518,-3.506,27.9,465.4,
983,Endothelial,8.651,-4.386,458.9,573.2,
984,KRT8+ transitional,-0.530,3.193,533.7,745.5,0.553
985,AT2,-5.832,2.157,868.0,173.1,0.229
986,Basal,-7.710,-3.303,219.5,323.3,
987,Endothelial,8.324,-6.319,651.6,827.9,
988,AT2,-7.476,3.208,432.0,819.9,0.208
989,KRT8+ transitional,-1.304,4.097,1069.9,482.9,0.506
990,Fibroblast,4.823,-3.193,1092.1,431.9,
991,AT1,1.699,1.358,1448.9,623.4,0.709
992,AT2,-9.531,3.292,766.5,372.2,0.125
993,AT1,3.935,2.602,520.7,313.4,0.791
994,Ciliated,-6.985,-5.847,441.0,491.4,
995,KRT8+ transitional,-2.783,3.009,1036.1,436.3,0.435
996,Fibroblast,4.631,-4.258,1191.5,425.2,
997,Fibroblast,1.145,-4.410,1428.5,731.2,
998,Endothelial,9.842,-5.713,880.5,611.2,
999,Endothelial,8.238,-4.236,1377.2,121.7,
1000,Ciliated,-5.821,-5.067,368.9,553.4,
1001,AT1,3.020,1.543,110.5,244.4,0.792
1002,Endothelial,10.950,-7.054,1147.5,770.6,
1003,AT2,-9.997,3.307,1204.6,870.1,0.123
1004,AT2,-7.287,1.646,761.6,148.5,0.007
1005,AT1,6.367,0.726,1041.8,844.1,0.986
1006,Macrophage,-1.877,-8.041,472.5,414.9,
1007,KRT8+ transitional,-1.707,3.004,1082.8,466.5,0.492
1008,Basal,-8.534,-2.797,281.6,322.2,
1009,AT2,-5.244,0.598,1567.2,513.0,0.074
1010,Fibroblast,3.059,-4.407,1058.5,426.0,
1011,Macrophage,-0.539,-7.882,561.3,48.0,
1012,Basal,-8.816,-3.742,458.6,405.4,
1013,Ciliated,-6.889,-6.116,410.6,365.6,
1014,Ciliated,-7.472,-5.279,121.5,364.4,
1015,AT1,3.721,2.614,577.7,609.8,0.764
1016,AT1,4.697,2.008,669.3,160.5,0.848
1017,Fibroblast,0.913,-4.796,433.2,738.9,
1018,AT1,3.686,3.544,878.0,772.5,0.726
1019,Fibroblast,3.946,-2.996,190.3,216.1,
1020,Fibroblast,-0.060,-4.847,557.6,718.5,
1021,Fibroblast,0.954,-3.122,1001.8,343.2,
1022,Fibroblast,6.350,-4.169,744.3,27.3,
1023,Macrophage,-2.506,-6.324,613.3,799.1,
1024,Macrophage,-3.884,-7.239,1329.6,847.3,
1025,Fibroblast,1.885,-5.137,1127.3,432.2,
1026,AT2,-3.416,3.652,1154.9,392.2,0.406
1027,Endothelial,7.376,-6.770,327.4,77.4,
1028,Fibroblast,2.610,-3.208,1050.7,615.1,
1029,AT1,2.548,1.519,671.4,287.3,0.766
1030,AT2,-9.092,3.527,1059.2,403.2,0.177
1031,AT2,-4.611,2.976,1386.3,366.7,0.339
1032,AT2,-6.860,2.645,1333.6,42.0,0.180
1033,Ciliated,-7.342,-6.685,82.9,520.0,
1034,Endothelial,8.836,-5.262,91.8,814.4,
1035,KRT8+ transitional,-1.483,3.962,1085.9,472.0,0.508
1036,AT2,-10.020,2.291,749.5,458.7,0.042
1037,AT1,3.349,2.802,548.1,160.8,0.753
1038,Endothelial,7.528,-6.054,264.0,34.7,
1039,Endothelial,9.685,-5.555,1438.2,527.3,
1040,AT1,3.205,1.900,494.2,806.9,0.780
1041,AT2,-6.042,3.976,805.0,405.8,0.290
1042,Ciliated,-6.857,-6.677,181.0,574.1,
1043,Endothelial,8.441,-6.850,948.4,67.5,
1044,Ciliated,-5.664,-6.171,193.1,335.2,
1045,AT2,-7.667,2.501,161.5,545.9,0.135
1046,Fibroblast,5.281,-3.898,1059.2,464.2,
1047,Basal,-8.221,-3.558,412.7,529.7,
1048,AT2,-7.794,2.888,1117.7,754.4,0.131
1049,Ciliated,-5.852,-7.203,54.3,410.8,
1050,AT2,-8.974,1.832,183.4,81.8,0.013
1051,Fibroblast,2.874,-3.012,1063.8,498.7,
1052,Ciliated,-6.652,-5.402,203.2,331.7,
1053,AT1,4.006,0.761,306.9,655.6,0.928
1054,AT2,-8.415,2.704,823.2,172.0,0.104
1055,AT2,-7.649,1.591,843.2,814.6,0.010
1056,Endothelial,9.511,-6.265,353.1,16.9,
1057,KRT8+ transitional,0.646,4.006,1060.6,464.3,0.600
1058,KRT8+ transitional,-0.353,2.935,1071.2,420.7,0.552
1059,Ciliated,-6.256,-5.309,64.1,400.4,
1060,KRT8+ transitional,-2.853,4.237,1052.5,497.2,0.441
1061,Ciliated,-5.285,-4.844,102.6,368.1,
1062,AT1,5.748,0.907,144.8,159.4,0.966
1063,AT2,-6.886,1.143,637.8,828.5,0.024
1064,Macrophage,-3.631,-7.154,1150.6,465.8,
1065,AT2,-4.258,3.707,476.8,887.9,0.365
1066,AT1,3.705,3.379,471.3,774.7,0.735
1067,AT2,-3.998,3.984,551.5,192.1,0.400
1068,Fibroblast,2.856,-4.376,1380.9,899.7,
1069,AT1,1.972,1.959,518.4,376.1,0.708
1070,AT2,-7.003,3.171,933.2,803.9,0.223
1071,Endothelial,9.955,-6.132,1583.4,364.0,
1072,AT1,1.856,3.773,1196.4,738.2,0.641
1073,Fibroblast,1.467,-4.552,100.0,672.5,
1074,AT2,-9.416,2.144,1154.0,358.0,0.036
1075,Fibroblast,0.018,-4.321,891.3,54.4,
1076,Macrophage,-1.712,-7.747,913.2,254.7,
1077,AT2,-5.663,3.344,530.0,300.5,0.278
1078,Basal,-7.688,-2.842,87.3,364.2,
1079,AT1,4.213,1.105,411.1,121.0,0.873
1080,AT1,4.259,2.080,1048.0,163.1,0.826
1081,Endothelial,7.747,-4.641,617.1,304.5,
1082,AT1,0.617,3.475,1472.5,520.5,0.611
1083,AT1,2.377,1.573,388.5,201.5,0.748
1084,Fibroblast,2.767,-2.613,1071.5,476.9,
1085,Macrophage,-1.783,-8.104,1115.1,427.4,
1086,Macrophage,-1.054,-7.359,1044.5,462.1,
1087,Ciliated,-5.722,-6.231,431.0,504.2,
1088,AT2,-7.724,3.603,86.6,702.6,0.205
1089,AT2,-7.356,1.700,845.0,528.3,0.116
1090,Endothelial,8.351,-5.337,646.0,680.5,
1091,AT1,1.247,3.976,579.1,198.0,0.633
1092,AT2,-4.793,3.511,546.5,764.8,0.349
1093,AT2,-5.726,3.395,283.1,638.1,0.307
1094,Endothelial,9.582,-5.666,918.7,632.2,
1095,Basal,-7.421,-2.371,38.2,457.7,
1096,Ciliated,-5.917,-7.389,371.0,549.8,
1097,Endothelial,8.754,-4.765,1366.2,325.4,
1098,KRT8+ transitional,-1.297,4.226,1074.5,487.6,0.521
1099,Macrophage,-2.072,-6.580,1093.0,868.7,
1100,AT2,-8.606,1.927,680.4,131.9,0.057
1101,Endothelial,7.964,-4.146,111.6,861.2,
1102,Fibroblast,0.610,-4.609,1258.9,884.9,
1103,Endothelial,11.017,-6.743,524.9,113.5,
1104,AT1,3.165,3.242,871.1,19.1,0.729
1105,Basal,-8.357,-3.441,315.6,329.0,
1106,AT1,4.493,2.994,1364.8,521.8,0.784
1107,AT1,5.805,0.751,16.0,88.5,0.982
1108,AT2,-5.102,3.743,1444.3,625.1,0.318
1109,AT2,-8.654,2.967,1164.6,50.9,0.143
1110,AT1,5.743,1.589,1046.2,390.7,0.937
1111,AT2,-6.430,2.070,558.0,736.9,0.128
1112,Basal,-6.904,-3.000,324.7,318.0,
1113,AT2,-6.585,3.389,1161.0,723.2,0.237
1114,KRT8+ transitional,0.008,3.743,977.6,549.7,0.572
1115,Basal,-7.447,-2.815,136.9,567.3,
1116,Fibroblast,2.581,-4.632,120.2,572.4,
1117,KRT8+ transitional,-3.384,3.181,1069.7,478.6,0.410
1118,Fibroblast,-0.865,-4.836,10.2,684.2,
1119,AT2,-7.286,3.202,1527.5,261.5,0.206
1120,Endothelial,8.775,-5.553,986.3,882.1,
1121,Fibroblast,-0.209,-5.557,1510.1,723.5,
1122,Endothelial,6.652,-6.288,132.3,57.2,
1123,AT2,-9.067,2.357,1600.0,194.3,0.080
1124,Ciliated,-6.085,-5.107,362.3,557.4,
1125,AT2,-2.939,2.578,76.8,705.5,0.413
1126,Fibroblast,-1.355,-5.303,1076.2,511.7,
1127,Ciliated,-6.914,-6.916,94.8,374.2,
1128,KRT8+ transitional,-4.234,4.342,1109.3,493.0,0.384
1129,Ciliated,-6.451,-5.737,38.9,457.2,
1130,Ciliated,-6.085,-5.244,173.1,335.3,
1131,Fibroblast,1.471,-3.242,1241.7,628.8,
1132,AT1,2.559,2.585,1207.0,251.8,0.722
1133,AT1,5.156,2.638,966.4,133.9,0.814
1134,Endothelial,6.879,-6.932,667.3,886.1,
1135,Fibroblast,-2.272,-5.562,920.9,452.6,
1136,AT2,-6.902,3.938,508.5,86.3,0.256
1137,Basal,-7.978,-3.428,301.9,577.0,
1138,Macrophage,-2.283,-7.370,888.3,544.2,
1139,Endothelial,7.753,-5.259,666.4,559.6,
1140,Endothelial,9.063,-4.273,971.0,518.1,
1141,Endothelial,8.238,-4.689,535.7,496.4,
1142,Fibroblast,0.167,-4.857,958.7,328.9,
1143,Macrophage,-2.287,-6.946,1072.3,504.9,
1144,KRT8+ transitional,-0.723,3.766,1100.6,475.0,0.538
1145,AT2,-6.748,3.773,749.5,547.5,0.251
1146,KRT8+ transitional,-1.541,3.424,1056.8,471.9,0.498
1147,Fibroblast,5.344,-3.444,512.8,107.2,
1148,Endothelial,11.216,-5.667,325.1,709.1,
1149,Fibroblast,1.969,-4.214,195.6,780.0,
1150,Basal,-9.695,-4.260,296.0,584.6,
1151,Ciliated,-6.294,-4.786,77.4,391.1,
1152,AT2,-8.197,2.767,1204.2,250.1,0.125
1153,Endothelial,11.007,-5.321,739.9,457.9,
1154,Fibroblast,2.564,-4.200,1122.4,519.1,
1155,Endothelial,7.563,-7.271,1107.9,162.9,
1156,AT1,3.810,2.583,1287.8,597.8,0.745
1157,Ciliated,-6.104,-6.430,432.1,507.7,
1158,Macrophage,-2.810,-6.046,47.3,597.7,
1159,AT2,-10.356,2.019,926.5,502.7,0.000
1160,AT2,-4.770,1.531,268.2,628.1,0.283
1161,Fibroblast,1.616,-3.978,1094.9,645.7,
1162,Fibroblast,3.300,-4.349,726.0,11.8,
1163,Macrophage,-1.392,-7.065,78.8,279.5,
1164,KRT8+ transitional,0.403,4.303,1038.1,440.2,0.585
1165,AT1,4.826,0.936,3.0,849.5,0.938
1166,KRT8+ transitional,-1.115,3.602,1326.5,65.9,0.514
1167,Fibroblast,-1.046,-6.168,115.3,144.5,
1168,AT2,-5.860,2.553,1382.6,617.8,0.240
1169,AT1,3.847,1.106,112.9,641.8,0.865
1170,Fibroblast,3.869,-3.563,537.1,877.5,
1171,Endothelial,9.830,-4.986,5.4,228.1,
1172,AT2,-6.712,3.461,647.8,173.0,0.241
1173,Macrophage,-1.200,-6.655,1094.0,532.6,
1174,Macrophage,-1.977,-7.600,1028.5,437.0,
1175,KRT8+ transitional,-1.159,3.858,1080.1,470.2,0.520
1176,KRT8+ transitional,-1.152,3.507,101.5,309.0,0.523
1177,Ciliated,-6.474,-6.990,367.8,552.0,
1178,Fibroblast,-1.426,-6.788,219.4,632.4,
1179,AT2,-4.442,3.904,1250.0,292.0,0.368
1180,Endothelial,11.003,-6.761,1089.4,120.7,
1181,KRT8+ transitional,-1.408,3.031,967.7,494.9,0.501
1182,Endothelial,10.012,-5.252,983.6,875.4,
1183,Endothelial,7.594,-5.055,546.0,751.7,
1184,Ciliated,-7.124,-5.958,233.7,325.0,
1185,KRT8+ transitional,0.136,2.815,1094.3,505.3,0.587
1186,Macrophage,-0.311,-8.347,1065.2,491.0,
1187,Basal,-7.546,-3.906,284.7,319.0,
1188,AT2,-4.618,4.577,295.8,839.9,0.376
1189,AT1,1.377,1.715,1456.0,443.7,0.682
1190,AT2,-9.680,1.994,455.1,659.2,0.036
1191,AT2,-8.721,2.583,634.6,189.1,0.113
1192,AT2,-3.967,5.415,1264.2,497.4,0.408
1193,AT2,-9.387,2.866,522.3,852.6,0.094
1194,Endothelial,9.924,-6.751,648.8,377.9,
1195,AT1,2.355,3.193,961.9,861.2,0.679
1196,AT2,-4.613,3.974,1148.0,841.8,0.369
1197,Fibroblast,1.803,-3.416,590.7,276.6,
1198,Fibroblast,0.823,-3.828,969.3,553.5,
1199,Ciliated,-6.614,-5.917,151.5,558.5,
1200,Endothelial,7.570,-6.381,1266.4,114.8,
1201,AT2,-6.460,4.278,716.8,258.8,0.278
1202,AT2,-3.784,2.327,665.4,293.0,0.366
1203,Ciliated,-7.073,-6.701,64.0,402.3,
1204,KRT8+ transitional,-1.878,3.660,1083.7,481.8,0.501
1205,AT1,3.650,1.253,773.0,768.8,0.847
1206,AT1,1.822,3.167,42.3,881.3,0.669
1207,AT1,1.814,5.498,318.5,139.7,0.638
1208,AT1,5.625,1.012,1268.2,205.0,0.947
1209,AT2,-7.727,1.191,1336.2,257.2,0.008
1210,AT1,5.431,1.257,638.0,641.4,0.923
1211,Endothelial,8.587,-4.458,193.5,172.4,
1212,KRT8+ transitional,-2.710,3.687,1142.8,501.9,0.449
1213,Endothelial,10.059,-5.601,583.2,588.1,
1214,AT1,1.441,2.289,749.0,24.2,0.658
1215,Endothelial,8.408,-2.596,182.1,801.9,
1216,Endothelial,10.128,-6.147,1132.9,760.7,
1217,AT2,-7.677,1.852,323.7,778.5,0.057
1218,AT2,-9.426,2.725,289.7,216.0,0.100
1219,Fibroblast,0.983,-5.829,1049.8,475.7,
1220,Fibroblast,3.415,-4.078,1583.5,391.2,
1221,AT1,2.146,0.648,1013.2,22.8,0.833
1222,Fibroblast,4.327,-3.645,986.1,468.1,
1223,AT2,-6.924,2.827,1574.0,434.6,0.202
1224,AT2,-4.948,3.705,1254.4,186.7,0.338
1225,AT2,-8.757,2.409,493.0,617.5,0.100
1226,AT1,6.810,0.763,1177.1,138.4,0.995
1227,Fibroblast,-1.328,-4.841,1422.6,502.0,
1228,Endothelial,6.428,-4.277,1311.4,354.8,
1229,AT2,-6.905,2.321,1301.5,590.4,0.181
1230,Macrophage,-1.347,-8.323,1360.1,457.3,
1231,AT1,6.285,1.261,320.8,751.8,0.963
1232,Basal,-8.445,-4.235,455.9,496.6,
1233,Macrophage,-2.772,-6.685,826.6,60.8,
1234,KRT8+ transitional,-1.306,3.905,1080.4,466.9,0.504
1235,Ciliated,-7.015,-4.927,442.7,440.8,
1236,AT1,1.774,0.653,736.6,467.7,0.745
1237,KRT8+ transitional,-1.234,3.611,1109.8,487.5,0.509
1238,AT2,-5.449,2.340,1091.7,451.1,0.269
1239,Fibroblast,2.643,-2.960,1153.9,253.2,
1240,Ciliated,-6.101,-4.867,270.5,582.6,
1241,AT1,5.688,0.448,1218.2,103.4,0.975
1242,Macrophage,-2.819,-7.799,1049.5,600.6,
1243,AT1,2.720,2.279,1481.5,630.9,0.737
1244,Endothelial,7.787,-5.621,118.1,830.6,
1245,Ciliated,-6.372,-7.200,78.4,507.5,
1246,Fibroblast,1.163,-3.958,1077.5,477.0,
1247,AT2,-5.659,2.951,1106.8,899.9,0.299
1248,Endothelial,9.785,-5.143,920.2,806.2,
1249,AT2,-6.416,1.122,1191.7,636.1,0.084
1250,Endothelial,10.270,-6.106,1585.1,446.5,
1251,Basal,-8.815,-3.915,184.8,579.2,
1252,KRT8+ transitional,-4.051,3.456,1099.1,478.6,0.369
1253,Fibroblast,-1.127,-4.839,1048.6,430.1,
1254,AT2,-6.196,2.511,1006.4,459.8,0.216
1255,Fibroblast,0.597,-3.437,886.5,387.8,
1256,Macrophage,-4.136,-6.852,593.9,321.4,
1257,AT2,-4.781,3.737,764.8,343.6,0.336
1258,KRT8+ transitional,-1.902,2.831,945.2,577.6,0.479
1259,AT1,1.889,1.929,490.2,799.7,0.720
1260,AT2,-4.764,2.209,1055.3,378.5,0.304
1261,Endothelial,9.970,-6.448,793.4,137.3,
1262,KRT8+ transitional,-2.116,3.621,1052.3,346.0,0.468
1263,AT2,-7.012,2.860,742.7,51.9,0.220
1264,AT2,-7.998,1.693,483.8,50.0,0.083
1265,Fibroblast,4.025,-4.162,1511.8,742.6,
1266,AT1,0.540,1.439,768.6,626.6,0.636
1267,Fibroblast,-0.707,-4.993,941.6,318.5,
1268,Fibroblast,2.440,-2.248,93.0,800.9,
1269,Macrophage,-2.273,-6.938,1105.0,491.5,
1270,Endothelial,10.667,-4.067,148.5,848.2,
1271,AT2,-9.394,2.144,1600.0,203.0,0.040
1272,Basal,-7.600,-3.421,466.2,480.3,
1273,AT1,5.420,1.504,481.3,77.9,0.893
1274,Macrophage,-2.054,-7.282,521.4,628.7,
1275,Fibroblast,4.850,-3.571,346.2,873.0,
1276,AT2,-8.539,3.355,583.5,714.6,0.161
1277,Ciliated,-7.557,-5.693,300.4,331.9,
1278,Endothelial,10.301,-4.755,940.1,40.5,
1279,KRT8+ transitional,-1.766,4.749,1028.7,494.8,0.495
1280,Basal,-9.067,-3.045,98.4,355.3,
1281,Macrophage,-0.730,-6.925,926.1,151.4,
1282,Macrophage,-1.882,-6.448,462.9,320.3,
1283,AT2,-8.022,2.534,779.5,741.1,0.138
1284,AT2,-8.825,3.260,1379.9,12.3,0.156
1285,AT2,-4.010,1.386,936.5,258.1,0.360
1286,Endothelial,8.531,-4.451,1562.7,84.1,
1287,AT2,-6.604,2.448,732.5,364.5,0.194
1288,Fibroblast,0.068,-5.178,193.7,223.5,
1289,Macrophage,-1.748,-9.243,976.8,505.6,
1290,AT1,1.084,4.752,650.3,723.5,0.604
1291,Endothelial,8.407,-5.164,1566.3,226.8,
1292,AT1,2.574,2.241,580.4,828.2,0.727
1293,Endothelial,9.821,-6.744,593.3,860.8,
1294,AT1,1.936,2.093,506.9,577.6,0.710
1295,Macrophage,-4.252,-5.694,1090.4,473.3,
1296,AT2,-6.012,2.868,64.9,762.8,0.269
1297,AT1,4.052,3.288,1069.5,840.7,0.758
1298,Endothelial,7.046,-6.203,26.8,370.7,
1299,KRT8+ transitional,0.232,3.558,1224.8,482.1,0.588
1300,Macrophage,-3.250,-8.437,1039.9,462.3,
1301,KRT8+ transitional,-1.795,3.009,1077.0,461.4,0.490
1302,KRT8+ transitional,-3.288,3.187,1083.1,519.2,0.414
1303,Ciliated,-6.584,-6.642,344.8,550.3,
1304,AT2,-6.879,1.977,1180.2,461.1,0.124
1305,AT1,3.517,1.751,304.5,153.6,0.795
1306,KRT8+ transitional,-2.557,3.826,1058.5,414.6,0.470
1307,AT1,3.372,2.618,1309.8,584.5,0.751
1308,AT2,-3.650,4.088,1292.2,454.3,0.405
1309,AT2,-5.958,2.457,1262.1,98.5,0.229
1310,AT1,6.170,2.007,1246.2,180.9,0.912
1311,Basal,-9.118,-3.574,302.8,322.3,
1312,Endothelial,10.095,-6.874,1189.1,27.5,
1313,Ciliated,-7.332,-6.876,409.4,374.0,
1314,KRT8+ transitional,-1.459,4.331,967.7,521.1,0.504
1315,AT1,2.554,2.865,262.2,801.3,0.717
1316,AT1,3.675,0.976,796.5,546.3,0.884
1317,Ciliated,-6.128,-5.689,96.4,527.8,
1318,Endothelial,8.705,-5.343,502.5,889.5,
1319,AT2,-9.020,2.244,24.0,85.4,0.058
1320,Endothelial,8.647,-7.076,677.4,173.5,
1321,Endothelial,9.370,-4.985,655.6,573.5,
1322,Basal,-6.269,-2.677,222.6,580.5,
1323,AT2,-3.227,2.520,1113.9,475.1,0.402
1324,Ciliated,-6.503,-5.076,281.6,327.3,
1325,Fibroblast,0.734,-3.891,374.1,872.5,
1326,AT1,4.741,2.599,70.7,672.6,0.821
1327,Ciliated,-6.531,-5.890,145.7,344.7,
1328,Basal,-9.457,-4.594,440.3,402.8,
1329,Endothelial,9.876,-5.698,185.6,24.3,
1330,Basal,-8.286,-4.275,222.5,321.7,
1331,AT1,4.179,1.701,1233.7,56.2,0.828
1332,AT2,-8.056,3.275,1092.9,465.3,0.167
1333,KRT8+ transitional,-0.175,4.356,1065.7,467.4,0.553
1334,Macrophage,-2.532,-6.739,488.7,402.6,
1335,Ciliated,-5.255,-6.563,299.9,323.7,
1336,Endothelial,7.632,-6.456,191.7,781.7,
1337,AT2,-4.097,2.770,924.4,383.3,0.370
1338,AT2,-5.094,2.728,1265.7,477.8,0.291
1339,Ciliated,-7.432,-4.898,239.9,579.2,
1340,Basal,-9.801,-4.243,418.0,528.1,
1341,AT2,-4.480,3.119,1101.9,59.9,0.344
1342,AT1,3.608,2.731,337.9,734.4,0.745
1343,Macrophage,-3.021,-7.785,1007.0,408.2,
1344,KRT8+ transitional,-2.599,4.105,1073.5,419.9,0.467
1345,AT2,-9.204,2.707,1461.8,501.0,0.103
1346,AT2,-7.510,2.353,1110.3,574.0,0.124
1347,AT2,-8.622,2.181,1535.5,329.7,0.056
1348,AT2,-5.839,3.680,1154.5,485.0,0.292
1349,AT2,-9.444,2.721,1248.8,596.0,0.100
1350,Basal,-9.408,-4.074,173.5,321.0,
1351,AT1,0.930,2.442,531.1,723.0,0.637
1352,AT1,5.565,1.212,1218.4,697.4,0.910
1353,AT1,4.464,0.192,473.5,699.1,0.968
1354,Ciliated,-5.728,-5.849,204.3,324.7,
1355,KRT8+ transitional,-3.914,3.149,933.6,641.6,0.390
1356,Endothelial,8.601,-5.011,75.1,541.9,
1357,Macrophage,-3.216,-7.066,264.5,260.4,
1358,Endothelial,10.639,-5.476,348.4,683.4,
1359,KRT8+ transitional,-4.077,4.831,447.6,583.4,0.405
1360,Endothelial,10.677,-4.956,880.1,197.7,
1361,Endothelial,9.365,-7.335,700.4,526.7,
1362,AT1,4.989,3.045,1452.5,497.3,0.808
1363,AT2,-7.344,1.940,992.0,539.3,0.116
1364,Basal,-8.639,-4.172,81.6,364.8,
1365,AT2,-6.551,1.804,1043.4,482.7,0.167
1366,Endothelial,8.794,-6.193,1086.0,112.3,
1367,Basal,-8.250,-3.495,224.7,587.4,
1368,Endothelial,6.735,-7.315,1193.6,882.1,
1369,AT2,-3.271,3.955,1388.6,701.8,0.417
1370,Fibroblast,-0.295,-4.982,1074.6,478.4,
1371,Endothelial,7.042,-6.046,1362.9,774.8,
1372,KRT8+ transitional,-0.708,3.253,1174.2,495.1,0.552
1373,Endothelial,6.660,-8.249,1016.6,172.3,
1374,AT2,-4.736,3.200,993.6,580.0,0.339
1375,Endothelial,9.005,-5.436,438.7,371.9,
1376,AT1,3.718,1.817,419.7,7.0,0.819
1377,KRT8+ transitional,-0.750,3.480,249.4,51.9,0.540
1378,AT1,4.557,1.803,893.8,192.6,0.870
1379,Fibroblast,0.399,-4.904,439.6,168.6,
1380,AT1,4.211,1.489,1444.0,395.4,0.859
1381,Macrophage,-4.533,-6.714,355.5,730.7,
1382,Fibroblast,1.969,-4.316,655.1,82.4,
1383,Ciliated,-5.786,-7.335,379.7,354.7,
1384,Endothelial,9.426,-4.644,1551.1,765.9,
1385,AT1,3.760,1.060,1172.9,330.7,0.873
1386,Macrophage,-5.285,-6.038,1077.7,467.0,
1387,Endothelial,8.314,-5.217,1296.5,676.6,
1388,Macrophage,-4.054,-5.789,693.4,322.4,
1389,Basal,-8.383,-2.517,243.0,581.5,
1390,AT1,3.069,2.882,770.8,453.2,0.737
1391,Macrophage,-2.558,-7.009,1241.2,331.8,
1392,AT1,3.151,1.960,1233.2,43.5,0.767
1393,AT1,3.007,2.640,660.4,363.8,0.742
1394,KRT8+ transitional,-1.789,4.666,1130.5,469.7,0.498
1395,Macrophage,-2.306,-7.640,502.5,632.1,
1396,AT2,-3.784,2.508,1138.0,493.4,0.369
1397,AT2,-6.517,3.239,850.3,641.4,0.264
1398,Fibroblast,1.098,-3.869,1008.7,526.0,
1399,AT2,-6.628,3.308,976.2,555.7,0.249
1400,AT1,2.878,0.165,15.3,590.9,0.912
1401,Endothelial,8.436,-5.825,1135.3,255.0,
1402,Endothelial,10.788,-4.476,1359.5,553.4,
1403,AT2,-7.369,2.557,1214.9,700.4,0.174
1404,Fibroblast,3.962,-2.875,1263.8,279.1,
1405,AT1,1.982,3.582,787.3,593.7,0.653
1406,KRT8+ transitional,-0.753,3.354,1049.5,454.6,0.547
1407,Ciliated,-7.215,-6.415,149.7,562.6,
1408,AT1,6.481,1.412,77.7,716.6,0.945
1409,AT2,-8.102,2.850,304.8,184.5,0.127
1410,Fibroblast,-0.692,-4.080,1036.0,352.4,
1411,AT1,3.589,1.977,1089.6,769.0,0.785
1412,Fibroblast,-3.293,-6.021,85.8,19.6,
1413,AT2,-3.755,3.341,402.0,810.7,0.401
1414,Endothelial,10.174,-3.949,607.4,333.7,
1415,Fibroblast,-2.512,-6.725,1023.9,507.9,
1416,Macrophage,-1.409,-7.360,921.4,406.5,
1417,Endothelial,8.844,-6.431,143.7,302.7,
1418,Macrophage,-3.265,-7.054,1030.4,571.9,
1419,KRT8+ transitional,-0.114,3.461,1127.9,469.8,0.575
1420,Fibroblast,0.261,-4.395,882.0,197.5,
1421,AT1,6.347,0.695,882.1,671.8,0.983
1422,Endothelial,8.126,-5.928,781.0,426.4,
1423,Fibroblast,0.441,-5.380,985.7,151.1,
1424,KRT8+ transitional,-0.844,3.527,1093.2,462.8,0.539
1425,Fibroblast,-2.825,-6.231,1063.1,522.6,
1426,Fibroblast,0.486,-4.520,117.1,321.5,
1427,Macrophage,-3.916,-6.481,487.3,746.9,
1428,AT1,0.835,3.412,95.8,253.3,0.631
1429,Fibroblast,3.335,-3.896,1008.9,202.2,
1430,Macrophage,-3.831,-6.808,757.0,229.2,
1431,Endothelial,9.824,-4.962,578.4,867.6,
1432,Endothelial,12.462,-7.706,1462.2,551.6,
1433,KRT8+ transitional,-1.859,4.604,1115.3,418.3,0.487
1434,AT2,-7.631,2.959,1178.0,549.7,0.169
1435,Basal,-8.384,-1.906,130.3,568.2,
1436,Ciliated,-5.333,-5.617,438.3,491.3,
1437,AT1,5.897,0.539,829.4,250.9,0.994
1438,AT2,-5.374,2.405,553.3,498.4,0.276
1439,AT1,4.505,0.366,785.5,545.8,0.955
1440,Endothelial,8.772,-4.143,970.4,882.1,
1441,AT2,-6.992,2.924,763.1,336.1,0.232
1442,AT2,-5.888,2.149,1149.2,476.6,0.202
1443,AT1,4.931,0.976,210.2,898.2,0.915
1444,AT2,-6.005,2.875,1073.8,499.1,0.235
1445,Macrophage,0.084,-7.845,1527.6,457.1,
1446,AT1,4.801,2.247,1142.5,839.5,0.838
1447,Macrophage,-2.687,-8.165,1044.2,443.7,
1448,Endothelial,6.125,-5.279,1595.7,563.7,
1449,AT2,-3.191,3.641,742.5,613.3,0.407
1450,KRT8+ transitional,-2.843,3.915,1081.1,469.5,0.435
1451,KRT8+ transitional,-3.574,3.638,1437.0,551.7,0.384
1452,AT2,-7.685,2.393,1160.1,824.4,0.107
1453,Macrophage,-1.695,-8.491,1157.3,435.6,
1454,Macrophage,-3.740,-6.075,273.3,662.1,
1455,AT2,-4.588,3.699,1388.6,548.4,0.358
1456,AT1,7.969,1.399,211.3,635.1,0.969
1457,AT1,5.958,0.451,1103.5,168.2,0.990
1458,Endothelial,5.770,-4.375,926.6,231.1,
1459,Macrophage,-2.217,-7.136,489.2,522.0,
1460,Fibroblast,1.007,-4.329,1587.6,325.5,
1461,AT2,-5.152,3.681,786.0,399.6,0.302
1462,AT1,5.270,2.076,253.1,900.0,0.856
1463,Endothelial,10.548,-5.664,1404.4,653.0,
1464,Basal,-7.579,-2.828,466.2,436.8,
1465,AT1,5.857,2.049,1312.6,411.2,0.890
1466,AT2,-8.748,2.992,1561.7,515.8,0.123
1467,Macrophage,-3.019,-6.077,1065.0,453.1,
1468,AT2,-7.194,2.583,1070.4,462.5,0.167
1469,Ciliated,-6.766,-6.191,431.7,408.1,
1470,AT1,5.441,0.326,517.6,221.7,0.993
1471,AT1,3.282,0.838,136.0,577.7,0.876
1472,Endothelial,8.559,-5.124,1356.2,347.7,
1473,AT2,-5.074,3.760,1033.2,171.6,0.342
1474,AT1,4.551,3.450,596.7,78.6,0.787
1475,Endothelial,8.731,-5.287,1575.9,764.9,
1476,AT2,-8.711,3.232,1171.8,48.3,0.150
1477,KRT8+ transitional,-2.302,4.365,1018.1,499.2,0.465
1478,AT2,-8.428,1.603,1044.0,364.6,0.017
1479,Fibroblast,2.484,-3.106,1078.1,468.2,
1480,Ciliated,-5.706,-7.213,446.2,464.5,
1481,Endothelial,10.793,-5.402,1266.9,297.1,
1482,AT1,1.220,3.431,448.1,662.7,0.627
1483,AT1,1.307,3.664,368.8,221.7,0.631
1484,AT1,6.027,0.871,572.1,287.7,0.973
1485,AT1,3.391,1.769,97.7,86.3,0.799
1486,AT2,-8.140,1.999,1133.4,834.1,0.046
1487,KRT8+ transitional,-2.308,3.402,643.8,180.8,0.468
1488,Fibroblast,-1.366,-5.310,987.6,457.9,
1489,KRT8+ transitional,-1.146,3.843,1134.7,450.5,0.499
1490,AT2,-8.206,1.874,495.7,644.2,0.059
1491,AT2,-4.358,3.001,1585.5,263.4,0.355
1492,AT2,-8.111,3.750,100.2,664.5,0.198
1493,AT2,-4.646,5.356,462.6,615.7,0.384
1494,AT2,-7.168,1.936,124.6,245.0,0.118
1495,Ciliated,-5.884,-6.119,209.5,327.7,
1496,Fibroblast,0.983,-5.770,1093.9,441.2,
1497,Endothelial,8.581,-6.602,1022.4,894.5,
1498,Ciliated,-8.155,-6.464,146.3,556.4,
1499,KRT8+ transitional,0.074,3.595,1083.8,471.3,0.584
1500,Basal,-8.254,-3.879,265.0,316.4,
1501,Ciliated,-6.215,-6.936,53.9,495.9,
1502,AT2,-4.655,1.622,556.5,744.9,0.328
1503,AT2,-9.187,1.719,733.6,900.0,0.022
1504,Basal,-8.153,-3.441,169.7,579.3,
1505,Ciliated,-5.029,-6.787,272.1,578.4,
1506,Basal,-9.611,-2.126,50.4,410.9,
1507,AT1,5.410,2.473,912.5,315.4,0.841
1508,KRT8+ transitional,-4.191,3.552,999.8,424.7,0.383
1509,Endothelial,7.191,-6.241,1481.8,137.8,
1510,AT2,-8.453,2.298,1162.9,386.3,0.107
1511,AT2,-7.277,4.182,557.6,653.4,0.254
1512,KRT8+ transitional,-0.539,3.005,1081.8,475.4,0.543
1513,Ciliated,-7.053,-4.149,435.6,400.5,
1514,KRT8+ transitional,-1.198,3.144,665.4,586.9,0.514
1515,Endothelial,7.738,-4.857,539.8,416.1,
1516,AT1,4.259,0.487,1255.2,93.5,0.965
1517,Endothelial,8.078,-4.946,1330.4,360.0,
1518,AT2,-10.543,3.044,86.5,80.5,0.085
1519,Basal,-7.306,-3.103,191.8,320.8,
1520,AT1,4.785,2.877,121.2,245.1,0.803
1521,AT2,-8.002,4.170,1600.0,129.3,0.218
1522,Fibroblast,-0.158,-6.506,1001.1,887.7,
1523,Fibroblast,4.508,-4.767,438.8,766.0,
1524,Endothelial,6.732,-4.381,1220.3,24.1,
1525,Ciliated,-6.294,-5.330,440.2,493.9,
1526,Basal,-9.093,-2.990,467.2,478.3,
1527,AT2,-7.728,1.631,883.9,692.6,0.051
1528,Fibroblast,5.760,-4.417,306.3,748.1,
1529,KRT8+ transitional,-0.134,3.520,1127.9,578.7,0.562
1530,Basal,-6.867,-2.889,305.8,580.0,
1531,AT2,-4.384,1.272,1464.5,587.8,0.283
1532,AT2,-7.965,2.655,198.1,809.9,0.139
1533,Fibroblast,0.739,-4.441,1393.1,726.2,
1534,Macrophage,-2.159,-8.922,1206.8,449.7,
1535,Fibroblast,4.169,-3.304,1194.5,429.5,
1536,Basal,-9.505,-4.535,429.0,374.3,
1537,Fibroblast,1.935,-4.005,526.0,777.7,
1538,AT2,-9.819,4.005,111.7,627.7,0.152
1539,AT2,-3.435,2.631,1071.7,773.1,0.375
1540,AT2,-7.639,2.739,1409.1,415.2,0.166
1541,Endothelial,9.488,-4.930,948.0,855.0,
1542,Fibroblast,3.994,-3.697,1027.3,441.1,
1543,KRT8+ transitional,-2.506,4.092,1121.3,348.4,0.437
1544,AT2,-6.703,1.966,772.9,808.2,0.178
1545,Fibroblast,0.086,-5.086,911.3,822.8,
1546,AT1,0.727,4.408,470.7,771.5,0.605
1547,AT1,4.542,0.907,142.8,799.3,0.898
1548,AT1,5.234,0.275,723.7,900.0,0.996
1549,KRT8+ transitional,-0.852,3.095,1067.8,382.9,0.530
1550,Endothelial,8.773,-6.787,1582.0,358.1,
1551,AT2,-6.999,2.015,1307.1,850.1,0.128
1552,Fibroblast,0.188,-4.710,1522.3,817.2,
1553,AT1,3.754,0.037,742.5,276.5,0.961
1554,Macrophage,-1.263,-6.839,1102.4,471.6,
1555,AT2,-7.958,2.050,864.5,124.3,0.092
1556,AT2,-5.109,2.663,1182.0,448.3,0.308
1557,KRT8+ transitional,-0.680,3.276,1026.2,588.4,0.546
1558,Endothelial,8.561,-3.863,1043.6,862.0,
1559,Fibroblast,1.570,-5.133,1050.6,502.1,
1560,AT2,-6.875,2.592,647.9,315.3,0.210
1561,AT2,-3.872,2.359,464.9,21.6,0.371
1562,AT2,-9.355,3.707,237.3,796.4,0.147
1563,AT2,-7.140,2.228,978.4,566.4,0.134
1564,AT2,-9.947,3.976,1504.3,339.0,0.144
1565,Endothelial,9.329,-5.078,1550.0,737.7,
1566,AT1,0.941,4.514,1466.7,274.1,0.605
1567,AT2,-5.687,5.061,557.5,812.9,0.332
1568,Fibroblast,-5.923,-6.282,1101.5,456.2,
1569,AT2,-7.469,3.972,1563.3,522.7,0.226
1570,AT2,-4.433,2.536,1057.3,512.1,0.311
1571,Fibroblast,4.630,-1.779,1019.5,472.8,
1572,Fibroblast,-0.533,-4.297,1067.8,436.6,
1573,Macrophage,0.212,-7.618,1095.2,472.1,
1574,AT1,0.699,2.954,1418.1,270.1,0.613
1575,AT2,-7.108,2.493,982.4,354.9,0.137
1576,Fibroblast,-0.352,-4.652,1529.6,540.8,
1577,Endothelial,10.778,-4.426,1536.9,810.4,
1578,AT2,-4.362,2.921,701.5,791.2,0.358
1579,Basal,-7.076,-2.657,465.4,466.2,
1580,AT2,-7.384,2.718,1352.3,664.5,0.184
1581,AT2,-6.760,2.709,97.8,211.3,0.213
1582,AT2,-8.634,2.304,886.0,109.1,0.057
1583,Endothelial,7.183,-3.925,580.0,693.6,
1584,Endothelial,10.204,-5.794,1431.0,504.2,
1585,AT1,2.347,2.651,1478.9,17.0,0.705
1586,AT2,-6.870,1.340,434.6,669.3,0.011
1587,Endothelial,8.003,-3.166,1086.6,15.4,
1588,AT2,-4.796,3.376,1019.2,444.8,0.330
1589,Endothelial,10.493,-4.681,951.0,242.9,
1590,Basal,-7.382,-3.084,122.9,334.0,
1591,AT2,-7.566,3.994,434.6,670.7,0.224
1592,AT1,2.576,4.474,905.3,488.2,0.677
1593,Fibroblast,4.986,-3.354,1204.6,452.4,
1594,Macrophage,-2.424,-6.831,1091.7,330.3,
1595,AT2,-6.270,1.999,1054.0,612.4,0.189
1596,Macrophage,-2.463,-7.570,1009.6,417.1,
1597,Endothelial,8.800,-6.221,53.7,36.1,
1598,KRT8+ transitional,0.149,3.240,1109.9,504.2,0.593
1599,Macrophage,-3.315,-7.011,1081.0,470.0,
1600,AT2,-3.849,4.438,934.9,440.9,0.391
1601,KRT8+ transitional,-1.033,4.590,1063.3,461.7,0.525
1602,KRT8+ transitional,-0.355,3.557,1052.7,399.6,0.555
1603,Basal,-9.097,-3.565,94.0,532.6,
1604,AT1,4.079,2.397,1304.7,542.0,0.816
1605,KRT8+ transitional,-0.454,3.888,1143.2,430.4,0.555
1606,KRT8+ transitional,-4.220,4.614,1084.1,497.6,0.388
1607,AT1,5.319,0.887,745.6,664.4,0.964
1608,Ciliated,-5.477,-6.613,407.0,364.2,
1609,Fibroblast,0.178,-4.979,1512.7,41.0,
1610,AT2,-9.043,2.627,924.3,310.7,0.096
1611,AT1,5.367,1.258,908.4,315.7,0.911
1612,AT1,3.546,2.119,1527.9,403.9,0.776
1613,AT1,4.934,0.735,1152.9,52.0,0.954
1614,AT1,1.825,3.683,103.6,236.1,0.657
1615,Ciliated,-5.909,-6.666,56.6,498.6,
1616,AT2,-4.757,1.901,1381.2,394.9,0.275
1617,AT1,4.864,2.970,26.1,572.2,0.800
1618,AT1,1.185,2.816,1362.5,89.7,0.646
1619,Fibroblast,4.212,-1.801,1134.2,610.5,
1620,AT2,-4.156,4.040,1172.5,751.8,0.376
1621,AT1,1.562,2.401,1077.8,106.0,0.639
1622,Macrophage,-2.803,-7.976,610.1,518.1,
1623,Macrophage,-3.237,-7.152,1538.5,293.1,
1624,Fibroblast,5.154,-3.572,569.8,131.0,
1625,KRT8+ transitional,0.129,3.782,1054.7,439.8,0.582
1626,Endothelial,7.685,-4.376,604.5,286.5,
1627,Macrophage,-2.952,-6.921,1157.8,514.2,
1628,Ciliated,-6.823,-5.677,44.8,469.3,
1629,Macrophage,-1.586,-7.721,1183.1,356.9,
1630,Endothelial,8.616,-6.939,22.8,391.2,
1631,AT2,-5.084,1.548,1057.4,761.8,0.220
1632,KRT8+ transitional,-2.597,2.734,1339.1,790.0,0.441
1633,Macrophage,-3.077,-6.711,1080.7,468.7,
1634,Basal,-9.348,-3.444,59.2,502.0,
1635,Ciliated,-6.749,-7.864,71.6,493.6,
1636,Endothelial,10.202,-6.783,1257.4,675.2,
1637,AT1,6.074,2.019,1499.5,177.8,0.879
1638,AT2,-5.842,2.616,527.3,655.0,0.268
1639,AT1,2.569,3.122,1184.7,49.3,0.715
1640,Basal,-9.639,-3.020,460.6,417.5,
1641,Macrophage,-1.714,-7.611,1081.1,729.4,
1642,Macrophage,-0.914,-7.671,915.3,537.6,
1643,Basal,-7.242,-3.212,442.5,383.7,
1644,Macrophage,-0.566,-8.512,1223.2,213.7,
1645,Macrophage,-3.066,-6.707,1109.7,341.2,
1646,Macrophage,-4.554,-5.658,1091.7,576.4,
1647,Endothelial,9.694,-5.326,892.0,839.3,
1648,AT1,7.343,2.657,398.7,664.5,0.886
1649,Fibroblast,2.998,-4.398,38.2,689.6,
1650,Basal,-8.180,-4.255,96.3,363.4,
1651,AT1,2.719,1.767,220.2,705.8,0.774
1652,Macrophage,-4.129,-7.622,1208.2,795.6,
1653,KRT8+ transitional,-1.153,3.844,1083.2,475.2,0.526
1654,AT1,3.882,0.184,52.9,882.4,0.990
1655,AT2,-7.414,2.099,1302.4,833.6,0.154
1656,AT2,-8.008,1.410,1596.3,579.8,0.032
1657,KRT8+ transitional,-1.843,3.488,1007.6,462.2,0.491
1658,Fibroblast,1.228,-4.257,653.0,184.2,
1659,AT1,3.073,2.559,594.1,447.6,0.766
1660,Endothelial,7.692,-6.307,610.2,369.3,
1661,Macrophage,-1.281,-8.348,801.3,611.2,
1662,AT1,0.876,3.673,1196.5,132.8,0.619
1663,Endothelial,9.403,-5.720,705.3,553.5,
1664,AT1,4.845,1.402,147.7,797.0,0.885
1665,Endothelial,8.471,-7.777,303.6,206.0,
1666,Fibroblast,-1.245,-5.128,1041.7,627.1,
1667,Basal,-7.330,-3.867,133.6,337.1,
1668,AT1,1.499,3.098,1380.1,293.9,0.629
1669,AT1,4.695,1.739,159.5,637.3,0.884
1670,AT1,3.717,2.969,423.3,11.7,0.769
1671,AT2,-7.297,1.785,872.6,75.7,0.137
1672,AT2,-8.231,2.376,1468.0,418.5,0.140
1673,AT2,-3.830,4.047,1054.1,750.5,0.387
1674,AT2,-7.827,1.775,1078.3,486.9,0.074
1675,Endothelial,10.785,-7.299,768.1,660.7,
1676,Endothelial,8.889,-4.226,803.0,556.3,
1677,KRT8+ transitional,0.960,2.810,967.1,503.5,0.633
1678,Basal,-7.845,-3.309,82.0,374.9,
1679,KRT8+ transitional,0.325,3.429,1425.1,201.6,0.593
1680,AT1,2.107,2.879,184.6,760.8,0.678
1681,KRT8+ transitional,0.117,4.868,1107.7,441.1,0.569
1682,AT2,-8.952,2.198,1385.9,551.7,0.054
1683,Endothelial,11.087,-5.435,1286.9,298.7,
1684,Fibroblast,1.140,-5.653,1087.1,508.3,
1685,KRT8+ transitional,0.638,3.233,1113.2,405.8,0.604
1686,AT1,0.958,2.951,1526.9,257.9,0.622
1687,Fibroblast,3.353,-3.338,1022.8,450.0,
1688,Macrophage,-2.321,-7.681,1042.0,411.2,
1689,Ciliated,-5.228,-3.872,73.5,391.0,
1690,AT2,-7.472,1.595,838.0,193.1,0.052
1691,AT2,-7.875,2.522,899.1,652.0,0.139
1692,Fibroblast,0.779,-5.086,1044.3,569.7,
1693,Ciliated,-6.386,-6.485,54.7,405.6,
1694,AT2,-6.589,3.788,1079.5,461.7,0.278
1695,Fibroblast,0.698,-4.584,216.4,35.4,
1696,Endothelial,8.012,-4.964,348.8,628.2,
1697,AT1,7.232,1.213,926.8,248.2,0.967
1698,AT2,-7.004,2.001,397.6,583.8,0.140
1699,KRT8+ transitional,-0.615,3.489,1075.5,512.2,0.554
1700,Endothelial,7.731,-3.414,1025.5,723.3,
1701,Fibroblast,4.768,-4.571,1483.0,135.7,
1702,Fibroblast,3.345,-4.475,1052.1,513.7,
1703,Endothelial,8.193,-5.655,603.0,664.9,
1704,AT2,-8.063,2.211,1486.8,279.4,0.138
1705,AT1,1.157,2.370,638.1,647.9,0.644
1706,KRT8+ transitional,-0.781,2.201,1265.3,747.3,0.532
1707,KRT8+ transitional,-0.410,3.049,1053.7,504.5,0.555
1708,AT1,4.764,1.661,937.2,297.8,0.864
1709,Basal,-8.146,-4.434,128.4,336.1,
1710,Macrophage,-1.867,-7.514,1234.4,404.1,
1711,Endothelial,9.230,-6.479,148.6,106.8,
1712,AT2,-9.887,2.319,1166.7,481.0,0.029
1713,AT2,-4.691,3.509,495.9,319.2,0.358
1714,AT1,4.599,0.918,547.9,497.0,0.944
1715,KRT8+ transitional,-2.345,4.323,1237.5,467.1,0.462
1716,Endothelial,9.244,-6.495,907.2,818.1,
1717,AT2,-7.007,3.657,653.6,343.7,0.244
1718,AT2,-6.299,5.041,5.6,825.7,0.321
1719,Endothelial,9.782,-4.496,610.0,411.4,
1720,Endothelial,8.697,-5.234,383.9,882.3,
1721,Fibroblast,2.626,-4.687,677.6,773.7,
1722,KRT8+ transitional,-2.130,3.728,1130.0,493.3,0.473
1723,AT2,-10.841,2.195,1422.8,545.6,0.011
1724,Fibroblast,2.307,-4.515,609.5,88.9,
1725,AT2,-4.087,4.413,490.4,359.0,0.406
1726,KRT8+ transitional,-2.516,4.379,1203.4,494.0,0.457
1727,KRT8+ transitional,-4.098,3.377,1048.8,516.7,0.364
1728,Fibroblast,5.906,-3.062,545.6,415.1,
1729,KRT8+ transitional,-1.349,4.191,1106.5,530.0,0.516
1730,AT2,-4.384,4.957,1444.8,396.1,0.385
1731,AT2,-4.447,4.594,1044.3,838.5,0.386
1732,AT2,-5.010,2.806,1257.6,400.0,0.313
1733,Macrophage,-0.787,-7.762,41.1,608.7,
1734,KRT8+ transitional,0.762,4.496,1043.7,493.0,0.590
1735,Endothelial,7.229,-5.118,1003.3,674.3,
1736,AT1,2.950,2.266,25.8,875.6,0.745
1737,AT1,0.531,2.754,1331.2,881.0,0.618
1738,Fibroblast,1.610,-5.375,1049.0,460.6,
1739,AT1,0.756,2.076,1134.9,825.5,0.643
1740,AT1,4.378,1.601,1371.4,19.6,0.842
1741,Endothelial,7.383,-6.883,1404.4,532.5,
1742,AT1,4.067,0.533,769.2,330.0,0.960
1743,KRT8+ transitional,-0.574,4.230,1034.8,519.4,0.543
1744,AT1,2.883,3.257,1196.2,636.8,0.715
1745,KRT8+ transitional,0.494,4.394,1090.7,461.9,0.577
1746,AT1,6.020,2.025,574.0,215.8,0.886
1747,KRT8+ transitional,-1.720,3.871,1466.9,843.8,0.498
1748,AT1,4.527,3.666,670.4,781.5,0.759
1749,Macrophage,-4.464,-6.464,234.1,122.0,
1750,KRT8+ transitional,-1.108,3.434,1146.2,442.4,0.544
1751,Endothelial,9.652,-4.026,755.7,649.6,
1752,Endothelial,9.101,-6.612,1317.1,332.1,
1753,Endothelial,8.095,-6.621,664.2,11.4,
1754,Endothelial,8.888,-4.977,649.5,5.0,
1755,Fibroblast,-1.572,-5.470,534.5,511.9,
1756,Basal,-9.016,-4.256,54.8,492.7,
1757,Endothelial,10.276,-6.225,34.4,482.4,
1758,Endothelial,8.101,-5.225,1302.4,300.9,
1759,Endothelial,7.884,-4.916,1344.6,558.1,
1760,Fibroblast,2.376,-6.078,1004.9,297.7,
1761,AT1,2.519,2.880,1192.2,721.2,0.709
1762,AT1,3.566,2.628,410.1,669.3,0.770
1763,Fibroblast,-0.638,-5.524,1306.5,734.6,
1764,Macrophage,-0.458,-7.780,1179.9,679.4,
1765,KRT8+ transitional,-2.141,3.376,1048.1,453.4,0.468
1766,Endothelial,10.096,-6.255,33.6,742.1,
1767,AT1,6.497,2.354,965.0,163.4,0.875
1768,AT2,-9.838,1.796,556.8,798.5,0.002
1769,Fibroblast,1.464,-6.528,1092.5,122.8,
1770,Basal,-7.682,-2.341,119.4,348.3,
1771,Fibroblast,2.757,-3.868,1072.0,474.7,
1772,KRT8+ transitional,-3.147,3.040,1376.6,314.7,0.424
1773,AT2,-5.983,3.081,858.0,253.9,0.269
1774,AT2,-7.706,2.016,99.1,229.2,0.088
1775,Macrophage,-3.323,-7.326,350.5,760.8,
1776,AT2,-4.042,2.001,879.0,785.8,0.339
1777,Ciliated,-6.552,-5.533,230.3,326.7,
1778,AT1,6.945,0.854,1496.4,835.8,0.978
1779,Fibroblast,3.888,-3.868,1596.2,774.7,
1780,Ciliated,-6.276,-5.030,296.6,330.4,
1781,Macrophage,-2.823,-7.301,499.8,168.0,
1782,AT1,2.041,3.488,87.2,87.6,0.668
1783,Macrophage,-2.591,-6.276,1048.4,433.1,
1784,AT2,-6.755,1.553,1070.6,880.7,0.093
1785,AT2,-4.364,2.917,1092.1,461.3,0.356
1786,KRT8+ transitional,-0.579,3.754,973.6,509.3,0.550
1787,AT2,-4.656,4.974,915.6,344.2,0.386
1788,Endothelial,6.619,-2.752,917.9,868.1,
1789,Macrophage,-1.610,-6.748,479.5,420.0,
1790,AT1,6.145,0.664,600.6,193.7,0.970
1791,Fibroblast,3.568,-3.817,1521.2,20.8,
1792,AT2,-9.192,1.810,1455.8,558.3,0.005
1793,AT2,-5.984,4.344,1046.5,539.8,0.304
1794,AT1,1.427,3.806,642.0,630.3,0.648
1795,Ciliated,-7.769,-7.380,357.7,349.4,
1796,AT2,-4.642,5.180,300.7,844.6,0.385
1797,AT1,3.668,1.676,603.7,329.5,0.822
1798,AT1,6.947,1.107,946.6,110.9,0.972
1799,Macrophage,-0.280,-7.631,253.5,701.3,
1800,Basal,-9.634,-2.280,456.5,407.9,
1801,Endothelial,8.030,-5.153,280.8,36.7,
1802,AT1,5.049,1.969,673.5,784.5,0.855
1803,AT2,-7.280,3.596,415.2,718.3,0.202
1804,AT2,-6.740,2.912,1056.3,454.3,0.185
1805,AT1,3.341,1.739,1390.0,252.8,0.807
1806,Ciliated,-6.282,-5.629,62.1,499.1,
1807,Endothelial,8.712,-4.368,501.3,660.4,
1808,AT2,-6.429,3.296,1232.9,266.6,0.263
1809,Fibroblast,3.949,-3.515,1052.3,516.5,
1810,Fibroblast,0.986,-4.534,172.8,151.2,
1811,AT1,0.004,1.234,761.5,8.8,0.621
1812,Macrophage,-1.294,-7.766,1562.1,626.2,
1813,AT2,-6.237,5.219,432.6,533.2,0.317
1814,AT2,-6.040,1.483,1073.0,684.9,0.128
1815,KRT8+ transitional,-1.308,4.099,1064.1,482.7,0.506
1816,AT2,-9.699,2.585,1222.1,551.5,0.050
1817,KRT8+ transitional,-2.684,3.859,927.2,448.8,0.457
1818,KRT8+ transitional,-1.374,4.720,873.6,756.6,0.523
1819,Macrophage,-0.990,-7.998,1109.0,350.7,
1820,Macrophage,-2.019,-6.974,1074.0,474.6,
1821,AT1,4.150,2.547,861.3,796.3,0.795
1822,Fibroblast,-1.164,-5.725,1450.3,727.1,
1823,AT1,3.371,1.251,1067.7,161.1,0.829
1824,Fibroblast,1.426,-4.287,916.4,25.6,
1825,Fibroblast,1.185,-3.927,675.3,181.7,
1826,AT1,3.898,2.025,502.1,482.3,0.803
1827,KRT8+ transitional,0.132,4.065,1535.4,404.4,0.572
1828,AT2,-6.571,4.051,386.5,151.7,0.280
1829,Fibroblast,0.470,-4.627,1469.1,170.9,
1830,KRT8+ transitional,0.412,4.637,1041.2,526.0,0.576
1831,Endothelial,8.490,-5.448,519.2,689.5,
1832,Fibroblast,1.238,-3.881,752.3,444.6,
1833,AT2,-3.974,3.271,841.0,599.8,0.372
1834,AT2,-7.161,3.693,854.4,332.6,0.217
1835,Macrophage,-2.117,-7.260,446.6,284.5,
1836,Endothelial,10.477,-7.368,764.4,325.7,
1837,Fibroblast,2.228,-4.695,654.0,405.9,
1838,KRT8+ transitional,-0.567,3.460,1095.2,360.9,0.567
1839,Endothelial,8.766,-5.955,1348.9,286.6,
1840,Macrophage,-0.427,-6.376,1199.0,554.0,
1841,Endothelial,8.130,-3.473,1135.9,54.0,
1842,AT1,3.039,3.766,791.7,311.1,0.705
1843,Endothelial,7.963,-5.826,716.5,559.9,
1844,AT2,-7.589,2.517,917.1,411.3,0.143
1845,KRT8+ transitional,-1.044,2.735,1021.6,565.7,0.526
1846,Ciliated,-6.226,-6.119,377.0,355.0,
1847,Endothelial,7.355,-5.381,1533.9,539.0,
1848,Fibroblast,2.215,-5.173,1123.3,70.4,
1849,KRT8+ transitional,-1.683,3.130,1084.9,501.2,0.491
1850,Endothelial,10.306,-3.842,1128.6,816.5,
1851,Macrophage,-0.431,-8.006,261.7,112.8,
1852,KRT8+ transitional,0.118,2.429,1041.3,347.9,0.616
1853,Fibroblast,4.206,-3.138,88.8,79.4,
1854,Endothelial,7.183,-7.051,1044.2,489.2,
1855,Endothelial,8.949,-5.330,1404.6,639.1,
1856,Endothelial,7.902,-5.482,888.5,853.9,
1857,AT2,-4.208,2.266,439.8,586.8,0.345
1858,Basal,-8.870,-2.971,234.2,577.7,
1859,KRT8+ transitional,-0.738,3.482,1045.6,514.1,0.552
1860,AT1,6.054,0.744,1358.4,880.6,0.977
1861,Macrophage,-3.449,-7.646,425.1,49.7,
1862,KRT8+ transitional,-3.726,2.988,1041.3,568.3,0.396
1863,AT2,-4.600,3.270,1329.0,514.7,0.356
1864,AT1,2.047,3.743,480.6,82.1,0.667
1865,Endothelial,10.416,-6.034,883.6,95.6,
1866,Fibroblast,2.593,-4.774,1099.4,479.8,
1867,Fibroblast,-1.348,-4.272,1534.7,801.2,
1868,Ciliated,-5.025,-6.111,191.0,561.0,
1869,KRT8+ transitional,-3.226,3.669,1209.9,472.1,0.397
1870,AT1,0.925,1.963,529.5,361.8,0.645
1871,Fibroblast,6.314,-2.708,4.8,451.6,
1872,AT2,-7.452,1.793,783.9,603.2,0.067
1873,AT2,-4.855,1.205,655.2,242.9,0.244
1874,AT2,-5.772,1.715,584.4,201.3,0.174
1875,Fibroblast,1.736,-4.164,678.5,25.8,
1876,AT2,-7.654,2.610,650.8,87.4,0.158
1877,AT2,-5.785,5.332,820.1,404.9,0.355
1878,Basal,-11.249,-2.833,170.9,326.2,
1879,Basal,-7.619,-3.824,371.9,558.5,
1880,KRT8+ transitional,-0.527,3.922,1179.6,449.2,0.557
1881,AT2,-8.010,2.023,210.3,225.4,0.081
1882,Endothelial,9.279,-4.811,1209.0,7.2,
1883,AT2,-8.821,1.559,1489.4,374.8,0.011
1884,Endothelial,9.441,-6.051,1448.6,238.9,
1885,AT1,3.826,3.001,240.2,637.6,0.748
1886,AT2,-5.639,5.011,1060.6,619.6,0.350
1887,AT2,-9.546,1.683,456.4,11.7,0.015
1888,Fibroblast,4.848,-3.063,8.0,712.6,
1889,Endothelial,8.157,-7.040,1548.7,366.5,
1890,Endothelial,9.386,-6.605,1069.1,435.4,
1891,Endothelial,6.950,-6.678,1008.4,150.3,
1892,KRT8+ transitional,-1.825,4.194,1232.1,437.4,0.491
1893,Fibroblast,0.920,-4.962,1378.5,882.6,
1894,AT2,-4.892,3.688,1287.8,544.0,0.329
1895,Endothelial,10.564,-4.495,209.8,712.6,
1896,Basal,-8.619,-4.070,411.9,535.3,
1897,Ciliated,-5.652,-4.170,92.9,527.4,
1898,Fibroblast,-0.090,-3.361,1209.8,399.8,
1899,Fibroblast,1.764,-4.170,970.1,468.9,
1900,Macrophage,-2.235,-6.864,1347.0,457.3,
1901,Basal,-7.060,-3.090,230.7,317.1,
1902,AT2,-5.911,4.544,576.4,255.5,0.302
1903,KRT8+ transitional,-0.103,3.750,908.5,313.7,0.570
1904,AT2,-6.320,3.585,1416.0,816.9,0.243
1905,Endothelial,9.987,-3.870,64.5,683.0,
1906,Basal,-7.419,-3.312,136.4,567.9,
1907,AT2,-7.950,3.735,943.2,790.9,0.212
1908,Fibroblast,1.548,-6.141,1044.4,510.6,
1909,Ciliated,-5.880,-5.237,139.6,557.8,
1910,AT2,-6.904,2.062,472.9,697.3,0.085
1911,Fibroblast,3.257,-3.244,51.5,472.2,
1912,Endothelial,8.685,-5.118,1245.4,604.3,
1913,AT2,-6.420,1.545,143.2,250.8,0.102
1914,Endothelial,10.149,-5.849,1152.6,185.7,
1915,KRT8+ transitional,0.024,2.076,1019.7,411.9,0.607
1916,Macrophage,-3.423,-6.037,133.4,217.9,
1917,Ciliated,-5.824,-4.945,201.4,325.9,
1918,AT1,4.143,0.710,454.3,199.1,0.918
1919,AT2,-5.364,2.105,1050.9,650.5,0.251
1920,AT2,-10.259,2.079,1224.0,863.0,0.014
1921,Fibroblast,1.835,-4.086,1097.8,439.5,
1922,Endothelial,9.300,-4.390,16.6,394.5,
1923,AT1,3.760,3.517,168.8,780.2,0.744
1924,AT1,3.023,2.757,1366.3,597.0,0.744
1925,AT2,-6.589,4.329,1198.0,385.8,0.290
1926,KRT8+ transitional,0.517,2.939,1043.3,498.3,0.605
1927,Basal,-8.046,-3.389,471.5,466.8,
1928,AT2,-8.326,2.620,899.5,465.0,0.124
1929,Ciliated,-6.889,-6.751,272.2,327.4,
1930,Macrophage,-1.178,-7.302,654.8,110.9,
1931,AT1,5.149,1.173,538.4,4.9,0.924
1932,Basal,-6.953,-2.422,445.3,388.6,
1933,Fibroblast,3.369,-4.338,1084.6,390.9,
1934,Fibroblast,1.255,-4.310,1056.9,533.8,
1935,KRT8+ transitional,-0.673,4.234,1131.9,429.2,0.542
1936,Fibroblast,2.055,-4.801,628.6,678.8,
1937,KRT8+ transitional,-0.641,3.272,1078.2,443.2,0.561
1938,AT2,-6.628,2.991,960.4,139.5,0.218
1939,Basal,-9.498,-4.405,403.5,355.7,
1940,Fibroblast,-1.318,-3.852,1037.7,416.7,
1941,Basal,-6.712,-2.772,373.5,343.9,
1942,AT2,-6.636,2.578,655.0,299.7,0.214
1943,AT2,-7.445,2.136,1540.1,526.5,0.107
1944,Basal,-8.522,-3.699,186.3,579.7,
1945,AT1,4.087,1.918,589.0,132.6,0.802
1946,Fibroblast,2.997,-2.502,1162.5,569.8,
1947,Macrophage,-1.944,-8.015,1071.3,423.3,
1948,AT2,-8.488,2.057,1022.1,473.1,0.070
1949,AT2,-5.296,2.819,760.2,371.9,0.299
1950,Endothelial,9.884,-4.590,1255.8,141.3,
1951,KRT8+ transitional,-1.412,3.745,1108.5,431.9,0.509
1952,KRT8+ transitional,-1.436,3.848,1077.5,564.7,0.512
1953,Macrophage,-3.013,-7.460,1069.1,467.7,
1954,Fibroblast,0.490,-4.242,1067.8,616.7,
1955,Basal,-7.369,-3.508,175.1,323.7,
1956,Endothelial,8.623,-5.718,1168.8,729.8,
1957,KRT8+ transitional,-1.102,2.813,1123.8,447.7,0.540
1958,Fibroblast,2.016,-2.578,1099.2,489.2,
1959,Macrophage,-2.173,-7.544,1200.4,521.3,
1960,Ciliated,-5.456,-5.843,441.4,430.2,
1961,Macrophage,-2.010,-7.575,747.0,498.8,
1962,Fibroblast,3.958,-3.735,829.8,535.8,
1963,Fibroblast,4.932,-3.509,178.3,293.8,
1964,AT1,4.564,0.088,495.3,51.9,0.979
1965,KRT8+ transitional,-1.414,3.663,1149.7,529.4,0.488
1966,AT1,1.991,4.204,388.6,705.8,0.659
1967,AT2,-7.355,1.914,602.7,104.8,0.115
1968,AT1,5.125,1.662,1509.3,817.6,0.881
1969,KRT8+ transitional,-2.043,3.220,1133.1,496.0,0.471
1970,AT2,-7.268,1.811,684.1,282.4,0.022
1971,AT1,1.045,1.860,431.8,412.3,0.657
1972,Endothelial,8.376,-4.127,995.0,249.7,
1973,Macrophage,-2.429,-6.755,1055.4,70.5,
1974,AT2,-4.621,2.420,1304.8,852.1,0.316
1975,AT2,-4.579,3.015,432.4,816.9,0.335
1976,Fibroblast,2.050,-5.092,1390.1,673.4,
1977,KRT8+ transitional,-0.770,4.023,1177.9,433.0,0.530
1978,AT2,-3.718,3.291,1061.1,458.6,0.390
1979,AT2,-5.420,4.767,475.9,449.9,0.355
1980,Endothelial,8.318,-5.969,281.5,604.1,
1981,KRT8+ transitional,0.850,5.050,1100.2,493.8,0.596
1982,KRT8+ transitional,1.023,2.864,1151.2,477.1,0.626
1983,Fibroblast,3.286,-3.396,323.9,13.2,
1984,Fibroblast,0.589,-3.772,739.8,576.5,
1985,Fibroblast,-0.915,-5.049,131.4,629.4,
1986,AT2,-5.134,3.188,768.8,4.2,0.301
1987,AT2,-8.868,3.222,1047.2,338.0,0.135
1988,Fibroblast,-0.444,-5.965,1008.9,464.6,
1989,AT2,-7.201,1.957,218.7,662.2,0.129
1990,Macrophage,-3.524,-7.159,89.2,104.4,
1991,AT2,-4.756,2.168,1130.4,87.8,0.279
1992,AT2,-4.479,1.951,806.8,677.7,0.291
1993,Macrophage,-3.469,-6.330,1007.5,424.0,
1994,Fibroblast,4.942,-4.097,1041.2,639.3,
1995,Basal,-7.518,-2.124,413.3,531.8,
1996,Fibroblast,0.290,-4.304,1153.1,516.3,
1997,KRT8+ transitional,-3.722,3.871,1134.8,449.5,0.398
1998,AT2,-4.415,4.017,1152.0,427.8,0.358
1999,AT1,3.528,3.105,313.2,305.4,0.739
2000,Fibroblast,5.337,-2.330,632.8,368.0,
2001,AT1,5.139,1.274,1513.8,537.8,0.887
2002,Ciliated,-5.631,-5.347,418.5,377.2,
2003,KRT8+ transitional,0.214,3.891,1082.0,469.0,0.595
2004,AT2,-8.440,2.036,50.4,879.2,0.035
2005,Endothelial,9.029,-5.417,1348.6,301.2,
2006,AT2,-9.510,2.497,229.5,641.8,0.028
2007,KRT8+ transitional,-0.682,3.201,970.5,547.4,0.545
2008,Fibroblast,5.243,-3.169,816.2,702.2,
2009,Basal,-8.440,-2.198,381.4,550.8,
2010,Macrophage,-4.316,-7.770,1129.9,524.9,
2011,AT2,-8.254,2.655,202.5,882.9,0.124
2012,Ciliated,-7.981,-7.028,462.2,464.3,
2013,Fibroblast,0.230,-5.586,1501.5,366.1,
2014,Endothelial,7.907,-5.210,467.0,113.0,
2015,AT2,-9.017,2.383,16.7,582.2,0.079
2016,KRT8+ transitional,0.725,3.802,6.4,830.6,0.618
2017,Macrophage,-1.634,-7.248,902.4,185.2,
2018,Endothelial,10.906,-6.253,975.4,158.3,
2019,AT2,-7.054,1.259,251.9,635.5,0.090
2020,Basal,-8.617,-3.914,250.5,314.8,
2021,AT1,1.860,2.324,163.2,171.8,0.682
2022,AT1,5.276,0.524,714.8,264.4,0.990
2023,AT2,-8.426,1.785,966.1,669.2,0.032
2024,AT1,1.807,2.210,457.7,145.9,0.703
2025,Macrophage,-2.138,-8.744,483.6,510.2,
2026,AT2,-6.661,2.221,458.2,327.6,0.181
2027,Fibroblast,-0.837,-4.839,131.4,70.0,
2028,Fibroblast,0.163,-5.412,329.9,881.2,
2029,KRT8+ transitional,-0.561,2.382,518.0,494.8,0.544
2030,Fibroblast,-0.283,-5.571,1429.2,731.7,
2031,Endothelial,7.972,-5.543,683.9,145.0,
2032,AT2,-6.662,3.100,482.0,236.6,0.241
2033,AT1,1.811,5.220,1209.4,866.7,0.628
2034,AT2,-7.182,3.175,194.1,288.8,0.214
2035,Endothelial,9.842,-6.865,1509.8,66.5,
2036,Basal,-8.047,-2.986,454.0,426.2,
2037,Ciliated,-6.608,-5.903,187.3,331.5,
2038,Fibroblast,-3.736,-5.396,1100.2,453.8,
2039,Macrophage,-4.605,-6.861,1006.9,594.2,
2040,Macrophage,-1.686,-7.270,1066.8,480.7,
2041,Ciliated,-7.539,-6.229,354.3,553.6,
2042,Endothelial,8.160,-4.838,137.4,137.5,
2043,Endothelial,11.245,-5.167,523.3,122.0,
2044,AT2,-7.214,2.301,955.1,591.5,0.126
2045,Endothelial,10.959,-6.237,369.0,91.4,
2046,AT2,-4.959,2.490,1097.6,162.8,0.297
2047,AT2,-4.684,3.458,1419.0,387.7,0.347
2048,Macrophage,-4.637,-7.778,1179.3,453.9,
2049,Ciliated,-5.951,-6.522,342.4,563.4,
2050,Fibroblast,0.472,-3.049,1145.6,455.2,
2051,Macrophage,-2.900,-7.127,1007.8,609.2,
2052,KRT8+ transitional,-1.359,3.517,977.2,466.7,0.520
2053,AT1,5.529,0.760,1198.2,248.1,0.989
2054,AT1,1.081,3.655,1158.8,478.9,0.636
2055,Macrophage,1.489,-8.216,1435.9,789.3,
2056,AT1,6.390,0.737,171.2,132.4,0.980
2057,Macrophage,-3.286,-7.518,1075.1,403.8,
2058,Ciliated,-5.447,-5.744,428.4,402.3,
2059,AT2,-7.960,2.488,1174.7,351.8,0.101
2060,AT1,1.089,2.768,1420.8,206.3,0.637
2061,Endothelial,10.461,-5.950,79.0,66.4,
2062,KRT8+ transitional,-4.006,3.809,1177.6,568.9,0.395
2063,Fibroblast,2.389,-4.926,1162.9,206.5,
2064,Macrophage,-0.209,-7.978,524.1,43.8,
2065,Endothelial,10.948,-2.871,307.0,640.6,
2066,Endothelial,8.801,-5.438,307.3,585.4,
2067,Endothelial,7.897,-6.883,40.8,464.0,
2068,AT1,3.648,3.694,1321.9,252.6,0.724
2069,Ciliated,-6.793,-5.162,312.5,327.6,
2070,Fibroblast,-1.483,-5.112,110.7,662.7,
2071,Ciliated,-7.469,-5.991,56.8,407.6,
2072,AT2,-9.415,1.617,457.7,362.2,0.011
2073,Endothelial,7.433,-5.447,999.1,728.2,
2074,AT1,1.499,3.334,452.3,196.2,0.653
2075,AT1,4.882,0.193,27.2,571.1,0.976
2076,AT1,3.590,2.970,1570.6,427.1,0.749
2077,Ciliated,-6.803,-4.575,413.4,384.7,
2078,Fibroblast,4.716,-2.791,1072.1,484.3,
2079,Endothelial,9.120,-4.757,331.0,571.0,
2080,AT2,-6.572,3.431,1473.5,111.0,0.265
2081,Endothelial,5.896,-3.272,294.5,39.3,
2082,AT2,-7.457,3.120,1599.0,585.6,0.194
2083,AT2,-8.762,2.479,929.7,493.4,0.077
2084,AT1,6.267,1.776,1120.1,900.0,0.924
2085,KRT8+ transitional,-2.294,3.488,1088.4,423.8,0.462
2086,Fibroblast,0.881,-4.901,1229.3,523.0,
2087,AT2,-6.210,1.553,95.6,836.4,0.132
2088,Macrophage,-3.590,-6.522,504.5,185.9,
2089,Fibroblast,-1.037,-5.722,7.9,45.8,
2090,AT2,-4.731,3.904,1441.1,842.2,0.366
2091,AT1,1.281,2.749,819.5,813.4,0.658
2092,KRT8+ transitional,-0.898,3.163,1083.3,498.5,0.515
2093,AT2,-3.487,4.195,1412.4,421.3,0.414
2094,Endothelial,9.834,-4.841,1273.5,485.4,
2095,Basal,-7.994,-3.928,221.7,317.8,
2096,Ciliated,-6.452,-6.887,417.9,523.2,
2097,AT2,-6.074,3.224,788.0,797.5,0.270
2098,Fibroblast,4.376,-3.383,1099.3,443.2,
2099,AT2,-5.187,2.055,241.6,333.9,0.271
2100,Fibroblast,1.367,-3.198,1035.3,443.3,
2101,Endothelial,7.195,-6.090,1204.4,166.9,
2102,Fibroblast,-0.755,-6.052,1056.2,450.1,
2103,Ciliated,-6.325,-5.761,325.4,337.8,
2104,Endothelial,7.945,-5.945,1198.2,271.5,
2105,AT2,-3.731,3.585,1270.3,236.3,0.409
2106,Basal,-8.158,-3.365,35.7,433.6,
2107,AT1,1.474,2.696,110.5,290.3,0.671
2108,Macrophage,-0.199,-7.560,456.8,397.3,
2109,Basal,-7.550,-4.114,323.5,565.2,
2110,AT2,-4.446,3.460,1117.3,698.0,0.351
2111,AT1,1.727,2.728,1403.2,541.0,0.689
2112,KRT8+ transitional,-0.637,3.896,1149.0,464.2,0.540
2113,AT1,5.293,2.278,151.5,799.7,0.864
2114,AT2,-3.686,3.468,510.3,574.4,0.404
2115,AT2,-9.068,2.459,1368.2,332.1,0.077
2116,AT2,-10.148,2.469,185.1,874.7,0.041
2117,AT2,-8.027,2.237,1005.2,386.2,0.108
2118,KRT8+ transitional,-1.523,3.315,1221.7,666.4,0.484
2119,Endothelial,10.832,-5.743,418.9,882.6,
2120,Macrophage,-2.679,-7.901,895.5,298.9,
2121,Fibroblast,1.694,-4.725,1059.0,441.9,
2122,Endothelial,8.602,-4.430,1411.9,712.5,
2123,AT2,-4.750,3.314,744.0,546.2,0.332
2124,Macrophage,-3.477,-6.153,551.1,43.3,
2125,AT2,-9.328,1.999,554.6,101.9,0.046
2126,Macrophage,-3.053,-5.880,482.3,416.0,
2127,AT1,3.413,3.147,632.6,544.0,0.745
2128,Endothelial,8.857,-6.511,363.3,823.9,
2129,Basal,-7.842,-3.205,90.9,538.5,
2130,Endothelial,9.950,-4.354,1445.8,650.1,
2131,AT2,-6.990,3.172,79.0,778.6,0.222
2132,AT2,-6.874,3.317,189.1,733.4,0.236
2133,AT2,-7.978,2.878,417.3,4.3,0.156
2134,Macrophage,-3.529,-7.242,141.4,166.1,
2135,AT2,-7.454,3.019,1528.1,546.3,0.199
2136,Ciliated,-6.803,-7.367,91.2,527.8,
2137,Fibroblast,0.611,-3.651,1315.7,890.1,
2138,Fibroblast,0.180,-4.157,1110.7,414.5,
2139,AT2,-3.758,2.030,1189.6,637.8,0.360
2140,AT1,5.109,1.630,991.5,439.6,0.870
2141,AT2,-9.678,1.776,1416.4,230.2,0.002
2142,AT2,-6.170,2.625,1297.5,527.6,0.244
2143,AT2,-8.655,2.492,5.0,621.9,0.105
2144,KRT8+ transitional,-2.208,3.017,1026.1,514.5,0.476
2145,Macrophage,-2.339,-6.814,215.2,857.2,
2146,Fibroblast,1.695,-2.872,1056.1,450.6,
2147,AT1,5.935,1.147,1324.8,400.1,0.950
2148,AT1,4.185,1.770,1416.1,759.9,0.857
2149,Macrophage,-0.298,-5.794,973.8,358.7,
2150,AT1,5.117,1.219,673.5,823.2,0.919
2151,AT2,-4.187,4.658,903.1,648.8,0.403
2152,Fibroblast,2.816,-4.740,1268.6,725.4,
2153,Ciliated,-5.375,-5.948,399.1,373.5,
2154,AT2,-5.616,3.329,294.4,94.0,0.301
2155,Ciliated,-5.895,-7.167,304.1,573.7,
2156,AT2,-4.995,4.722,483.0,84.6,0.356
2157,AT1,5.176,0.989,427.6,310.4,0.948
2158,AT2,-5.526,1.522,885.7,230.4,0.082
2159,AT1,0.373,2.101,1493.3,744.6,0.635
2160,AT1,4.431,2.341,611.8,834.5,0.820
2161,Macrophage,-4.007,-6.947,1351.5,707.8,
2162,Endothelial,9.217,-7.261,542.7,481.9,
2163,AT1,2.182,1.834,312.6,153.8,0.713
2164,KRT8+ transitional,-2.393,3.199,1063.5,446.9,0.459
2165,AT2,-6.681,3.054,1040.3,712.5,0.240
2166,AT2,-3.249,2.977,517.2,828.8,0.396
2167,Basal,-8.468,-3.772,262.9,585.0,
2168,Macrophage,-1.964,-6.355,1072.6,442.7,
2169,KRT8+ transitional,0.284,3.572,1053.8,508.1,0.578
2170,Ciliated,-5.438,-4.135,379.0,555.4,
2171,KRT8+ transitional,-1.809,1.775,1057.1,443.0,0.498
2172,Fibroblast,2.015,-4.814,1474.5,720.2,
2173,Fibroblast,0.611,-5.147,1020.4,609.1,
2174,AT2,-7.257,2.486,860.3,371.6,0.195
2175,Endothelial,10.860,-6.695,1013.2,454.4,
2176,Fibroblast,0.557,-2.772,1004.4,449.2,
2177,AT1,1.920,3.585,1494.4,746.2,0.660
2178,AT2,-6.514,2.861,1207.8,319.4,0.214
2179,Basal,-10.748,-3.768,453.4,408.7,
2180,KRT8+ transitional,-2.156,3.484,1585.4,265.3,0.482
2181,AT2,-8.048,2.373,31.3,653.3,0.097
2182,KRT8+ transitional,-1.437,3.897,1331.6,137.3,0.501
2183,KRT8+ transitional,-1.012,3.011,1073.2,446.6,0.528
2184,AT1,5.795,1.340,824.3,305.7,0.924
2185,AT1,5.055,1.373,81.1,562.3,0.913
2186,AT2,-7.265,4.041,1018.5,500.0,0.250
2187,Macrophage,-1.870,-6.707,1068.5,447.7,
2188,Endothelial,8.202,-6.615,1598.7,742.8,
2189,Macrophage,-0.280,-7.444,399.5,608.9,
2190,AT2,-6.598,3.450,658.2,359.2,0.238
2191,Endothelial,9.754,-6.407,24.5,780.0,
2192,Fibroblast,3.447,-4.145,1359.0,770.6,
2193,Fibroblast,-0.297,-5.633,1051.5,375.7,
2194,KRT8+ transitional,-2.248,2.743,1128.2,504.5,0.461
2195,AT2,-4.851,4.039,234.3,727.5,0.362
2196,AT1,5.500,1.966,743.1,319.4,0.857
2197,Endothelial,8.530,-6.516,1220.8,893.3,
2198,Endothelial,8.941,-5.136,1246.3,699.9,
2199,AT2,-3.886,3.206,1382.8,257.1,0.360
2200,KRT8+ transitional,-2.314,3.162,1055.7,480.5,0.480
2201,AT1,4.395,2.331,1100.3,163.9,0.808
2202,Fibroblast,3.314,-4.555,356.4,6.1,
2203,AT2,-6.457,2.266,1079.1,451.6,0.205
2204,AT1,4.480,1.839,591.3,125.0,0.830
2205,Basal,-10.091,-3.162,471.3,460.4,
2206,AT1,3.394,1.863,1220.1,498.9,0.787
2207,Macrophage,-2.582,-6.713,1029.1,512.2,
2208,Fibroblast,4.094,-3.851,720.4,706.3,
2209,Endothelial,7.720,-5.835,971.0,10.8,
2210,Endothelial,8.086,-4.785,1070.1,808.6,
2211,Fibroblast,1.694,-5.860,1025.2,469.8,
2212,Endothelial,8.686,-6.984,4.8,714.8,
2213,Macrophage,-2.044,-7.798,1208.9,482.4,
2214,AT2,-4.631,2.439,659.7,92.9,0.324
2215,Macrophage,0.206,-7.772,1093.6,843.9,
2216,KRT8+ transitional,-1.719,4.708,569.2,462.0,0.498
2217,AT2,-7.711,2.550,1078.8,479.2,0.111
2218,Macrophage,-1.896,-8.058,803.3,638.3,
2219,Endothelial,7.906,-2.313,654.2,862.9,
2220,AT1,0.947,2.812,1270.1,340.4,0.642
2221,Fibroblast,-0.199,-2.882,1080.6,403.7,
2222,AT1,2.608,3.010,952.8,122.8,0.696
2223,AT1,4.981,1.170,618.0,85.6,0.937
2224,Macrophage,-0.596,-7.186,1070.9,473.8,
2225,Macrophage,-5.265,-6.421,175.3,575.0,
2226,AT1,5.238,2.662,937.5,288.1,0.833
2227,AT1,0.785,3.320,950.9,720.8,0.611
2228,Basal,-7.377,-3.599,73.2,524.8,
2229,Ciliated,-6.823,-6.547,396.6,366.9,
2230,AT2,-10.061,3.093,1236.4,527.7,0.108
2231,Macrophage,-2.362,-7.382,1096.5,468.9,
2232,AT1,2.340,1.628,1529.8,675.4,0.761
2233,AT2,-6.412,2.650,1208.2,257.3,0.220
2234,AT1,7.019,1.107,868.0,493.0,0.957
2235,KRT8+ transitional,-0.539,3.294,1078.7,471.2,0.530
2236,AT2,-4.922,2.279,982.2,472.7,0.314
2237,Endothelial,8.914,-6.012,997.5,302.9,
2238,AT1,5.840,0.834,1093.1,819.1,0.957
2239,Ciliated,-4.963,-5.034,81.9,381.9,
2240,Basal,-9.112,-4.696,277.6,578.9,
2241,KRT8+ transitional,-2.011,3.530,851.9,322.2,0.471
2242,Endothelial,7.355,-5.909,24.1,515.5,
2243,KRT8+ transitional,1.222,3.493,980.8,524.5,0.644
2244,Basal,-8.349,-3.917,187.8,327.3,
2245,AT1,5.655,1.144,672.3,584.2,0.970
2246,Macrophage,-3.908,-7.021,759.4,64.3,
2247,AT1,3.628,0.342,1589.2,94.0,0.929
2248,Macrophage,-4.090,-5.656,515.4,189.3,
2249,Fibroblast,1.581,-3.506,347.2,889.7,
2250,AT2,-7.428,1.784,445.6,366.2,0.069
2251,Endothelial,8.176,-5.472,1053.7,887.8,
2252,Endothelial,7.711,-4.892,173.7,331.2,
2253,AT2,-6.545,2.273,693.1,802.1,0.200
2254,AT2,-7.756,1.987,718.3,501.6,0.100
2255,AT2,-5.682,2.678,1099.2,76.2,0.257
2256,KRT8+ transitional,-0.211,3.975,1094.5,465.2,0.564
2257,Macrophage,-0.335,-8.090,1117.2,458.5,
2258,Endothelial,7.612,-4.099,1522.4,254.6,
2259,AT1,7.130,0.711,1374.4,131.5,0.999
2260,Fibroblast,5.525,-2.672,1077.2,472.5,
2261,Fibroblast,3.673,-2.052,1082.3,404.9,
2262,Macrophage,-0.766,-7.026,1046.6,449.0,
2263,Fibroblast,-1.515,-5.226,882.5,781.3,
2264,Macrophage,-1.204,-7.733,1099.5,463.0,
2265,Macrophage,-0.348,-7.869,1080.4,469.9,
2266,Macrophage,-2.823,-8.300,1077.8,565.6,
2267,Endothelial,9.056,-5.557,475.4,685.0,
2268,Endothelial,9.189,-7.716,484.7,660.8,
2269,AT1,2.242,1.604,1454.4,394.2,0.776
2270,AT2,-7.412,2.222,346.5,137.3,0.154
2271,Endothelial,7.485,-4.167,1599.7,85.2,
2272,Macrophage,-0.885,-8.566,1083.4,431.4,
2273,Macrophage,-4.067,-6.412,1122.2,489.2,
2274,Ciliated,-5.740,-6.897,219.6,576.2,
2275,Endothelial,7.649,-5.631,762.8,292.3,
2276,KRT8+ transitional,-2.872,3.509,1058.1,532.8,0.429
2277,AT1,2.857,4.056,1150.6,709.3,0.707
2278,Macrophage,-2.177,-8.354,486.5,853.6,
2279,AT2,-6.115,1.882,423.7,674.1,0.190
2280,Fibroblast,3.254,-3.487,926.7,507.0,
2281,Macrophage,-1.152,-7.580,798.9,54.3,
2282,KRT8+ transitional,-1.600,3.697,1598.7,112.4,0.487
2283,Macrophage,-0.341,-8.484,1163.2,458.0,
2284,KRT8+ transitional,-4.138,4.071,1079.0,468.2,0.389
2285,AT2,-3.893,3.115,1016.1,16.0,0.388
2286,KRT8+ transitional,-1.796,3.111,1159.2,48.4,0.491
2287,Fibroblast,0.672,-3.032,1076.5,474.5,
2288,Fibroblast,3.712,-4.009,1083.8,549.2,
2289,Fibroblast,2.504,-4.236,502.8,798.2,
2290,AT2,-4.305,2.415,133.2,249.5,0.335
2291,KRT8+ transitional,-0.229,3.504,969.9,472.5,0.558
2292,KRT8+ transitional,-2.261,3.321,1202.2,434.4,0.466
2293,AT2,-6.356,3.477,530.9,358.3,0.285
2294,Fibroblast,-0.492,-5.395,1061.8,408.7,
2295,Macrophage,-1.599,-7.387,1027.3,509.2,
2296,AT2,-7.770,2.413,1088.7,774.0,0.125
2297,Macrophage,-1.628,-7.359,1026.1,584.5,
2298,AT1,2.218,2.423,603.8,441.1,0.715
2299,KRT8+ transitional,-1.248,3.911,1120.1,455.3,0.508
2300,AT2,-8.065,1.358,434.8,382.0,0.030
2301,KRT8+ transitional,0.963,3.326,1020.4,857.4,0.606
2302,AT1,3.870,3.241,425.9,7.2,0.760
2303,Ciliated,-5.520,-6.825,439.6,477.6,
2304,Endothelial,8.567,-5.772,1189.3,608.0,
2305,AT2,-7.923,1.526,997.0,434.7,0.071
2306,AT2,-6.160,2.712,444.2,804.3,0.231
2307,Endothelial,7.766,-4.864,816.5,575.9,
2308,AT1,0.074,2.171,1410.4,391.7,0.602
2309,AT2,-5.253,2.699,393.8,583.1,0.291
2310,Endothelial,7.602,-6.887,206.8,51.2,
2311,AT2,-9.910,2.009,1065.8,470.5,0.029
2312,AT1,2.865,0.204,640.7,723.5,0.947
2313,KRT8+ transitional,0.153,3.805,1053.4,500.6,0.577
2314,AT2,-5.854,2.439,1053.2,14.9,0.264
2315,AT2,-6.802,3.992,1231.7,56.1,0.277
2316,Ciliated,-7.152,-6.116,413.5,531.3,
2317,Ciliated,-7.267,-6.073,88.6,519.6,
2318,Macrophage,-2.803,-8.277,1018.9,569.7,
2319,AT2,-9.191,3.975,1578.1,665.8,0.176
2320,AT1,3.067,3.227,144.3,796.7,0.723
2321,AT1,3.526,2.765,1315.6,503.5,0.741
2322,Endothelial,8.836,-5.823,18.3,219.5,
2323,AT1,2.508,2.891,1345.0,520.3,0.693
2324,Ciliated,-6.795,-5.627,113.8,532.2,
2325,Fibroblast,0.459,-3.595,1056.6,482.2,
2326,AT2,-3.605,2.917,1144.1,702.7,0.416
2327,AT1,2.784,3.465,161.3,791.7,0.687
2328,KRT8+ transitional,0.325,3.652,1546.7,553.4,0.574
2329,Endothelial,6.940,-5.245,525.6,700.8,
2330,Ciliated,-5.346,-6.011,351.0,553.5,
2331,AT2,-6.627,4.364,942.9,270.9,0.284
2332,Basal,-6.413,-3.054,251.9,583.5,
2333,Macrophage,-1.448,-8.101,470.7,822.7,
2334,KRT8+ transitional,-1.243,2.801,1014.0,454.2,0.511
2335,AT2,-8.200,2.329,510.4,554.7,0.111
2336,AT1,4.473,1.526,1303.9,245.3,0.855
2337,AT2,-3.342,3.622,1170.1,633.1,0.408
2338,Fibroblast,-0.355,-2.952,1194.6,453.3,
2339,AT1,3.253,1.474,132.6,246.8,0.814
2340,AT2,-8.278,2.570,711.3,788.3,0.076
2341,AT2,-8.769,3.579,797.5,536.6,0.172
2342,Endothelial,9.406,-5.028,1302.9,888.0,
2343,Endothelial,7.879,-7.207,806.8,849.1,
2344,Ciliated,-5.702,-4.127,205.1,565.5,
2345,Endothelial,8.192,-5.344,1441.8,488.4,
2346,Endothelial,7.794,-6.430,1285.7,324.6,
2347,AT2,-8.018,2.297,1101.7,425.8,0.108
2348,Fibroblast,2.754,-4.385,1145.6,438.0,
2349,Fibroblast,0.789,-5.086,84.0,880.5,
2350,Basal,-9.105,-3.271,201.9,318.4,
2351,Endothelial,9.777,-6.316,527.0,278.1,
2352,Fibroblast,1.603,-3.595,1172.7,444.0,
2353,Endothelial,9.989,-4.689,1355.6,335.6,
2354,AT2,-5.576,0.938,877.4,61.5,0.145
2355,Fibroblast,3.474,-3.812,1070.1,469.6,
2356,AT2,-8.286,1.685,1501.9,405.3,0.028
2357,AT2,-7.619,2.938,488.6,592.0,0.199
2358,AT1,2.154,2.166,1533.6,213.7,0.708
2359,AT1,2.123,1.780,1475.0,617.0,0.744
2360,Macrophage,1.165,-7.595,1037.6,443.9,
2361,Fibroblast,0.136,-3.463,889.7,474.2,
2362,Macrophage,-1.531,-8.639,611.6,135.9,
2363,KRT8+ transitional,-0.063,3.570,956.5,491.9,0.568
2364,AT2,-6.818,1.692,1204.8,408.7,0.119
2365,Macrophage,-0.011,-8.079,1077.9,472.6,
2366,AT2,-4.974,3.657,1016.4,29.6,0.330
2367,Endothelial,9.029,-5.937,620.3,574.6,
2368,Fibroblast,0.655,-3.470,448.8,675.2,
2369,AT2,-10.045,3.337,98.6,572.2,0.103
2370,Ciliated,-6.404,-5.824,155.3,560.8,
2371,Macrophage,-4.224,-8.533,1091.8,857.4,
2372,Ciliated,-6.778,-5.879,59.8,406.9,
2373,KRT8+ transitional,-2.906,3.186,1087.6,495.0,0.445
2374,Basal,-7.981,-2.275,450.6,431.6,
2375,Macrophage,-1.907,-7.473,1205.3,227.7,
2376,Fibroblast,5.035,-3.350,1269.3,268.3,
2377,Fibroblast,2.438,-2.961,660.4,474.7,
2378,AT2,-5.091,3.133,744.0,77.4,0.306
2379,AT1,1.094,2.528,511.8,278.7,0.651
2380,KRT8+ transitional,0.751,3.972,1103.8,511.1,0.604
2381,AT1,0.998,3.920,952.2,445.8,0.639
2382,Endothelial,9.492,-7.326,432.0,333.6,
2383,AT2,-4.902,4.580,1283.0,768.1,0.376
2384,Macrophage,-2.183,-6.437,1030.1,62.3,
2385,AT1,5.835,0.712,816.4,268.1,0.985
2386,AT2,-4.342,3.401,573.2,366.1,0.358
2387,AT1,4.365,2.967,638.7,263.1,0.781
2388,Macrophage,-3.944,-5.701,203.6,135.6,
2389,Macrophage,-1.783,-8.109,1097.1,446.2,
2390,AT2,-3.232,2.565,451.9,444.9,0.386
2391,AT2,-8.310,2.170,294.8,159.3,0.082
2392,Fibroblast,-1.414,-5.541,1128.6,376.2,
2393,KRT8+ transitional,-2.743,2.723,1001.0,427.6,0.438
2394,AT2,-4.821,2.259,723.7,688.8,0.312
2395,KRT8+ transitional,-4.118,3.594,1221.3,417.7,0.383
2396,AT2,-7.566,3.092,891.3,712.8,0.180
2397,Endothelial,7.649,-6.479,680.0,22.5,
2398,Fibroblast,5.066,-3.829,1101.7,442.3,
2399,AT2,-8.989,2.138,831.6,190.4,0.035
2400,Endothelial,8.646,-8.174,1449.1,141.9,
2401,Basal,-8.779,-3.405,444.6,391.8,
2402,Fibroblast,0.697,-5.272,1071.0,452.5,
2403,Endothelial,10.436,-5.829,1142.4,201.7,
2404,AT1,4.717,1.143,467.3,768.4,0.904
2405,AT1,4.782,1.572,328.2,754.1,0.857
2406,Macrophage,-2.966,-8.053,1021.8,338.0,
2407,AT2,-4.040,1.715,1174.8,559.6,0.337
2408,AT2,-4.185,2.912,879.8,606.0,0.350
2409,Endothelial,10.141,-6.080,1516.8,878.3,
2410,Endothelial,8.051,-4.292,1596.3,814.3,
2411,Fibroblast,1.868,-4.626,1221.5,554.0,
2412,KRT8+ transitional,-0.435,3.450,1164.7,447.8,0.541
2413,Macrophage,-1.567,-6.970,974.7,511.9,
2414,AT1,2.103,3.517,1511.3,200.0,0.690
2415,AT1,4.410,1.159,456.2,450.6,0.879
2416,Basal,-8.922,-4.601,29.2,417.8,
2417,AT1,4.273,2.635,770.8,769.1,0.803
2418,Fibroblast,-0.628,-4.688,1184.7,415.7,
2419,AT2,-3.417,3.702,933.9,496.9,0.397
2420,Ciliated,-5.067,-6.015,418.6,512.6,
2421,Endothelial,9.125,-4.322,322.8,578.1,
2422,AT2,-7.840,2.479,782.0,553.7,0.127
2423,Endothelial,9.152,-5.205,1188.7,182.3,
2424,Fibroblast,-1.003,-7.285,783.0,416.6,
2425,AT2,-8.570,2.076,1078.4,472.2,0.030
2426,Endothelial,7.991,-4.243,115.2,543.7,
2427,KRT8+ transitional,-1.877,3.850,1119.0,427.6,0.495
2428,Macrophage,-3.682,-7.271,902.4,561.2,
2429,Basal,-6.727,-3.248,287.4,579.1,
2430,Macrophage,-0.697,-8.261,625.2,235.8,
2431,AT2,-7.494,1.832,159.8,788.0,0.039
2432,Ciliated,-5.707,-5.579,449.4,424.4,
2433,KRT8+ transitional,0.407,3.310,1163.4,576.9,0.601
2434,AT2,-8.532,2.532,1375.1,738.4,0.108
2435,AT2,-8.843,1.836,1280.0,838.3,0.018
2436,AT2,-5.104,5.872,890.2,192.2,0.376
2437,Fibroblast,1.559,-3.876,1163.9,395.8,
2438,KRT8+ transitional,-2.263,4.673,1126.4,472.8,0.472
2439,Macrophage,-3.739,-7.038,1504.8,452.0,
2440,AT2,-7.980,1.862,641.3,823.9,0.001
2441,Endothelial,9.147,-5.115,130.5,139.1,
2442,Endothelial,9.162,-2.476,756.2,685.8,
2443,Macrophage,-2.365,-8.007,1083.0,493.0,
2444,Fibroblast,0.743,-4.363,1129.1,603.0,
2445,Basal,-10.339,-3.807,35.4,490.9,
2446,Ciliated,-5.444,-6.473,464.8,440.7,
2447,Fibroblast,1.287,-3.882,1511.6,834.9,
2448,AT1,3.347,1.261,325.2,758.0,0.805
2449,AT1,4.737,0.769,932.6,298.3,0.970
2450,AT1,4.653,1.364,1261.7,857.8,0.852
2451,AT2,-3.485,2.605,1074.0,890.3,0.401
2452,AT2,-5.096,3.167,1590.4,103.4,0.322
2453,AT1,0.470,3.043,1336.1,787.8,0.633
2454,AT2,-5.723,3.809,1176.9,357.8,0.298
2455,Macrophage,-0.774,-7.694,494.7,193.4,
2456,Ciliated,-6.102,-5.912,454.5,437.2,
2457,AT1,5.356,1.993,1468.6,269.5,0.867
2458,KRT8+ transitional,-3.600,4.028,1018.5,418.5,0.407
2459,Endothelial,9.870,-4.108,4.8,12.6,
2460,Macrophage,-1.298,-5.634,450.6,510.9,
2461,AT2,-4.694,5.006,641.2,624.8,0.376
2462,Fibroblast,1.308,-4.578,1060.8,478.0,
2463,Fibroblast,1.741,-4.177,638.4,407.6,
2464,AT1,3.304,1.394,485.7,621.9,0.828
2465,Endothelial,9.704,-5.849,994.0,737.8,
2466,AT2,-8.092,3.243,661.3,808.7,0.184
2467,Endothelial,7.013,-6.275,1333.3,284.1,
2468,Fibroblast,0.478,-3.181,1080.4,466.7,
2469,Endothelial,8.923,-7.825,1104.1,767.3,
2470,Macrophage,-3.850,-6.333,1545.4,591.0,
2471,Macrophage,-1.035,-8.524,1516.6,463.6,
2472,Endothelial,9.316,-7.201,901.7,52.6,
2473,Basal,-8.479,-3.523,323.0,575.4,
2474,Macrophage,-4.375,-6.370,801.5,50.2,
2475,AT1,5.202,0.918,1423.6,191.9,0.920
2476,Macrophage,-3.118,-8.021,1055.7,503.9,
2477,Basal,-8.185,-2.495,303.5,576.4,
2478,Macrophage,-0.431,-7.505,1111.0,496.4,
2479,Fibroblast,0.352,-5.528,1218.7,566.4,
2480,AT2,-3.761,2.806,736.2,307.1,0.387
2481,Macrophage,-1.856,-6.675,1093.2,470.7,
2482,KRT8+ transitional,-1.264,2.411,1087.0,595.9,0.521
2483,AT1,2.812,3.755,509.8,281.8,0.699
2484,Ciliated,-5.896,-6.594,369.4,546.1,
2485,AT2,-7.495,3.512,1067.3,317.6,0.192
2486,Macrophage,-2.992,-6.207,1082.5,725.0,
2487,AT2,-6.820,2.068,1255.6,259.3,0.151
2488,AT1,1.246,3.845,466.6,207.3,0.635
2489,KRT8+ transitional,-1.212,2.322,999.0,578.1,0.527
2490,Fibroblast,2.733,-4.405,1368.6,265.5,
2491,Fibroblast,0.067,-5.692,489.0,35.0,
2492,AT2,-7.573,1.932,1061.5,389.9,0.083
2493,AT2,-10.625,2.971,1278.2,837.8,0.070
2494,AT1,2.149,1.590,1391.5,251.6,0.747
2495,KRT8+ transitional,0.099,3.054,1099.3,455.8,0.591
2496,KRT8+ transitional,-1.393,4.273,1102.5,474.6,0.518
2497,AT2,-4.973,3.016,465.4,362.9,0.320
2498,KRT8+ transitional,0.368,4.331,1081.1,451.5,0.580
2499,Basal,-8.368,-3.745,401.9,358.3,
2500,AT2,-6.127,3.112,1102.7,815.4,0.272
2501,Fibroblast,0.876,-4.734,1094.3,490.7,
2502,KRT8+ transitional,-1.556,3.316,1061.6,506.5,0.504
2503,Macrophage,-2.692,-6.698,950.4,375.9,
2504,Macrophage,-3.145,-5.787,516.7,159.0,
2505,AT2,-4.326,4.702,425.2,272.3,0.399
2506,AT2,-3.210,2.693,99.0,94.3,0.413
2507,Endothelial,6.630,-6.395,1510.3,736.0,
2508,Endothelial,7.578,-4.422,1438.1,223.6,
2509,Fibroblast,2.979,-3.522,928.2,761.4,
2510,KRT8+ transitional,-0.720,4.143,957.5,432.3,0.541
2511,AT2,-8.568,2.262,1094.0,651.7,0.091
2512,KRT8+ transitional,-1.207,4.083,1592.5,315.1,0.511
2513,Ciliated,-6.896,-6.363,451.3,473.1,
2514,AT1,6.927,1.649,627.0,452.2,0.944
2515,Macrophage,-0.009,-7.791,539.1,55.4,
2516,AT1,1.194,2.274,1460.7,609.4,0.643
2517,AT2,-8.538,2.088,1205.2,494.3,0.064
2518,AT1,5.586,2.926,1227.9,282.8,0.827
2519,AT2,-8.763,1.587,218.2,661.2,0.008
2520,AT2,-8.456,4.205,1135.9,492.7,0.207
2521,AT2,-7.485,3.170,1099.2,79.7,0.196
2522,KRT8+ transitional,-2.794,4.345,1065.8,486.4,0.453
2523,Fibroblast,5.242,-3.790,1080.4,473.3,
2524,AT2,-8.999,3.199,964.5,407.0,0.139
2525,KRT8+ transitional,0.320,3.253,787.2,861.0,0.584
2526,Endothelial,9.829,-6.546,1582.3,704.4,
2527,AT1,4.719,3.126,1327.6,673.9,0.801
2528,Basal,-8.318,-3.970,421.9,380.2,
2529,AT2,-7.426,1.760,1360.4,49.3,0.111
2530,AT1,1.578,4.885,448.9,370.7,0.633
2531,AT2,-7.601,2.497,177.8,216.5,0.173
2532,AT1,4.658,1.562,1418.5,437.0,0.874
2533,Fibroblast,3.365,-4.035,748.8,130.1,
2534,Basal,-6.910,-3.838,268.7,310.4,
2535,Fibroblast,-1.622,-4.755,1044.9,432.0,
2536,AT1,7.129,4.655,1330.9,58.5,0.812
2537,AT1,5.931,0.953,1001.7,55.1,0.960
2538,AT2,-8.747,2.900,1042.9,713.6,0.127
2539,Basal,-7.001,-3.232,361.9,563.7,
2540,Macrophage,-1.281,-7.594,702.0,351.6,
2541,Macrophage,-0.048,-7.021,935.2,391.4,
2542,AT1,6.306,2.425,860.6,14.3,0.886
2543,AT1,2.924,2.238,1418.1,127.2,0.757
2544,Macrophage,-4.322,-7.063,1409.6,568.6,
2545,AT1,2.646,1.227,432.0,761.9,0.785
2546,Endothelial,9.058,-4.594,1501.8,276.8,
2547,AT1,2.920,1.756,435.9,780.2,0.796
2548,Macrophage,-1.940,-6.544,595.3,499.9,
2549,Endothelial,8.284,-5.040,806.3,566.2,
2550,Fibroblast,2.033,-4.067,128.2,809.7,
2551,Fibroblast,3.757,-3.717,1079.2,472.0,
2552,AT2,-6.946,3.905,1600.0,627.7,0.267
2553,Fibroblast,-2.608,-7.252,1090.9,537.5,
2554,KRT8+ transitional,-1.152,3.748,1130.1,354.8,0.512
2555,Macrophage,-2.830,-7.339,1216.8,806.7,
2556,Ciliated,-6.621,-5.768,436.4,401.2,
2557,Basal,-8.505,-2.970,221.4,318.4,
2558,Endothelial,8.071,-4.296,852.9,255.9,
2559,KRT8+ transitional,-1.371,1.729,1084.5,532.1,0.514
2560,KRT8+ transitional,-0.196,3.591,1071.1,473.6,0.581
2561,Fibroblast,-0.024,-5.717,1582.2,690.1,
2562,AT2,-8.681,2.174,1509.4,300.1,0.087
2563,Ciliated,-5.482,-5.882,188.8,324.9,
2564,AT1,4.947,2.373,430.3,428.3,0.836
2565,AT1,3.172,3.181,1597.2,289.0,0.735
2566,AT1,1.318,4.109,459.9,454.4,0.629
2567,Basal,-6.428,-3.960,41.4,486.7,
2568,Endothelial,9.389,-5.930,224.2,752.2,
2569,AT2,-4.657,5.490,968.2,135.8,0.390
2570,Fibroblast,1.465,-3.423,55.4,360.5,
2571,AT2,-6.618,4.105,376.8,43.6,0.275
2572,AT2,-4.262,4.692,82.8,165.9,0.394
2573,AT1,6.969,1.850,1042.9,735.1,0.932
2574,Endothelial,8.448,-3.418,562.3,681.9,
2575,Macrophage,-4.025,-7.683,957.4,399.6,
2576,AT2,-7.965,2.922,1487.2,37.6,0.127
2577,Ciliated,-6.935,-6.212,108.9,536.6,
2578,AT2,-8.404,2.333,683.9,280.2,0.110
2579,Fibroblast,2.913,-2.681,1217.6,440.9,
2580,KRT8+ transitional,0.493,3.242,1095.1,456.8,0.599
2581,Basal,-7.350,-1.347,38.8,471.0,
2582,Ciliated,-7.421,-7.327,57.7,484.9,
2583,Endothelial,9.774,-6.331,1009.9,125.3,
2584,Fibroblast,1.512,-4.811,639.6,675.2,
2585,Endothelial,6.966,-4.303,699.0,499.9,
2586,Fibroblast,4.776,-2.386,1084.9,442.1,
2587,AT2,-4.290,2.327,1054.3,425.3,0.319
2588,AT1,4.384,2.026,1392.4,284.4,0.830
2589,AT1,2.432,2.331,1479.2,527.0,0.701
2590,KRT8+ transitional,-1.607,3.705,988.4,514.2,0.498
2591,Fibroblast,0.579,-3.926,999.3,94.9,
2592,AT1,4.010,2.702,1600.0,105.3,0.776
2593,AT2,-8.789,2.938,1167.6,632.0,0.145
2594,KRT8+ transitional,-0.700,4.281,929.2,433.7,0.534
2595,AT2,-7.490,2.868,774.8,547.8,0.184
2596,AT2,-8.987,1.843,435.5,540.4,0.018
2597,Fibroblast,4.764,-3.394,1140.1,455.7,
2598,AT1,3.339,3.832,500.4,58.5,0.708
2599,AT1,4.709,2.036,996.1,73.8,0.839
2600,Ciliated,-5.107,-7.095,402.4,535.4,
2601,Endothelial,10.859,-5.330,957.4,48.9,
2602,AT2,-3.893,3.799,556.4,0.0,0.380
2603,AT2,-6.872,4.037,1380.3,736.2,0.255
2604,Endothelial,9.646,-5.028,546.4,436.2,
2605,AT2,-6.765,2.498,624.0,83.3,0.185
2606,AT2,-7.869,1.411,1083.9,285.1,0.067
2607,AT2,-6.466,2.618,1379.3,354.0,0.188
2608,AT1,2.951,1.536,963.8,658.5,0.785
2609,AT2,-7.360,4.515,720.8,165.4,0.263
2610,AT1,1.365,1.701,739.6,600.3,0.690
2611,Ciliated,-6.274,-5.744,342.6,340.2,
2612,Fibroblast,3.363,-3.706,1007.5,129.5,
2613,AT1,1.925,2.118,507.4,26.3,0.700
2614,Endothelial,8.149,-5.436,863.1,662.1,
2615,AT2,-7.827,2.859,1027.7,462.4,0.169
2616,KRT8+ transitional,-1.798,4.302,1140.3,398.2,0.484
2617,AT1,6.125,1.112,974.0,698.8,0.966
2618,AT2,-9.677,2.692,96.7,794.8,0.097
2619,Macrophage,-4.477,-7.962,1075.9,580.2,
2620,Fibroblast,3.257,-4.025,973.1,516.6,
2621,AT1,5.699,1.310,74.1,74.7,0.938
2622,Ciliated,-6.473,-6.352,67.6,514.2,
2623,KRT8+ transitional,-0.931,3.401,1417.7,428.7,0.535
2624,KRT8+ transitional,-1.126,3.470,926.6,441.4,0.511
2625,Fibroblast,2.283,-3.903,1054.2,430.2,
2626,Endothelial,10.342,-6.041,540.1,873.1,
2627,Ciliated,-6.519,-7.335,442.7,486.0,
2628,AT1,6.231,1.268,1398.2,408.9,0.942
2629,AT1,5.292,0.722,543.2,146.0,0.957
2630,AT2,-7.899,3.047,858.4,507.2,0.162
2631,Basal,-7.103,-3.163,154.2,335.3,
2632,Macrophage,-2.491,-7.530,816.3,755.6,
2633,AT2,-8.115,3.181,1389.8,396.6,0.163
2634,AT1,4.601,1.102,827.1,673.4,0.914
2635,KRT8+ transitional,-0.751,2.869,1089.8,466.5,0.563
2636,Endothelial,9.803,-5.709,1056.3,6.1,
2637,Macrophage,-2.311,-7.010,924.6,713.2,
2638,AT2,-9.128,3.591,656.0,481.0,0.136
2639,AT1,4.801,1.148,499.5,566.2,0.894
2640,AT1,0.035,2.802,813.9,511.2,0.607
2641,AT2,-6.736,2.578,717.0,900.0,0.202
2642,KRT8+ transitional,-1.610,2.836,998.4,414.0,0.493
2643,Fibroblast,-4.242,-7.004,670.7,81.3,
2644,AT2,-3.399,1.755,598.6,705.0,0.400
2645,Endothelial,8.019,-6.154,454.0,766.8,
2646,Basal,-6.727,-2.543,456.2,481.1,
2647,Macrophage,-0.462,-7.711,1085.1,355.3,
2648,Endothelial,9.039,-5.132,0.0,61.6,
2649,KRT8+ transitional,1.607,3.202,1015.1,581.5,0.643
2650,Macrophage,0.002,-7.088,635.1,132.4,
2651,Basal,-9.606,-2.517,316.8,573.2,
2652,Macrophage,-1.209,-6.353,668.8,317.6,
2653,Basal,-9.711,-3.147,232.7,314.1,
2654,Fibroblast,0.033,-4.924,600.3,562.2,
2655,AT2,-8.256,2.400,1299.3,518.5,0.082
2656,Macrophage,-3.120,-7.122,519.6,152.5,
2657,Basal,-8.165,-3.066,201.7,324.5,
2658,Ciliated,-7.323,-8.853,306.1,327.2,
2659,AT1,5.627,1.372,472.5,473.9,0.910
2660,AT2,-4.070,2.067,516.8,223.3,0.361
2661,KRT8+ transitional,-1.227,3.435,1109.6,471.8,0.512
2662,Ciliated,-5.421,-4.780,175.3,330.6,
2663,Endothelial,11.503,-6.915,59.8,210.4,
2664,Endothelial,10.666,-4.595,617.6,21.6,
2665,Macrophage,-3.406,-8.089,1017.3,380.5,
2666,AT1,2.977,2.953,1125.8,721.9,0.706
2667,KRT8+ transitional,-0.354,3.202,1113.1,465.1,0.555
2668,AT2,-7.444,3.393,793.9,311.0,0.231
2669,Macrophage,-2.080,-6.291,983.7,560.6,
2670,AT2,-5.795,2.246,299.5,143.6,0.238
2671,AT2,-5.658,3.350,1147.5,440.5,0.285
2672,AT2,-3.307,2.404,1158.1,379.6,0.388
2673,Fibroblast,-2.518,-4.482,1455.4,224.9,
2674,Endothelial,11.681,-6.515,127.2,136.2,
2675,AT2,-8.071,2.499,399.1,109.1,0.104
2676,KRT8+ transitional,-0.145,3.435,1077.1,465.3,0.571
2677,Fibroblast,0.378,-5.053,930.9,456.7,
2678,Endothelial,8.950,-6.713,605.7,705.0,
2679,Ciliated,-6.652,-6.914,387.0,358.5,
2680,Endothelial,8.096,-4.078,851.4,855.0,
2681,Fibroblast,5.639,-2.857,1075.6,560.1,
2682,Macrophage,-1.911,-7.660,1210.5,676.6,
2683,Endothelial,8.176,-6.145,1477.0,723.1,
2684,KRT8+ transitional,-1.170,3.285,844.8,214.1,0.522
2685,AT2,-5.420,2.866,1132.1,85.7,0.271
2686,AT2,-9.254,1.805,1495.8,658.6,0.019
2687,Basal,-9.177,-2.897,455.3,391.8,
2688,AT2,-7.404,3.731,1321.9,873.3,0.237
2689,AT1,0.970,2.994,515.1,16.7,0.627
2690,AT1,6.072,1.017,888.5,322.2,0.978
2691,Fibroblast,3.057,-3.550,278.9,768.4,
2692,KRT8+ transitional,-2.490,4.168,1067.3,460.0,0.460
2693,AT1,5.221,0.636,62.3,330.4,0.957
2694,AT2,-6.184,3.485,1212.0,498.9,0.285
2695,Endothelial,8.358,-5.250,1098.7,37.0,
2696,AT1,4.271,0.889,921.9,392.0,0.899
2697,KRT8+ transitional,-3.542,2.932,1082.9,469.4,0.382
2698,Fibroblast,-1.208,-4.920,1083.5,522.6,
2699,Basal,-7.413,-1.606,212.2,583.0,
2700,AT2,-8.436,1.943,1096.5,500.4,0.071
2701,AT2,-9.529,1.888,852.5,468.6,0.019
2702,AT2,-6.678,3.587,433.1,757.9,0.251
2703,Fibroblast,0.827,-5.710,1084.0,535.4,
2704,AT2,-3.807,3.475,84.9,868.4,0.396
2705,AT2,-4.651,2.730,283.6,634.7,0.354
2706,AT2,-7.137,1.131,1103.4,367.1,0.021
2707,AT1,4.970,1.549,466.5,24.7,0.908
2708,Macrophage,-0.929,-7.821,908.0,550.8,
2709,AT2,-3.601,3.492,1351.4,785.7,0.391
2710,Ciliated,-6.661,-7.143,247.5,326.0,
2711,Ciliated,-6.774,-5.801,117.0,370.2,
2712,Macrophage,-5.091,-6.297,475.8,417.6,
2713,AT1,3.533,3.135,454.3,184.1,0.742
2714,KRT8+ transitional,0.698,2.395,850.2,258.7,0.627
2715,AT2,-9.692,1.890,1009.0,586.0,0.025
2716,AT2,-10.001,2.259,588.1,358.1,0.020
2717,AT1,2.193,1.813,186.3,745.1,0.732
2718,AT2,-9.364,2.773,304.0,173.6,0.092
2719,KRT8+ transitional,-2.060,3.555,1151.5,357.7,0.466
2720,Macrophage,-0.608,-7.908,1111.1,404.8,
2721,AT1,3.490,2.828,962.9,149.0,0.759
2722,AT2,-3.757,1.515,1263.5,497.3,0.340
2723,Fibroblast,1.105,-5.542,1071.3,467.7,
2724,AT2,-6.445,3.921,91.0,838.5,0.283
2725,Fibroblast,1.776,-3.394,1519.5,890.8,
2726,AT1,5.411,2.278,795.9,719.0,0.859
2727,Endothelial,9.190,-8.199,50.6,518.7,
2728,Fibroblast,2.477,-3.234,1081.9,448.6,
2729,AT2,-7.473,2.475,858.2,353.2,0.135
2730,Endothelial,6.936,-4.855,940.9,748.1,
2731,Fibroblast,3.449,-3.897,1369.2,621.3,
2732,AT2,-6.433,2.574,436.5,245.7,0.209
2733,KRT8+ transitional,-2.711,3.481,1071.3,422.2,0.454
2734,AT2,-6.872,2.454,869.7,787.5,0.180
2735,AT2,-6.472,5.036,608.4,324.2,0.298
2736,AT1,2.633,2.356,325.7,740.2,0.727
2737,AT2,-8.859,2.455,1028.9,421.6,0.074
2738,Fibroblast,0.792,-4.662,176.4,880.8,
2739,AT2,-5.114,4.003,501.9,580.4,0.338
2740,Endothelial,10.509,-6.260,816.2,437.8,
2741,KRT8+ transitional,-1.495,3.345,1110.0,507.4,0.495
2742,Endothelial,9.475,-5.832,766.3,122.5,
2743,AT2,-7.084,4.987,1183.6,412.9,0.286
2744,Fibroblast,3.334,-4.888,1387.9,124.7,
2745,Endothelial,7.384,-7.173,1538.4,713.5,
2746,Macrophage,-1.216,-7.749,1095.9,357.4,
2747,AT2,-5.461,2.177,194.3,879.0,0.255
2748,Basal,-8.555,-4.619,203.7,576.8,
2749,Endothelial,9.488,-5.056,1240.8,90.9,
2750,Fibroblast,2.027,-5.173,1042.7,439.0,
2751,Basal,-7.047,-3.118,333.0,323.3,
2752,Endothelial,9.467,-4.303,142.6,631.9,
2753,AT1,2.546,2.822,941.8,264.7,0.714
2754,Ciliated,-6.357,-4.614,448.3,479.6,
2755,KRT8+ transitional,0.278,2.981,1012.8,505.3,0.595
2756,AT2,-4.476,2.073,859.9,301.6,0.305
2757,KRT8+ transitional,-1.867,4.267,1062.6,765.7,0.490
2758,KRT8+ transitional,-3.489,4.472,1102.6,465.3,0.408
2759,Macrophage,-1.588,-8.063,1107.1,223.3,
2760,AT2,-5.426,2.304,602.4,828.9,0.228
2761,KRT8+ transitional,-2.362,3.547,1106.5,502.6,0.472
2762,AT2,-8.675,1.903,552.5,523.7,0.018
2763,AT2,-3.295,3.046,1065.1,383.0,0.410
2764,AT2,-7.878,1.519,507.5,560.7,0.016
2765,AT1,0.481,2.587,407.5,723.0,0.602
2766,Ciliated,-5.554,-7.314,238.7,326.9,
2767,Endothelial,7.298,-6.946,136.1,807.0,
2768,AT2,-9.050,2.538,325.9,140.6,0.047
2769,Macrophage,-1.725,-6.284,65.7,127.3,
2770,Fibroblast,4.109,-2.967,954.5,430.1,
2771,Macrophage,-2.786,-5.574,457.3,273.7,
2772,AT2,-4.533,3.218,549.0,285.8,0.362
2773,AT1,4.876,2.432,877.4,310.7,0.841
2774,Macrophage,-1.730,-7.688,1165.5,376.5,
2775,AT2,-3.983,2.955,1043.5,121.5,0.385
2776,KRT8+ transitional,-1.910,3.515,1061.0,428.6,0.491
2777,AT1,2.286,2.700,897.6,490.1,0.703
2778,AT1,1.891,2.008,1301.3,582.9,0.689
2779,Fibroblast,0.746,-5.377,920.0,96.5,
2780,Endothelial,9.252,-6.028,559.5,407.8,
2781,AT1,2.386,1.581,62.2,245.2,0.724
2782,AT1,3.177,3.873,53.8,673.7,0.714
2783,Basal,-8.922,-4.341,454.9,436.1,
2784,AT2,-3.773,2.289,1311.1,560.5,0.369
2785,KRT8+ transitional,-3.809,3.084,766.9,12.5,0.380
2786,AT2,-8.153,2.617,1056.7,458.4,0.109
2787,Basal,-9.514,-3.362,327.2,330.6,
2788,AT2,-3.656,3.376,1320.8,677.7,0.384
2789,Endothelial,9.471,-4.704,842.1,692.9,
2790,Fibroblast,2.102,-4.171,1493.0,27.2,
2791,AT1,1.290,3.283,1449.5,619.7,0.643
2792,KRT8+ transitional,-2.019,3.276,1125.4,428.2,0.481
2793,Endothelial,8.547,-6.631,1336.4,340.3,
2794,AT1,4.564,2.726,303.1,650.4,0.797
2795,AT2,-7.018,1.599,1573.8,328.1,0.078
2796,Macrophage,-2.528,-6.371,622.5,783.9,
2797,AT1,4.874,2.417,1452.8,445.6,0.829
2798,Macrophage,-2.055,-6.931,1241.5,420.9,
2799,AT1,3.914,2.827,902.7,611.5,0.772
2800,Ciliated,-5.610,-5.485,271.2,322.3,
2801,Endothelial,7.892,-6.210,984.8,56.5,
2802,Macrophage,-2.802,-7.397,1209.4,229.3,
2803,Endothelial,9.720,-5.626,1195.3,621.2,
2804,Macrophage,-3.465,-7.867,1278.6,570.6,
2805,AT1,4.965,0.715,179.4,211.7,0.977
2806,Ciliated,-5.795,-4.595,315.8,563.7,
2807,AT2,-5.846,3.091,1476.3,739.0,0.277
2808,AT1,0.788,2.893,1377.3,134.6,0.614
2809,Fibroblast,1.258,-4.429,20.2,321.3,
2810,AT2,-7.445,1.908,563.8,101.1,0.076
2811,AT2,-5.572,3.404,1070.7,470.8,0.309
2812,Endothelial,10.528,-6.332,17.5,237.2,
2813,AT2,-7.988,3.184,430.5,533.8,0.171
2814,KRT8+ transitional,-2.873,2.886,1026.2,433.6,0.432
2815,AT2,-5.772,3.106,1409.3,496.2,0.300
2816,Endothelial,7.471,-5.167,707.9,749.3,
2817,AT2,-6.870,3.536,1213.5,709.4,0.241
2818,AT1,2.908,4.492,547.1,103.6,0.672
2819,Ciliated,-6.109,-5.443,144.9,344.1,
2820,Fibroblast,-2.350,-5.989,1038.7,482.2,
2821,KRT8+ transitional,-2.472,3.868,888.7,107.2,0.469
2822,Endothelial,9.800,-5.821,60.3,59.8,
2823,Basal,-8.572,-4.261,340.1,565.9,
2824,Basal,-7.738,-2.648,91.8,363.5,
2825,Basal,-7.491,-3.781,407.0,535.3,
2826,AT2,-7.214,4.363,1535.4,92.7,0.264
2827,AT2,-4.552,4.386,623.5,188.8,0.380
2828,AT2,-7.343,2.298,171.3,120.0,0.134
2829,Ciliated,-7.148,-6.420,388.7,368.2,
2830,KRT8+ transitional,-0.351,3.696,1198.1,511.9,0.555
2831,Endothelial,10.653,-6.054,882.1,830.9,
2832,AT2,-6.474,2.772,1373.2,336.4,0.229
2833,Ciliated,-6.910,-7.008,109.0,366.8,
2834,Endothelial,5.802,-6.330,487.9,349.7,
2835,AT1,3.264,2.430,700.1,691.9,0.766
2836,Endothelial,9.286,-6.208,65.0,553.2,
2837,AT2,-7.700,2.300,444.8,247.8,0.113
2838,AT2,-5.440,3.003,1079.5,349.7,0.276
2839,AT2,-10.055,4.355,1270.7,238.5,0.157
2840,Macrophage,-1.165,-6.864,1224.4,225.6,
2841,AT1,5.603,0.906,1050.6,330.0,0.978
2842,Ciliated,-7.270,-6.497,72.4,519.2,
2843,Fibroblast,-0.023,-4.592,1078.5,462.6,
2844,Ciliated,-6.376,-6.266,69.2,385.5,
2845,AT2,-4.298,3.463,573.2,724.6,0.361
2846,Endothelial,8.913,-5.817,1435.0,509.7,
2847,KRT8+ transitional,-1.095,3.039,1129.8,569.1,0.539
2848,Fibroblast,0.972,-5.211,1128.6,757.7,
2849,AT2,-7.032,1.490,491.7,774.5,0.033
2850,AT1,1.100,3.182,1387.7,860.1,0.636
2851,Ciliated,-7.386,-5.254,63.9,506.4,
2852,Macrophage,-2.208,-6.671,1097.2,496.6,
2853,Macrophage,-3.886,-7.222,710.6,633.3,
2854,Ciliated,-4.850,-3.634,162.6,335.3,
2855,Fibroblast,2.397,-3.791,1149.7,523.8,
2856,AT2,-6.386,3.192,531.6,755.7,0.251
2857,Macrophage,-3.436,-6.708,58.1,857.6,
2858,Ciliated,-5.992,-6.267,240.9,328.1,
2859,Ciliated,-6.092,-6.117,242.6,581.9,
2860,Fibroblast,2.575,-3.649,946.7,432.0,
2861,Macrophage,-0.437,-7.513,273.5,693.2,
2862,Basal,-8.138,-4.108,445.6,401.8,
2863,Endothelial,8.920,-6.568,24.1,79.4,
2864,AT2,-7.712,2.423,1511.3,299.5,0.114
2865,Endothelial,9.091,-5.284,1468.9,250.4,
2866,AT1,3.787,1.714,604.7,336.3,0.834
2867,Endothelial,9.336,-6.006,791.1,870.3,
2868,AT1,4.879,0.788,469.7,220.2,0.946
2869,AT2,-9.513,1.731,196.5,168.1,0.002
2870,Macrophage,-1.692,-6.733,245.4,684.3,
2871,KRT8+ transitional,-0.711,3.213,808.6,280.8,0.540
2872,AT2,-6.026,3.770,659.0,169.9,0.292
2873,Macrophage,-2.090,-7.997,1299.9,59.2,
2874,AT1,4.820,0.977,186.2,541.4,0.927
2875,Fibroblast,-2.526,-6.465,558.0,868.8,
2876,Fibroblast,1.437,-3.577,1137.2,504.7,
2877,Fibroblast,-1.164,-5.602,826.8,465.7,
2878,Endothelial,8.410,-4.739,1451.0,722.4,
2879,AT2,-4.069,1.328,1034.2,767.3,0.341
2880,Endothelial,8.875,-4.860,265.7,619.2,
2881,Ciliated,-7.200,-5.884,79.8,375.0,
2882,Ciliated,-6.550,-6.349,223.4,574.0,
2883,Ciliated,-4.841,-5.403,304.2,570.7,
2884,Ciliated,-6.525,-6.106,309.6,573.2,
2885,Macrophage,-0.354,-8.065,1063.6,432.6,
2886,KRT8+ transitional,-0.423,3.060,1076.6,418.2,0.563
2887,AT2,-7.575,3.769,485.1,616.7,0.226
2888,AT1,4.704,1.853,446.8,742.4,0.850
2889,Fibroblast,1.257,-4.993,954.9,499.8,
2890,Basal,-6.983,-3.483,454.9,485.3,
2891,Ciliated,-7.122,-6.438,221.5,323.8,
2892,Macrophage,-0.196,-7.870,1083.3,473.3,
2893,Macrophage,-0.796,-8.144,1080.3,384.7,
2894,Basal,-9.155,-3.042,273.8,575.9,
2895,Endothelial,9.849,-3.277,534.4,453.0,
2896,AT2,-6.539,1.790,816.6,507.1,0.144
2897,AT2,-5.784,4.126,1086.4,315.9,0.305
2898,Fibroblast,-4.698,-7.162,1085.7,468.7,
2899,Ciliated,-6.831,-6.941,397.1,540.2,
2900,AT1,4.861,0.877,889.1,106.7,0.951
2901,Fibroblast,1.883,-4.357,1520.2,28.4,
2902,AT1,3.833,1.700,1463.6,271.9,0.810
2903,AT1,3.378,2.152,1341.0,518.7,0.786
2904,Macrophage,-3.730,-7.355,1078.8,472.4,
2905,KRT8+ transitional,-1.109,4.192,1050.1,476.4,0.514
2906,KRT8+ transitional,0.725,3.343,1131.0,454.1,0.606
2907,Macrophage,-1.956,-8.147,1055.8,481.8,
2908,Fibroblast,4.590,-3.419,616.1,648.3,
2909,KRT8+ transitional,-2.862,3.943,730.5,273.3,0.452
2910,AT1,1.415,5.573,536.6,202.5,0.608
2911,KRT8+ transitional,-1.356,3.079,912.9,645.2,0.525
2912,Basal,-7.938,-3.893,320.0,328.3,
2913,AT2,-7.207,3.372,1171.0,565.1,0.229
2914,Endothelial,7.274,-5.468,1492.7,561.8,
2915,Endothelial,8.565,-6.342,840.8,494.0,
2916,Endothelial,7.977,-5.667,824.7,302.1,
2917,KRT8+ transitional,-1.397,3.902,136.6,688.2,0.521
2918,AT2,-7.554,1.797,92.3,845.0,0.081
2919,Ciliated,-8.166,-6.192,168.6,334.8,
2920,Macrophage,0.039,-8.105,252.7,126.5,
2921,AT2,-6.800,1.736,396.2,200.8,0.119
2922,AT2,-10.048,3.440,1347.9,671.1,0.121
2923,AT2,-8.716,1.829,1134.6,614.1,0.027
2924,Ciliated,-5.558,-5.691,455.5,440.2,
2925,AT1,0.654,3.446,1300.9,814.8,0.610
2926,Fibroblast,-0.694,-5.752,1334.0,581.5,
2927,Fibroblast,-0.543,-5.065,1079.0,467.9,
2928,AT1,3.694,1.184,605.0,713.3,0.831
2929,Endothelial,9.889,-5.359,419.7,850.9,
2930,AT2,-5.590,2.471,762.7,898.4,0.273
2931,Endothelial,7.103,-6.126,676.1,793.3,
2932,Endothelial,10.710,-5.629,1322.8,386.8,
2933,AT2,-9.298,2.510,1076.0,317.3,0.095
2934,Endothelial,6.340,-2.879,1551.9,807.4,
2935,Endothelial,8.072,-6.690,430.4,365.3,
2936,AT2,-5.695,3.866,286.4,636.1,0.299
2937,KRT8+ transitional,-2.117,3.378,74.1,556.9,0.495
2938,AT1,4.255,1.957,631.8,173.0,0.808
2939,AT2,-9.543,3.942,1272.1,464.9,0.141
2940,Basal,-8.494,-3.769,71.1,519.4,
2941,Macrophage,-3.607,-7.885,1083.1,467.1,
2942,Endothelial,7.409,-4.662,364.2,631.0,
2943,Macrophage,-1.609,-6.761,1054.3,444.9,
2944,AT2,-7.478,2.778,255.1,799.0,0.177
2945,AT1,2.967,4.121,754.3,548.1,0.692
2946,Macrophage,-2.236,-7.306,1244.0,224.5,
2947,AT2,-8.883,1.550,1088.3,36.3,0.003
2948,Endothelial,8.733,-4.871,1117.9,801.1,
2949,KRT8+ transitional,0.502,2.325,1113.0,756.7,0.632
2950,Fibroblast,-1.513,-5.770,895.7,78.4,
2951,Endothelial,9.849,-4.529,585.0,895.6,
2952,Macrophage,-0.972,-6.576,1055.5,408.0,
2953,Fibroblast,-3.225,-6.022,1035.6,353.1,
2954,Macrophage,-3.679,-6.608,988.7,810.2,
2955,AT2,-9.429,2.370,1049.2,443.4,0.058
2956,Fibroblast,0.827,-6.077,943.8,88.8,
2957,Endothelial,8.325,-5.627,178.8,180.3,
2958,AT2,-8.908,1.928,41.8,664.6,0.033
2959,Fibroblast,0.312,-4.169,1306.5,862.2,
2960,Ciliated,-5.531,-6.232,199.3,560.5,
2961,AT2,-4.458,2.166,1063.3,690.8,0.312
2962,Macrophage,-0.073,-7.500,493.0,412.3,
2963,AT1,0.407,1.980,1234.6,63.8,0.637
2964,Macrophage,-1.095,-8.353,915.1,495.7,
2965,Endothelial,9.699,-6.211,1265.4,143.0,
2966,Basal,-8.387,-3.532,335.7,578.7,
2967,KRT8+ transitional,-1.460,3.310,1111.9,593.4,0.515
2968,Fibroblast,3.267,-3.924,1066.8,651.6,
2969,AT1,4.457,0.461,743.9,541.6,0.961
2970,Fibroblast,3.737,-4.398,736.3,134.6,
2971,AT1,4.828,1.143,1103.3,759.9,0.919
2972,Fibroblast,0.327,-5.181,443.0,571.7,
2973,AT1,0.457,3.392,219.5,665.7,0.602
2974,AT1,2.640,2.039,1171.6,136.3,0.769
2975,KRT8+ transitional,-1.291,3.622,1080.0,468.2,0.517
2976,Macrophage,-0.573,-7.617,1530.6,621.4,
2977,Ciliated,-6.641,-4.308,342.5,561.2,
2978,Endothelial,9.223,-4.231,283.7,769.2,
2979,Fibroblast,3.354,-3.973,702.7,441.7,
2980,Basal,-8.088,-3.328,58.0,483.6,
2981,Fibroblast,5.554,-4.036,1007.1,410.2,
2982,AT2,-5.162,2.662,1181.3,452.2,0.282
2983,Fibroblast,5.079,-4.038,376.2,226.9,
2984,Macrophage,-3.590,-6.696,1096.1,373.2,
2985,AT2,-3.466,3.071,1382.7,867.8,0.393
2986,Ciliated,-5.571,-3.629,200.6,323.0,
2987,Macrophage,-3.067,-6.286,628.3,227.1,
2988,KRT8+ transitional,-2.507,4.379,1118.1,480.8,0.451
2989,Basal,-8.242,-3.477,115.2,344.5,
2990,Fibroblast,-1.472,-5.151,1072.7,481.1,
2991,Endothelial,7.419,-3.844,1419.0,638.3,
2992,AT1,6.000,1.120,402.9,17.5,0.946
2993,Macrophage,-1.226,-6.426,1526.2,485.0,
2994,Fibroblast,0.848,-5.102,1055.8,418.8,
2995,Fibroblast,3.175,-3.897,1501.9,232.0,
2996,AT2,-4.092,3.598,820.5,664.8,0.378
2997,AT2,-7.557,3.088,551.3,175.1,0.171
2998,Macrophage,-3.781,-7.047,110.3,748.6,
2999,Endothelial,10.253,-4.888,174.8,293.4,
3000,Endothelial,8.568,-5.043,1217.8,129.2,
3001,Fibroblast,-1.187,-5.028,1208.2,507.6,
3002,Endothelial,9.040,-5.404,1132.3,750.8,
3003,Basal,-8.047,-3.932,434.7,374.5,
3004,KRT8+ transitional,0.274,3.076,429.1,580.4,0.595
3005,Macrophage,-1.316,-7.770,1080.5,470.2,
3006,AT2,-5.069,2.873,1331.5,874.9,0.317
3007,Ciliated,-6.153,-5.831,353.4,554.9,
3008,Endothelial,10.548,-6.198,1137.7,198.4,
3009,Macrophage,-3.196,-6.616,999.3,795.9,
3010,Fibroblast,2.177,-3.566,1428.0,418.1,
3011,AT2,-8.974,1.905,1081.3,816.3,0.019
3012,AT2,-9.500,2.404,1384.9,291.4,0.063
3013,Macrophage,-1.616,-8.836,597.8,243.2,
3014,Endothelial,7.652,-4.274,872.1,14.4,
3015,Basal,-9.255,-3.722,389.3,346.6,
3016,Fibroblast,1.987,-3.899,934.2,453.1,
3017,Fibroblast,0.911,-4.132,1084.5,484.2,
3018,Endothelial,7.670,-6.697,24.5,711.4,
3019,Macrophage,-1.723,-8.458,968.1,797.3,
3020,Endothelial,10.082,-6.389,90.4,187.5,
3021,Basal,-8.714,-3.386,450.2,488.3,
3022,Macrophage,-2.414,-5.261,1080.8,469.4,
3023,AT1,5.045,1.536,296.2,640.4,0.889
3024,Endothelial,10.482,-6.009,447.0,697.4,
3025,KRT8+ transitional,-0.219,4.410,1052.6,430.8,0.562
3026,AT1,6.340,2.049,743.8,69.3,0.900
3027,Endothelial,6.914,-4.773,1273.2,237.5,
3028,AT2,-8.046,4.016,817.0,402.1,0.206
3029,AT2,-7.938,2.985,63.9,672.1,0.149
3030,Endothelial,7.454,-4.848,1083.3,24.1,
3031,KRT8+ transitional,-3.243,4.058,1057.2,155.6,0.421
3032,AT2,-7.158,2.062,893.1,232.5,0.095
3033,AT2,-9.661,2.024,830.4,194.3,0.032
3034,KRT8+ transitional,1.038,2.950,1099.5,449.4,0.631
3035,Endothelial,11.383,-6.769,1285.9,337.7,
3036,KRT8+ transitional,-3.117,3.005,488.0,777.7,0.422
3037,KRT8+ transitional,-0.894,3.548,1478.2,102.9,0.543
3038,AT1,4.724,0.737,1132.8,105.2,0.912
3039,KRT8+ transitional,-0.028,3.499,1169.1,454.3,0.572
3040,AT2,-5.804,2.397,31.1,878.6,0.228
3041,Basal,-8.554,-3.124,397.7,350.4,
3042,AT1,5.668,1.772,589.3,448.9,0.884
3043,AT1,0.765,3.036,1238.0,25.6,0.626
3044,AT2,-7.779,2.440,887.4,230.8,0.114
3045,AT1,3.173,3.093,513.9,811.8,0.744
3046,Endothelial,8.785,-5.245,335.7,59.8,
3047,Endothelial,9.206,-4.255,1531.3,88.6,
3048,AT2,-6.765,3.588,308.9,159.2,0.232
3049,AT2,-8.549,2.509,1309.5,416.5,0.124
3050,AT2,-6.316,2.356,469.6,457.7,0.215
3051,AT2,-9.118,2.522,1225.2,692.2,0.068
3052,Endothelial,8.429,-8.457,84.4,39.9,
3053,AT2,-5.748,2.642,601.4,344.7,0.250
3054,AT2,-4.856,4.336,996.9,370.4,0.369
3055,AT1,6.414,1.366,854.9,111.6,0.937
3056,Basal,-7.875,-2.868,82.3,527.7,
3057,Macrophage,-2.393,-7.187,1191.5,551.6,
3058,Fibroblast,4.801,-2.539,1568.4,338.4,
3059,AT2,-8.391,1.838,18.3,267.1,0.019
3060,Endothelial,7.459,-6.268,1358.7,593.9,
3061,Endothelial,8.267,-6.300,54.0,735.6,
3062,AT2,-8.688,1.856,1196.6,712.7,0.008
3063,AT2,-4.634,5.010,1404.9,783.2,0.368
3064,KRT8+ transitional,-2.739,4.035,1077.9,531.4,0.445
3065,AT2,-8.944,2.050,1325.1,23.5,0.023
3066,Fibroblast,5.619,-3.505,1154.0,444.7,
3067,Endothelial,11.146,-6.928,1442.1,896.3,
3068,AT2,-8.187,3.381,920.3,235.3,0.183
3069,Fibroblast,3.996,-3.179,867.5,107.9,
3070,Endothelial,8.514,-5.516,1586.5,780.1,
3071,Macrophage,-2.881,-8.164,1049.8,432.3,
3072,AT2,-10.689,3.849,24.1,807.2,0.123
3073,Macrophage,-2.590,-6.788,1009.3,472.4,
3074,AT2,-6.080,4.428,0.1,599.9,0.308
3075,AT2,-4.708,4.096,179.0,773.0,0.358
3076,Fibroblast,2.098,-4.765,1072.7,413.6,
3077,AT1,2.991,1.846,889.3,704.5,0.755
3078,AT2,-8.926,1.960,526.4,850.6,0.040
3079,KRT8+ transitional,-0.314,3.253,1068.9,438.1,0.567
3080,AT2,-8.100,1.430,1200.0,287.4,0.013
3081,AT1,1.759,2.561,101.5,692.8,0.692
3082,Basal,-7.434,-2.786,58.2,504.3,
3083,AT1,3.754,0.987,128.2,246.8,0.855
3084,Basal,-8.063,-4.992,399.4,358.3,
3085,AT2,-4.070,3.576,437.3,14.1,0.369
3086,AT2,-8.338,3.022,261.5,336.4,0.147
3087,Endothelial,7.690,-5.265,1524.3,67.6,
3088,Basal,-10.542,-3.338,432.2,510.5,
3089,KRT8+ transitional,0.073,3.867,1037.6,502.7,0.586
3090,Ciliated,-5.682,-5.405,411.8,381.7,
3091,Fibroblast,0.791,-3.964,397.2,868.6,
3092,Ciliated,-5.637,-6.416,80.4,387.6,
3093,Basal,-8.880,-3.593,82.8,539.3,
3094,Fibroblast,2.230,-5.106,180.9,895.8,
3095,AT1,2.702,2.418,1416.5,429.3,0.740
3096,AT2,-3.646,3.922,1190.3,51.4,0.406
3097,AT1,4.609,0.699,1084.3,281.4,0.967
3098,Fibroblast,3.562,-5.116,1090.4,498.5,
3099,AT2,-7.572,1.633,1413.5,498.2,0.090
3100,Basal,-6.840,-2.802,121.5,350.4,
3101,Macrophage,-1.361,-7.578,1331.0,859.0,
3102,KRT8+ transitional,-0.071,3.449,1048.9,405.0,0.581
3103,Basal,-8.422,-3.148,401.5,547.7,
3104,AT2,-9.218,1.827,854.3,1.0,0.026
3105,Fibroblast,3.611,-4.985,946.1,395.1,
3106,AT1,6.164,0.846,474.0,451.1,0.971
3107,AT2,-7.530,2.109,1312.0,548.9,0.100
3108,Endothelial,10.279,-5.936,301.0,826.2,
3109,KRT8+ transitional,0.494,3.716,1127.3,515.3,0.609
3110,AT2,-8.913,2.122,994.4,638.6,0.079
3111,AT2,-4.874,2.926,93.1,193.6,0.302
3112,Endothelial,8.117,-6.471,398.0,830.1,
3113,AT1,3.565,2.212,409.9,804.4,0.793
3114,KRT8+ transitional,-2.115,3.002,1143.3,710.2,0.468
3115,AT2,-6.617,3.086,1040.5,624.4,0.261
3116,Endothelial,9.200,-7.723,95.1,814.6,
3117,Macrophage,-3.187,-6.760,467.2,874.0,
3118,AT1,5.486,0.734,4.8,611.5,0.943
3119,AT2,-8.014,3.227,717.6,278.3,0.171
3120,AT2,-6.907,2.723,37.0,564.2,0.207
3121,Fibroblast,3.422,-3.577,1082.7,450.6,
3122,Macrophage,-3.177,-7.276,409.0,594.8,
3123,AT2,-8.620,2.511,1152.2,522.9,0.102
3124,Endothelial,7.994,-7.017,566.4,675.2,
3125,AT1,5.884,1.540,32.4,796.8,0.943
3126,AT2,-7.347,3.831,662.3,737.2,0.241
3127,Basal,-8.903,-3.246,151.1,336.4,
3128,Fibroblast,3.423,-4.287,680.7,258.1,
3129,Fibroblast,1.797,-4.465,695.1,118.6,
3130,Macrophage,-0.721,-6.170,1168.2,563.5,
3131,Ciliated,-6.295,-6.832,189.6,566.4,
3132,Basal,-9.132,-4.789,38.0,442.9,
3133,AT2,-8.509,1.867,1.2,836.8,0.069
3134,KRT8+ transitional,-1.461,4.227,1030.7,532.8,0.500
3135,AT2,-3.805,3.554,1080.8,469.9,0.399
3136,Basal,-6.409,-3.432,253.5,587.2,
3137,Ciliated,-7.134,-7.542,142.8,344.0,
3138,AT1,2.882,2.733,1501.2,829.7,0.748
3139,Macrophage,-1.757,-6.707,237.4,113.6,
3140,Macrophage,-1.763,-7.606,1080.0,470.0,
3141,Endothelial,8.280,-5.654,1280.4,114.4,
3142,Endothelial,9.972,-8.286,1319.1,328.7,
3143,Fibroblast,-0.479,-5.443,1160.1,530.8,
3144,Ciliated,-6.226,-3.947,61.4,480.8,
3145,Macrophage,-0.397,-7.680,925.6,477.2,
3146,Endothelial,10.838,-7.733,1356.3,375.8,
3147,Fibroblast,3.023,-3.557,587.6,277.2,
3148,AT2,-3.873,3.824,510.4,772.2,0.388
3149,Basal,-9.544,-3.893,176.3,330.0,
3150,AT2,-7.890,3.040,1058.1,690.3,0.190
3151,Ciliated,-6.870,-7.162,120.3,541.4,
3152,Fibroblast,2.944,-3.787,1008.2,434.3,
3153,Basal,-10.367,-3.705,364.5,557.2,
3154,Basal,-7.169,-3.064,461.6,481.8,
3155,Basal,-7.422,-3.111,54.8,495.3,
3156,AT2,-7.340,3.924,1032.0,862.7,0.255
3157,Basal,-7.956,-3.780,67.3,507.4,
3158,KRT8+ transitional,-3.241,4.080,1042.6,272.2,0.425
3159,Basal,-8.754,-3.680,384.3,351.3,
3160,Ciliated,-6.962,-7.226,278.7,574.2,
3161,Ciliated,-5.767,-4.846,185.0,574.7,
3162,Endothelial,7.970,-6.118,878.8,472.9,
3163,KRT8+ transitional,-2.801,3.925,1145.2,522.1,0.434
3164,AT1,1.404,3.910,570.1,287.9,0.644
3165,Endothelial,7.860,-5.540,891.9,764.8,
3166,Endothelial,9.731,-5.554,837.3,307.9,
3167,AT1,0.497,2.852,1126.0,715.8,0.608
3168,Endothelial,9.605,-6.400,1549.1,691.2,
3169,AT2,-6.201,3.741,562.5,808.1,0.297
3170,AT2,-9.131,2.692,865.1,91.6,0.080
3171,AT2,-4.370,2.366,785.0,839.1,0.348
3172,Macrophage,-6.622,-6.937,1136.7,518.2,
3173,AT2,-7.667,2.428,1593.0,648.3,0.132
3174,AT1,3.753,0.603,1402.2,417.7,0.942
3175,Macrophage,-2.857,-7.638,1230.8,244.8,
3176,AT2,-8.044,3.389,1334.3,795.8,0.183
3177,AT2,-5.345,2.001,729.0,683.8,0.251
3178,Fibroblast,1.657,-4.061,1103.9,394.0,
3179,KRT8+ transitional,-1.216,3.055,1105.0,474.3,0.516
3180,AT2,-7.937,2.292,1151.8,859.2,0.083
3181,AT2,-4.636,3.609,1048.3,403.4,0.361
3182,KRT8+ transitional,-0.452,3.518,978.3,755.8,0.533
3183,Ciliated,-6.969,-6.914,58.8,478.5,
3184,KRT8+ transitional,-2.943,2.739,1046.8,438.2,0.403
3185,KRT8+ transitional,-0.736,3.761,1132.5,501.0,0.534
3186,AT1,5.219,2.362,747.4,339.2,0.846
3187,AT2,-9.404,2.122,1323.1,669.7,0.041
3188,KRT8+ transitional,-2.192,3.259,1148.8,445.5,0.463
3189,AT1,3.104,2.613,1129.5,97.2,0.732
3190,Fibroblast,5.069,-3.941,1165.1,395.7,
3191,AT1,6.275,0.946,838.2,203.7,0.968
3192,AT1,2.705,4.122,510.6,810.4,0.676
3193,AT2,-4.720,2.677,1486.3,371.7,0.333
3194,AT2,-9.017,1.754,1200.8,417.2,0.034
3195,Macrophage,-0.589,-7.749,268.9,270.0,
3196,Endothelial,7.657,-4.749,630.5,668.6,
3197,Macrophage,-1.887,-8.128,1431.0,67.5,
3198,KRT8+ transitional,-2.915,2.113,1044.3,467.3,0.427
3199,Endothelial,8.466,-6.570,302.8,199.5,
3200,AT2,-6.049,3.164,1397.9,543.2,0.271
3201,AT2,-3.334,3.004,1040.3,626.7,0.398
3202,Basal,-10.012,-2.561,48.8,504.9,
3203,Endothelial,8.013,-5.191,1137.2,325.4,
3204,Basal,-8.381,-3.520,204.5,580.0,
3205,Fibroblast,4.669,-4.558,1092.0,488.7,
3206,AT1,4.473,0.214,307.8,206.0,0.930
3207,Endothelial,8.176,-3.696,910.1,869.8,
3208,KRT8+ transitional,-4.088,4.476,1040.5,428.6,0.389
3209,Macrophage,-1.413,-7.006,491.8,733.0,
3210,KRT8+ transitional,-2.674,2.660,1018.7,454.9,0.441
3211,Endothelial,9.782,-6.513,664.5,821.3,
3212,AT2,-7.048,3.421,389.6,589.2,0.227
3213,AT2,-8.190,3.309,662.2,102.2,0.172
3214,Fibroblast,3.451,-5.237,869.3,491.4,
3215,KRT8+ transitional,-3.185,3.576,1387.2,860.4,0.429
3216,Endothelial,9.916,-5.196,651.7,69.1,
3217,AT1,4.815,2.067,907.6,606.0,0.850
3218,AT2,-7.507,2.613,1258.0,92.0,0.154
3219,KRT8+ transitional,-0.456,3.455,1083.4,463.7,0.559
3220,Endothelial,7.007,-5.079,853.1,500.4,
3221,KRT8+ transitional,1.473,3.673,1088.7,593.8,0.650
3222,Endothelial,7.738,-4.914,1399.6,776.9,
3223,Ciliated,-6.221,-5.939,183.5,333.8,
3224,AT2,-8.697,3.890,306.3,715.8,0.180
3225,Ciliated,-5.383,-4.395,434.4,476.5,
3226,Endothelial,9.563,-5.165,1152.8,888.1,
3227,Fibroblast,1.295,-4.349,106.8,554.4,
3228,AT2,-6.796,2.533,47.6,879.0,0.167
3229,AT1,4.746,0.793,89.3,854.4,0.955
3230,Macrophage,-4.114,-7.004,1101.7,408.3,
3231,Basal,-7.966,-3.168,458.3,419.6,
3232,KRT8+ transitional,0.684,2.943,1007.8,430.9,0.616
3233,Endothelial,9.057,-5.333,840.5,309.3,
3234,AT2,-9.893,1.880,1216.8,452.7,0.007
3235,AT2,-8.000,2.723,454.5,761.7,0.123
3236,Endothelial,9.763,-5.840,970.0,717.4,
3237,AT2,-4.896,2.803,1174.7,553.8,0.314
3238,AT2,-7.027,1.647,1486.4,52.2,0.060
3239,AT2,-3.912,3.397,1193.4,485.8,0.386
3240,Endothelial,10.133,-5.883,816.3,876.2,
3241,Endothelial,10.058,-6.029,1113.3,776.8,
3242,Macrophage,-4.312,-6.211,913.6,154.7,
3243,KRT8+ transitional,-0.481,1.520,1082.6,469.4,0.590
3244,AT1,5.092,1.099,1479.3,601.5,0.908
3245,AT2,-6.047,1.641,672.8,583.4,0.227
3246,AT2,-3.756,2.424,772.4,635.1,0.356
3247,AT2,-7.772,2.340,1280.1,517.8,0.068
3248,Endothelial,9.555,-5.670,963.4,255.7,
3249,Fibroblast,3.129,-4.956,924.3,765.1,
3250,AT2,-6.636,1.961,1251.8,736.8,0.140
3251,Fibroblast,3.872,-3.902,821.8,553.3,
3252,Basal,-9.657,-3.439,134.0,563.1,
3253,AT1,0.769,2.675,1530.0,98.1,0.620
3254,AT1,2.926,2.462,1189.1,296.2,0.749
3255,AT1,0.179,1.525,723.6,684.6,0.603
3256,AT1,3.381,3.163,662.3,369.4,0.748
3257,AT2,-5.854,3.155,216.1,218.3,0.274
3258,AT2,-7.524,2.054,207.8,805.9,0.105
3259,AT1,1.219,3.106,458.0,654.1,0.641
3260,AT1,1.044,4.267,1047.2,694.1,0.617
3261,AT1,5.211,0.791,490.5,52.6,0.981
3262,Endothelial,8.645,-5.957,850.2,496.8,
3263,Macrophage,-2.046,-6.261,1058.7,480.4,
3264,KRT8+ transitional,-2.533,3.046,576.3,817.7,0.459
3265,Macrophage,-3.029,-7.782,1097.0,462.6,
3266,Ciliated,-6.090,-7.077,126.9,547.3,
3267,Fibroblast,2.573,-2.652,1082.7,478.2,
3268,Fibroblast,5.497,-3.924,1243.6,132.3,
3269,Basal,-8.399,-2.275,222.4,313.3,
3270,Ciliated,-6.106,-5.195,95.3,534.2,
3271,Macrophage,0.020,-7.836,1129.4,604.3,
3272,Endothelial,9.660,-5.863,1504.9,744.3,
3273,AT2,-3.560,1.861,662.8,298.6,0.372
3274,Endothelial,7.878,-6.233,1266.2,131.0,
3275,AT2,-7.033,2.822,378.5,660.2,0.192
3276,Fibroblast,0.271,-3.872,570.2,852.0,
3277,AT2,-9.583,2.440,1057.8,456.3,0.071
3278,Macrophage,-1.665,-7.302,946.7,673.5,
3279,AT2,-5.322,2.410,430.8,415.6,0.282
3280,AT1,5.414,1.770,814.2,515.0,0.884
3281,Macrophage,-2.323,-7.613,829.2,359.2,
3282,AT1,5.454,1.821,870.3,170.7,0.867
3283,AT1,4.579,0.392,823.1,815.3,0.964
3284,Basal,-9.643,-5.443,340.2,329.0,
3285,Fibroblast,-0.472,-4.483,1078.2,468.0,
3286,AT1,2.619,2.337,1304.9,591.2,0.730
3287,AT1,5.138,1.351,1505.2,332.2,0.907
3288,Basal,-7.137,-2.309,44.2,412.0,
3289,AT1,4.413,1.263,1462.4,388.7,0.863
3290,AT2,-5.185,3.448,894.9,111.6,0.336
3291,AT2,-6.028,2.177,1223.6,864.5,0.229
3292,Ciliated,-6.668,-6.420,50.5,437.6,
3293,Endothelial,6.889,-4.166,526.9,284.3,
3294,AT2,-3.943,3.134,1163.8,639.2,0.395
3295,AT2,-8.773,1.479,1409.9,797.0,0.012
3296,Macrophage,-0.673,-7.484,1181.1,519.5,
3297,Macrophage,-2.782,-7.374,811.2,617.4,
3298,AT1,1.075,5.182,1014.2,103.2,0.613
3299,AT2,-3.849,2.985,1513.2,667.0,0.377
3300,Fibroblast,5.405,-2.943,1006.4,229.1,
3301,Macrophage,-2.483,-7.033,1452.0,314.2,
3302,KRT8+ transitional,-1.731,5.070,993.4,458.8,0.510
3303,AT2,-5.581,2.441,765.6,341.7,0.275
3304,Macrophage,-3.446,-7.706,1218.4,338.6,
3305,AT2,-8.866,2.453,486.7,571.9,0.108
3306,Basal,-8.762,-4.664,352.1,338.8,
3307,Fibroblast,3.207,-5.262,978.6,457.1,
3308,AT1,4.842,3.204,1221.1,687.6,0.792
3309,AT2,-7.736,3.358,68.6,745.0,0.193
3310,KRT8+ transitional,-2.542,3.674,1017.1,467.6,0.449
3311,Endothelial,8.425,-5.054,492.1,2.6,
3312,Macrophage,-4.457,-6.465,883.3,293.5,
3313,Ciliated,-6.207,-7.568,242.8,326.3,
3314,Basal,-8.404,-2.969,46.2,408.9,
3315,AT2,-3.623,1.878,812.8,489.7,0.372
3316,AT1,4.412,1.140,507.3,76.9,0.899
3317,AT2,-8.761,2.218,668.9,167.2,0.053
3318,Macrophage,0.112,-7.369,186.9,589.3,
3319,Fibroblast,5.141,-3.317,1020.8,342.2,
3320,KRT8+ transitional,0.006,2.869,976.0,591.7,0.594
3321,AT2,-4.208,4.290,1235.4,531.4,0.381
3322,Fibroblast,0.813,-3.763,482.0,602.6,
3323,AT1,6.328,0.996,480.3,794.5,0.959
3324,Endothelial,8.852,-5.304,209.3,55.3,
3325,Basal,-8.296,-4.268,82.5,534.4,
3326,Endothelial,7.849,-5.262,818.2,528.7,
3327,Endothelial,8.908,-5.298,166.2,793.2,
3328,AT1,1.684,4.805,713.3,283.2,0.632
3329,AT1,6.184,1.582,516.9,219.2,0.905
3330,Fibroblast,5.270,-3.704,1122.6,448.9,
3331,AT1,4.560,1.464,324.7,221.4,0.869
3332,AT2,-5.242,4.075,1095.8,48.2,0.329
3333,KRT8+ transitional,-2.615,3.358,848.6,392.8,0.445
3334,Ciliated,-6.054,-7.798,280.3,573.0,
3335,Endothelial,9.157,-4.553,1381.8,546.6,
3336,AT2,-7.743,2.821,11.9,633.4,0.175
3337,Macrophage,-3.520,-6.917,805.8,384.4,
3338,Ciliated,-5.921,-6.490,131.6,347.9,
3339,AT2,-8.344,4.138,177.4,181.6,0.178
3340,Ciliated,-5.067,-7.013,165.7,340.0,
3341,KRT8+ transitional,0.646,3.783,1091.6,549.2,0.598
3342,Fibroblast,-1.292,-4.734,806.2,144.1,
3343,KRT8+ transitional,-0.581,3.655,1077.1,469.2,0.554
3344,Endothelial,10.948,-4.836,162.5,78.0,
3345,Macrophage,-5.708,-6.667,239.5,846.8,
3346,AT1,4.109,1.632,1310.0,556.2,0.826
3347,Endothelial,7.590,-5.537,168.0,790.9,
3348,Fibroblast,2.513,-5.015,1520.7,840.2,
3349,Fibroblast,2.395,-2.611,662.4,867.8,
3350,AT2,-5.404,3.451,584.7,449.4,0.322
3351,Macrophage,-2.116,-5.926,1090.8,508.4,
3352,Endothelial,10.063,-5.662,925.0,793.5,
3353,Ciliated,-6.662,-7.547,312.1,570.6,
3354,Fibroblast,1.093,-5.580,697.4,756.3,
3355,Endothelial,8.636,-5.509,886.4,782.2,
3356,Fibroblast,0.438,-3.894,1142.6,516.6,
3357,AT2,-8.389,2.235,138.6,592.8,0.076
3358,AT1,2.879,1.955,83.6,866.5,0.758
3359,AT1,5.386,1.078,1003.4,49.1,0.956
3360,Fibroblast,1.407,-2.673,927.9,446.0,
3361,Endothelial,10.952,-4.350,678.1,542.1,
3362,Macrophage,-2.982,-5.897,1156.5,467.3,
3363,Fibroblast,0.505,-3.896,1075.4,485.8,
3364,Ciliated,-5.626,-6.618,90.8,525.8,
3365,AT2,-7.741,1.402,488.4,64.6,0.015
3366,AT1,6.636,1.666,1138.0,675.7,0.928
3367,Macrophage,-1.893,-7.689,1043.8,494.7,
3368,Basal,-7.967,-3.022,316.8,320.3,
3369,AT2,-8.753,1.836,64.9,235.8,0.025
3370,KRT8+ transitional,-1.491,4.233,600.7,102.2,0.522
3371,Fibroblast,2.801,-3.459,158.2,112.4,
3372,Endothelial,7.391,-5.182,1056.5,420.1,
3373,Fibroblast,2.324,-4.106,181.9,716.9,
3374,Endothelial,6.961,-4.244,226.8,49.3,
3375,AT1,4.369,2.356,1414.3,490.7,0.802
3376,AT2,-6.476,4.405,663.8,287.1,0.300
3377,KRT8+ transitional,-2.590,3.471,776.3,284.8,0.455
3378,Endothelial,8.244,-7.546,377.6,822.4,
3379,AT1,6.102,0.703,578.6,259.8,0.996
3380,Endothelial,9.743,-6.012,1569.9,542.0,
3381,AT2,-8.174,2.936,1115.2,408.3,0.135
3382,AT2,-7.284,2.532,705.9,284.2,0.183
3383,Fibroblast,0.417,-3.422,497.0,667.4,
3384,Macrophage,-2.694,-6.615,1111.5,487.5,
3385,Fibroblast,3.529,-3.882,1113.7,392.4,
3386,Ciliated,-5.334,-6.383,55.6,436.6,
3387,AT2,-8.836,1.670,1444.2,841.4,0.014
3388,KRT8+ transitional,-0.297,2.854,955.4,486.8,0.575
3389,AT2,-6.412,2.413,1140.7,887.0,0.195
3390,AT2,-3.651,2.760,138.1,610.5,0.396
3391,Ciliated,-4.772,-7.115,155.5,336.3,
3392,AT1,0.073,1.743,721.8,509.2,0.612
3393,KRT8+ transitional,-3.445,3.542,960.8,468.0,0.418
3394,Fibroblast,1.238,-4.947,1384.7,627.7,
3395,Basal,-9.321,-3.702,40.9,393.7,
3396,Fibroblast,1.362,-4.336,1138.1,457.6,
3397,AT2,-5.815,2.288,1498.7,566.6,0.247
3398,Endothelial,6.234,-5.980,188.0,705.2,
3399,Endothelial,10.393,-3.996,1312.2,370.3,
3400,AT2,-5.410,4.337,1256.7,1.8,0.336
3401,KRT8+ transitional,-3.099,3.554,522.1,342.3,0.441
3402,Basal,-8.891,-2.978,56.2,382.7,
3403,AT2,-8.006,2.796,313.2,687.2,0.164
3404,Endothelial,8.022,-6.113,883.9,54.3,
3405,Fibroblast,4.135,-4.337,1073.9,527.4,
3406,AT1,5.000,0.348,91.3,252.2,0.995
3407,Fibroblast,4.762,-2.352,1118.7,487.1,
3408,KRT8+ transitional,-1.436,3.151,1180.3,471.9,0.498
3409,AT1,5.474,1.964,1388.2,688.4,0.885
3410,Macrophage,-1.364,-8.042,1434.1,328.3,
3411,KRT8+ transitional,-0.235,4.147,996.0,400.4,0.556
3412,AT2,-7.865,2.924,906.5,587.8,0.164
3413,AT1,5.150,0.278,108.5,128.2,0.995
3414,Ciliated,-5.394,-7.184,424.6,506.0,
3415,Ciliated,-6.859,-5.648,326.1,333.0,
3416,AT2,-6.038,3.784,1208.9,702.6,0.300
3417,Fibroblast,-1.122,-5.919,1078.3,468.8,
3418,Macrophage,-2.197,-6.705,908.0,541.8,
3419,AT2,-6.977,5.043,202.0,890.9,0.291
3420,AT1,5.194,0.434,1223.3,866.5,0.980
3421,Endothelial,11.345,-5.419,186.7,239.2,
3422,Endothelial,8.205,-6.939,444.1,353.3,
3423,AT2,-8.760,3.184,815.5,162.0,0.131
3424,AT1,2.507,3.450,178.9,155.0,0.700
3425,KRT8+ transitional,0.254,3.000,1085.3,416.0,0.601
3426,Endothelial,8.744,-3.805,124.3,579.4,
3427,Macrophage,-3.264,-7.440,715.9,829.8,
3428,Fibroblast,4.734,-4.349,29.7,786.5,
3429,Basal,-6.750,-2.674,45.6,404.8,
3430,AT1,0.569,2.303,376.1,603.7,0.619
3431,Basal,-6.848,-2.518,93.2,541.3,
3432,Basal,-8.000,-2.787,241.8,310.2,
3433,Fibroblast,4.281,-2.179,886.5,866.9,
3434,Fibroblast,0.386,-6.459,327.7,37.0,
3435,Endothelial,10.132,-7.721,540.5,430.5,
3436,AT2,-6.412,3.871,470.1,26.6,0.276
3437,Macrophage,-4.942,-6.248,1341.4,200.4,
3438,Endothelial,7.355,-5.084,682.5,718.7,
3439,AT1,5.653,0.695,32.6,569.3,0.966
3440,Basal,-7.250,-3.681,332.6,570.4,
3441,AT2,-8.807,1.766,1238.3,406.6,0.031
3442,KRT8+ transitional,-1.149,3.590,1088.7,477.6,0.525
3443,Macrophage,-1.885,-7.256,1063.2,481.7,
3444,KRT8+ transitional,-1.139,3.366,1029.0,478.3,0.530
3445,AT2,-6.498,3.215,978.2,441.8,0.242
3446,Endothelial,8.287,-6.825,688.2,500.8,
3447,AT1,2.537,3.228,866.8,738.2,0.698
3448,AT2,-6.666,2.064,970.0,609.6,0.156
3449,AT1,5.377,2.097,765.0,642.5,0.870
3450,Endothelial,9.650,-4.905,1018.9,266.2,
3451,Endothelial,7.970,-4.096,1041.6,13.1,
3452,Endothelial,11.077,-5.417,434.6,184.2,
3453,Macrophage,-1.281,-8.127,1081.0,483.1,
3454,AT2,-9.391,1.857,564.5,281.2,0.048
3455,Basal,-7.959,-4.335,458.2,492.1,
3456,Ciliated,-6.049,-4.824,177.1,332.3,
3457,Macrophage,-3.334,-7.589,488.8,837.5,
3458,AT2,-5.427,2.975,771.7,328.4,0.271
3459,AT2,-5.633,1.715,933.6,240.3,0.188
3460,AT2,-4.399,4.495,1496.8,157.8,0.371
3461,AT1,4.690,2.998,774.3,764.7,0.799
3462,Endothelial,9.705,-5.960,627.7,697.0,
3463,Fibroblast,-1.603,-5.798,1049.4,509.2,
3464,Endothelial,8.789,-6.491,1428.4,886.1,
3465,KRT8+ transitional,1.350,2.945,1079.2,480.7,0.641
3466,AT1,4.441,1.648,1542.3,91.2,0.878
3467,Basal,-8.903,-4.203,187.0,572.9,
3468,Endothelial,8.119,-6.196,331.9,900.0,
3469,AT1,2.562,2.802,77.8,775.9,0.699
3470,Macrophage,-3.581,-7.201,455.8,393.7,
3471,Basal,-7.601,-2.369,267.3,589.9,
3472,Basal,-9.296,-2.613,35.2,454.7,
3473,Macrophage,-1.827,-7.438,1051.0,416.8,
3474,Ciliated,-5.846,-6.119,75.0,504.8,
3475,Fibroblast,-0.829,-3.716,96.8,239.3,
3476,Endothelial,8.089,-6.470,539.8,502.9,
3477,AT2,-9.208,2.206,1088.7,437.0,0.064
3478,AT2,-8.559,2.450,127.4,802.5,0.089
3479,AT2,-6.671,2.332,971.4,671.3,0.193
3480,Endothelial,7.609,-4.801,1456.6,228.7,
3481,Macrophage,-1.566,-7.877,1154.2,485.3,
3482,Endothelial,8.234,-6.033,987.3,465.4,
3483,AT2,-7.135,2.092,721.2,514.2,0.144
3484,Endothelial,9.191,-7.393,10.1,562.7,
3485,AT2,-8.063,2.071,1402.7,242.3,0.103
3486,AT2,-7.375,3.814,1560.7,516.3,0.229
3487,AT2,-8.268,2.511,434.5,122.6,0.126
3488,Macrophage,-1.625,-8.361,803.3,645.7,
3489,Ciliated,-5.354,-5.879,375.1,549.7,
3490,Macrophage,-0.472,-8.028,1346.2,841.6,
3491,Basal,-9.097,-4.954,404.1,543.5,
3492,AT2,-7.703,1.951,250.6,629.7,0.113
3493,AT2,-10.328,2.577,1479.2,598.5,0.068
3494,AT2,-3.757,3.416,1095.7,70.0,0.399
3495,AT1,1.683,3.220,1389.0,626.5,0.676
3496,AT2,-3.283,3.311,1115.6,469.5,0.407
3497,AT2,-7.973,3.110,1537.0,406.0,0.167
3498,AT2,-7.162,3.517,1148.6,364.8,0.231
3499,AT1,5.031,2.328,293.3,323.9,0.832
3500,KRT8+ transitional,-1.421,3.626,988.9,482.2,0.518
3501,Fibroblast,-0.566,-3.945,1185.2,604.5,
3502,AT2,-8.364,1.379,82.3,166.1,0.038
3503,Fibroblast,2.708,-3.495,377.1,291.7,
3504,KRT8+ transitional,0.560,2.679,1189.3,379.3,0.626
3505,Ciliated,-5.560,-6.440,287.5,568.2,
3506,Macrophage,-2.234,-8.575,1075.9,470.0,
3507,AT1,3.252,1.153,769.2,646.4,0.832
3508,Endothelial,9.741,-5.142,1584.2,721.4,
3509,AT1,3.445,2.572,303.1,192.4,0.772
3510,AT1,4.981,1.278,168.6,785.8,0.863
3511,AT2,-8.687,1.986,1045.4,402.4,0.052
3512,Basal,-9.306,-2.471,63.9,516.1,
3513,Fibroblast,3.209,-4.100,1375.8,366.8,
3514,Endothelial,8.751,-5.109,1328.9,770.4,
3515,Basal,-7.431,-2.738,442.2,510.3,
3516,Endothelial,9.498,-5.353,1314.9,605.5,
3517,AT2,-7.664,3.559,594.0,555.5,0.209
3518,Fibroblast,4.987,-2.635,319.0,732.7,
3519,Basal,-7.862,-2.075,372.3,336.0,
3520,Endothelial,8.395,-7.864,448.2,10.2,
3521,KRT8+ transitional,0.532,3.499,1114.0,437.0,0.596
3522,Macrophage,-0.395,-6.896,611.4,513.7,
3523,AT2,-3.276,2.469,213.4,327.3,0.410
3524,Fibroblast,0.767,-4.469,1007.5,460.2,
3525,AT2,-3.802,5.113,1581.7,497.6,0.403
3526,AT1,5.181,1.243,520.0,133.0,0.939
3527,Ciliated,-5.583,-6.698,375.0,357.5,
3528,AT2,-5.119,2.507,1187.1,509.5,0.298
3529,AT1,3.134,1.995,1372.2,677.0,0.767
3530,Fibroblast,-0.191,-4.435,970.0,173.1,
3531,KRT8+ transitional,-0.508,3.047,1033.7,480.6,0.544
3532,AT2,-8.067,2.706,481.1,360.2,0.133
3533,Basal,-9.519,-4.392,107.4,353.8,
3534,Endothelial,10.060,-6.206,1458.0,715.1,
3535,Basal,-10.006,-3.152,135.3,335.6,
3536,AT2,-4.029,4.018,937.2,802.3,0.373
3537,AT1,2.852,3.619,304.1,185.8,0.700
3538,Endothelial,7.445,-4.333,1447.8,451.0,
3539,Endothelial,7.110,-4.267,790.9,823.1,
3540,Fibroblast,2.430,-3.044,1288.4,227.6,
3541,Endothelial,8.924,-5.911,383.2,351.9,
3542,AT2,-6.714,3.531,41.5,668.8,0.252
3543,Macrophage,-2.963,-6.470,419.8,83.2,
3544,AT2,-6.691,2.223,428.5,826.1,0.152
3545,Fibroblast,-0.545,-5.994,1516.5,389.9,
3546,KRT8+ transitional,-1.912,4.647,1075.5,827.1,0.496
3547,KRT8+ transitional,0.712,4.827,1072.7,475.4,0.583
3548,AT1,1.424,2.971,796.1,539.9,0.659
3549,AT2,-5.820,3.748,428.0,399.2,0.297
3550,Macrophage,-5.033,-7.464,1078.0,470.4,
3551,AT2,-6.257,3.667,1600.0,103.1,0.263
3552,Endothelial,6.651,-4.918,27.7,897.4,
3553,AT2,-6.431,1.031,1462.9,603.4,0.014
3554,Basal,-7.560,-2.668,462.1,418.2,
3555,KRT8+ transitional,-1.651,4.165,1071.6,471.7,0.504
3556,Macrophage,-1.800,-6.679,743.6,894.3,
3557,AT2,-4.238,4.484,1147.1,710.5,0.403
3558,Endothelial,8.178,-5.549,1452.4,402.6,
3559,Endothelial,7.831,-8.489,662.8,396.6,
3560,Fibroblast,2.629,-5.628,340.3,258.2,
3561,KRT8+ transitional,-0.240,3.064,1035.5,495.3,0.561
3562,Macrophage,-0.380,-8.921,1048.6,512.6,
3563,Macrophage,-6.600,-6.732,1185.9,499.9,
3564,AT1,1.446,4.702,483.0,69.8,0.629
3565,Fibroblast,0.641,-5.652,680.5,31.2,
3566,AT1,5.495,1.187,236.7,576.5,0.932
3567,AT1,4.310,0.694,217.4,57.4,0.925
3568,Fibroblast,4.280,-3.749,915.0,500.9,
3569,Macrophage,-4.470,-7.832,385.9,629.4,
3570,AT1,3.006,2.207,985.1,550.3,0.743
3571,KRT8+ transitional,-0.941,3.746,1080.1,493.6,0.527
3572,AT2,-7.559,2.709,1181.4,632.9,0.178
3573,Fibroblast,3.313,-3.363,1525.9,866.8,
3574,Macrophage,-1.229,-8.008,1079.7,470.7,
3575,Fibroblast,3.393,-4.556,1139.4,548.7,
3576,Basal,-7.390,-3.850,372.1,338.2,
3577,AT1,3.622,3.033,1459.6,574.4,0.745
3578,AT2,-7.672,2.993,1202.3,490.8,0.171
3579,AT1,4.791,2.666,101.6,316.0,0.830
3580,AT1,1.619,2.632,377.6,650.7,0.672
3581,AT1,3.844,2.132,161.7,552.2,0.797
3582,KRT8+ transitional,-0.452,3.271,1013.5,436.1,0.558
3583,Fibroblast,0.793,-5.263,695.6,430.3,
3584,Fibroblast,1.206,-4.228,1429.7,505.1,
3585,KRT8+ transitional,-1.708,4.296,1123.3,541.0,0.496
3586,Basal,-7.018,-3.217,202.4,327.9,
3587,KRT8+ transitional,-0.177,3.243,1075.4,483.5,0.562
3588,Macrophage,-2.054,-7.091,1075.4,506.7,
3589,AT2,-4.561,3.240,1051.9,541.3,0.348
3590,AT1,1.641,3.681,15.4,153.0,0.654
3591,AT2,-7.372,1.981,1409.3,484.7,0.123
3592,Fibroblast,5.345,-3.536,555.6,237.9,
3593,Endothelial,8.702,-5.871,931.9,747.9,
3594,Basal,-7.149,-3.003,45.7,412.0,
3595,AT2,-6.742,1.885,932.7,243.7,0.141
3596,AT2,-7.604,4.867,734.2,300.2,0.262
3597,AT1,1.163,0.753,886.6,109.2,0.709
3598,AT2,-9.194,2.468,1369.3,397.2,0.056
3599,AT1,4.322,2.594,849.5,644.2,0.826
3600,Endothelial,10.181,-5.758,816.1,417.5,
3601,AT1,0.728,2.010,74.4,723.6,0.644
3602,Fibroblast,0.476,-4.989,107.6,895.7,
3603,AT2,-5.772,4.517,1084.6,494.0,0.317
3604,Endothelial,7.942,-4.143,1143.7,799.7,
3605,Macrophage,-3.284,-6.866,1039.7,403.9,
3606,Endothelial,10.478,-4.867,591.2,884.7,
3607,Basal,-8.223,-4.554,46.6,443.7,
3608,Macrophage,-0.625,-7.499,1025.8,67.3,
3609,Endothelial,7.845,-6.090,907.6,762.4,
3610,AT1,3.868,3.287,1116.3,256.4,0.755
3611,AT2,-8.830,1.698,1389.0,549.6,0.002
3612,Basal,-9.319,-2.874,457.7,420.1,
3613,AT2,-6.915,2.043,1045.5,570.6,0.154
3614,Endothelial,8.537,-3.318,39.7,677.5,
3615,KRT8+ transitional,-0.491,3.232,1057.2,471.6,0.547
3616,AT1,6.030,1.781,463.2,323.7,0.899
3617,AT2,-4.658,2.273,450.6,195.1,0.320
3618,Fibroblast,2.219,-4.609,1090.9,514.6,
3619,AT1,3.526,1.635,1011.4,861.8,0.810
3620,Endothelial,8.989,-5.506,881.7,50.8,
3621,Endothelial,11.421,-5.378,490.9,25.7,
3622,AT1,5.576,2.255,1460.5,6.0,0.875
3623,Macrophage,-0.497,-6.003,1510.8,466.7,
3624,Endothelial,7.025,-5.963,766.3,574.3,
3625,Basal,-8.407,-3.200,464.9,476.4,
3626,AT2,-7.646,2.620,1457.0,611.6,0.128
3627,AT1,4.585,1.973,1399.1,2.5,0.842
3628,Ciliated,-5.797,-7.177,91.6,375.4,
3629,AT2,-3.991,4.962,1136.5,499.8,0.388
3630,KRT8+ transitional,-0.339,3.495,1080.1,499.5,0.568
3631,Fibroblast,4.848,-3.963,382.6,702.7,
3632,Endothelial,9.243,-5.615,627.2,421.8,
3633,Basal,-9.046,-2.749,58.8,399.8,
3634,AT2,-5.150,2.465,741.3,277.4,0.281
3635,AT1,4.215,1.240,584.5,287.5,0.879
3636,Endothelial,7.950,-7.281,1046.1,855.6,
3637,Basal,-9.137,-3.818,132.5,341.0,
3638,KRT8+ transitional,-2.831,3.897,982.7,519.7,0.446
3639,Macrophage,-0.324,-7.468,478.3,191.4,
3640,Endothelial,9.599,-6.759,0.7,466.5,
3641,Macrophage,-2.544,-7.486,1056.0,76.7,
3642,Basal,-8.977,-3.902,242.3,320.8,
3643,Basal,-10.496,-4.227,118.9,558.1,
3644,AT1,1.423,3.753,607.7,340.9,0.632
3645,Fibroblast,5.294,-3.364,377.9,680.1,
3646,AT2,-6.848,2.987,1503.5,338.9,0.217
3647,Endothelial,8.555,-4.654,526.8,231.5,
3648,AT2,-9.882,2.968,851.6,582.3,0.080
3649,Endothelial,10.052,-4.617,76.5,899.7,
3650,KRT8+ transitional,-1.943,3.661,1114.2,553.7,0.479
3651,AT1,3.394,2.078,26.2,308.9,0.778
3652,Endothelial,8.685,-4.372,313.2,34.8,
3653,Fibroblast,0.722,-4.363,1044.8,436.2,
3654,Fibroblast,0.664,-4.015,1121.3,452.3,
3655,AT1,5.172,1.199,650.0,469.2,0.909
3656,AT2,-10.160,2.566,1371.1,747.9,0.045
3657,AT1,3.732,0.559,140.1,691.1,0.908
3658,AT2,-10.044,1.903,1063.9,469.7,0.006
3659,AT1,3.646,1.822,1510.4,559.9,0.799
3660,Endothelial,8.270,-4.639,605.5,651.5,
3661,AT1,1.988,4.493,1267.3,356.8,0.645
3662,AT2,-4.408,4.283,922.2,232.5,0.397
3663,Macrophage,-2.141,-7.568,1105.5,873.5,
3664,KRT8+ transitional,-2.056,3.519,1056.0,447.7,0.490
3665,AT1,-0.415,1.537,248.2,731.9,0.613
3666,AT2,-7.014,3.545,879.4,766.6,0.242
3667,KRT8+ transitional,0.398,3.612,1102.8,452.7,0.598
3668,KRT8+ transitional,-0.789,3.254,1049.3,440.9,0.562
3669,Endothelial,10.361,-5.372,1593.2,403.4,
3670,Fibroblast,-0.327,-4.778,1123.9,454.3,
3671,AT2,-10.322,2.894,1154.4,803.5,0.081
3672,Ciliated,-6.347,-5.611,80.9,387.3,
3673,Macrophage,-2.084,-7.503,1202.1,570.3,
3674,Fibroblast,1.574,-4.622,1057.6,499.9,
3675,Macrophage,-2.167,-5.529,247.9,677.2,
3676,AT2,-9.277,2.456,897.4,469.2,0.069
3677,KRT8+ transitional,-1.146,3.988,1082.4,477.4,0.515
3678,Endothelial,7.731,-5.443,892.9,74.5,
3679,KRT8+ transitional,1.227,2.686,1015.9,479.1,0.639
3680,Endothelial,9.764,-4.606,534.2,258.1,
3681,Ciliated,-5.237,-4.247,188.1,331.4,
3682,Endothelial,8.388,-6.833,383.4,703.3,
3683,Fibroblast,-1.449,-5.901,983.0,443.1,
3684,AT2,-5.737,3.202,1114.0,466.7,0.281
3685,Fibroblast,2.429,-5.319,1092.5,24.9,
3686,KRT8+ transitional,-0.693,3.074,599.8,279.0,0.548
3687,AT1,4.974,2.113,183.9,84.0,0.849
3688,Fibroblast,-1.761,-5.451,1103.4,453.8,
3689,AT2,-9.017,2.677,411.6,675.0,0.103
3690,Fibroblast,0.953,-4.715,1026.7,498.0,
3691,Endothelial,7.133,-6.828,1089.9,800.4,
3692,AT1,0.961,3.020,272.8,810.5,0.639
3693,Macrophage,-2.302,-6.725,914.4,153.7,
3694,Basal,-9.099,-3.589,86.2,536.3,
3695,Fibroblast,4.402,-3.605,981.2,14.3,
3696,AT2,-7.097,1.712,1200.2,55.1,0.097
3697,KRT8+ transitional,-0.443,3.199,1111.0,462.5,0.547
3698,KRT8+ transitional,-2.537,3.716,1083.5,365.3,0.469
3699,Basal,-6.789,-3.048,455.8,419.7,
3700,AT1,4.065,1.393,679.3,281.0,0.843
3701,Fibroblast,-0.660,-4.326,1072.7,495.7,
3702,Ciliated,-6.078,-6.323,65.2,415.1,
3703,Endothelial,10.069,-5.961,1499.3,4.1,
3704,AT2,-6.856,3.712,1080.4,543.4,0.251
3705,Fibroblast,-3.850,-6.998,731.1,458.5,
3706,AT1,6.749,1.111,10.8,141.4,0.967
3707,Ciliated,-5.408,-5.089,199.5,329.9,
3708,AT2,-3.628,2.591,513.4,493.1,0.381
3709,Endothelial,8.280,-4.447,802.7,301.0,
3710,Fibroblast,2.818,-3.687,545.0,665.7,
3711,KRT8+ transitional,0.855,3.634,1042.7,480.9,0.625
3712,Fibroblast,1.488,-3.934,941.3,755.1,
3713,AT2,-3.706,3.255,1078.1,275.9,0.397
3714,AT2,-6.133,2.618,1406.8,793.2,0.224
3715,Fibroblast,4.782,-3.442,1050.2,461.0,
3716,AT2,-7.192,3.317,574.3,619.8,0.206
3717,KRT8+ transitional,-1.897,3.143,1083.2,455.4,0.502
3718,Fibroblast,3.097,-4.305,213.9,186.5,
3719,AT1,3.822,2.777,1493.1,746.3,0.788
3720,AT2,-7.366,2.425,1088.9,376.2,0.162
3721,Macrophage,-2.935,-7.334,1550.9,186.3,
3722,Endothelial,9.261,-6.772,887.0,343.9,
3723,Macrophage,-4.702,-7.162,545.1,61.4,
3724,Endothelial,6.575,-6.397,41.1,342.2,
3725,Endothelial,8.480,-4.316,1109.1,112.6,
3726,Endothelial,7.611,-4.375,919.3,320.4,
3727,Basal,-7.621,-3.208,145.9,331.3,
3728,KRT8+ transitional,0.687,2.830,1182.0,374.0,0.628
3729,KRT8+ transitional,-0.705,3.525,1077.3,470.2,0.542
3730,KRT8+ transitional,-3.372,3.380,1080.4,478.5,0.405
3731,AT2,-3.824,3.963,1080.6,469.6,0.381
3732,Basal,-8.864,-3.895,69.6,372.6,
3733,AT2,-8.307,1.498,1267.5,605.5,0.009
3734,AT2,-4.804,4.153,1144.7,342.9,0.350
3735,AT1,7.040,0.786,1221.2,76.0,0.999
3736,Fibroblast,4.985,-4.057,343.7,236.5,
3737,Fibroblast,1.256,-4.962,1118.7,482.4,
3738,KRT8+ transitional,-0.517,2.465,992.8,414.0,0.559
3739,AT2,-7.036,2.516,1409.6,394.2,0.166
3740,Macrophage,-1.115,-7.174,39.2,847.6,
3741,AT2,-5.940,4.138,944.9,724.3,0.297
3742,KRT8+ transitional,-2.001,3.909,1020.7,379.4,0.468
3743,Ciliated,-5.995,-6.329,397.8,364.2,
3744,Basal,-8.424,-4.039,78.2,527.4,
3745,KRT8+ transitional,-1.818,3.326,1077.6,486.9,0.489
3746,Macrophage,-1.568,-7.931,1056.7,442.2,
3747,AT1,1.122,2.665,380.8,144.1,0.656
3748,Ciliated,-5.427,-6.494,105.4,533.0,
3749,Endothelial,9.265,-4.917,362.8,309.7,
3750,AT2,-9.129,2.823,1574.5,434.0,0.109
3751,AT2,-9.178,2.101,692.6,804.6,0.070
3752,Macrophage,-1.836,-6.812,456.2,290.8,
3753,AT2,-7.958,2.534,725.4,523.0,0.111
3754,AT1,4.457,1.349,944.3,788.2,0.837
3755,Fibroblast,5.520,-3.842,1123.0,327.1,
3756,AT2,-5.423,2.386,858.0,244.9,0.265
3757,AT1,1.504,3.184,1329.4,792.6,0.664
3758,Macrophage,-0.128,-8.255,1372.9,852.1,
3759,Macrophage,-3.091,-7.438,976.6,481.6,
3760,Ciliated,-6.361,-7.630,227.7,576.4,
3761,Endothelial,9.470,-8.878,107.1,666.7,
3762,AT2,-8.848,1.853,764.0,368.9,0.043
3763,AT1,3.817,1.438,431.6,545.4,0.832
3764,Macrophage,-2.141,-7.672,1081.3,208.0,
3765,AT2,-7.421,1.359,962.7,516.6,0.024
3766,KRT8+ transitional,-2.329,3.340,1084.3,348.9,0.476
3767,KRT8+ transitional,-2.668,4.551,1066.4,495.0,0.464
3768,KRT8+ transitional,0.444,3.647,988.2,537.5,0.612
3769,Macrophage,-3.112,-6.430,905.6,481.4,
3770,Ciliated,-6.063,-6.129,52.0,472.5,
3771,Fibroblast,2.451,-3.938,404.8,216.9,
3772,Endothelial,10.239,-4.295,371.4,596.7,
3773,Endothelial,7.631,-6.919,984.9,877.6,
3774,Endothelial,8.960,-5.100,21.1,485.0,
3775,KRT8+ transitional,-3.199,3.416,1036.7,374.3,0.426
3776,AT2,-3.998,3.517,586.7,84.3,0.380
3777,Endothelial,8.353,-6.010,1188.8,499.2,
3778,Macrophage,-3.356,-6.504,1092.1,465.9,
3779,AT2,-9.336,2.420,145.3,249.1,0.059
3780,Endothelial,10.713,-5.924,1559.4,34.2,
3781,Fibroblast,0.015,-3.805,1411.6,504.3,
3782,Endothelial,8.718,-6.045,482.5,104.6,
3783,AT1,6.246,0.798,1369.1,574.1,0.974
3784,Macrophage,-2.967,-7.139,1027.9,510.2,
3785,AT2,-7.127,1.318,739.5,540.5,0.045
3786,AT1,4.307,2.129,72.9,560.3,0.813
3787,Fibroblast,1.268,-4.924,576.9,101.8,
3788,KRT8+ transitional,-0.850,2.759,1070.4,543.3,0.535
3789,Fibroblast,-1.434,-6.450,890.0,610.2,
3790,Ciliated,-6.553,-4.100,57.4,451.4,
3791,Basal,-9.096,-4.042,429.8,504.4,
3792,Fibroblast,2.875,-3.771,1252.2,521.2,
3793,Fibroblast,1.913,-3.566,1138.3,524.8,
3794,Macrophage,-2.053,-6.882,1058.9,479.2,
3795,KRT8+ transitional,-3.681,3.484,618.6,554.5,0.371
3796,AT2,-8.119,4.894,1378.2,391.3,0.249
3797,KRT8+ transitional,-1.740,3.471,926.5,498.3,0.503
3798,AT2,-8.728,1.983,1128.2,234.5,0.048
3799,AT2,-9.534,1.633,1150.1,645.0,0.019
3800,Ciliated,-6.841,-6.241,389.5,542.7,
3801,Basal,-7.130,-3.446,62.7,500.3,
3802,Endothelial,6.770,-5.988,973.9,226.6,
3803,Endothelial,8.434,-2.058,1028.9,476.6,
3804,AT2,-5.672,3.017,522.5,528.7,0.294
3805,AT2,-5.182,2.956,675.5,151.7,0.292
3806,AT1,4.616,3.198,534.3,658.9,0.809
3807,AT1,5.314,0.270,651.3,532.5,0.982
3808,AT1,4.452,0.444,1400.6,406.3,0.966
3809,AT1,4.657,0.550,219.5,705.9,0.969
3810,AT1,5.367,2.389,190.8,279.5,0.865
3811,Macrophage,-0.553,-7.980,1241.7,312.3,
3812,AT2,-5.840,3.476,1148.2,459.0,0.293
3813,Ciliated,-6.475,-5.541,364.7,544.1,
3814,KRT8+ transitional,-3.321,4.571,1070.2,414.5,0.439
3815,AT1,5.722,0.562,243.1,52.3,0.982
3816,AT2,-6.415,1.334,23.8,260.4,0.148
3817,AT2,-7.415,2.074,1065.2,117.9,0.124
3818,AT2,-3.722,2.748,394.5,20.6,0.390
3819,AT2,-3.704,4.618,868.0,23.7,0.416
3820,Endothelial,9.443,-5.266,940.6,740.6,
3821,AT1,3.607,3.382,597.6,151.2,0.739
3822,Endothelial,7.375,-10.032,202.6,194.9,
3823,AT2,-3.422,3.559,1501.2,829.4,0.417
3824,Endothelial,9.619,-4.497,1462.3,670.1,
3825,KRT8+ transitional,-1.989,3.589,1306.2,690.2,0.482
3826,KRT8+ transitional,-1.691,3.582,1086.2,481.9,0.493
3827,Fibroblast,4.966,-5.207,127.6,873.2,
3828,AT1,3.703,2.409,1072.0,762.9,0.777
3829,AT1,2.615,3.989,579.9,287.8,0.667
3830,Basal,-8.436,-2.978,451.3,395.7,
3831,AT2,-7.408,3.919,629.5,195.5,0.230
3832,AT1,0.749,4.380,552.2,1.2,0.610
3833,AT2,-4.211,2.022,649.3,677.3,0.330
3834,Fibroblast,2.386,-4.308,1048.7,613.0,
3835,Basal,-8.589,-3.505,379.2,558.9,
3836,AT1,1.722,2.602,586.0,450.3,0.678
3837,Macrophage,-3.203,-5.846,273.7,266.7,
3838,AT1,4.568,0.965,445.9,660.1,0.899
3839,AT2,-8.032,2.232,1042.6,164.3,0.112
3840,AT1,0.381,2.081,827.3,704.5,0.614
3841,AT2,-8.156,2.627,249.4,335.2,0.124
3842,AT2,-6.898,2.214,1074.2,280.3,0.190
3843,Macrophage,-1.715,-6.172,1156.4,422.7,
3844,Fibroblast,2.212,-4.779,1224.6,513.5,
3845,AT2,-4.404,3.749,1126.9,509.0,0.371
3846,AT2,-6.702,1.665,819.8,122.6,0.123
3847,Ciliated,-7.053,-7.207,400.8,368.1,
3848,AT1,3.888,2.501,1557.5,550.8,0.786
3849,Basal,-8.914,-3.134,463.4,428.9,
3850,AT2,-4.812,3.994,1094.8,817.7,0.347
3851,KRT8+ transitional,-2.389,3.405,1032.1,489.8,0.467
3852,Endothelial,9.178,-5.881,1242.3,613.8,
3853,Basal,-9.244,-3.993,46.6,442.6,
3854,AT1,5.406,0.896,1147.2,833.4,0.977
3855,Macrophage,-4.246,-7.902,835.4,752.7,
3856,Endothelial,4.750,-3.766,360.9,60.8,
3857,AT2,-6.137,1.443,1486.7,297.9,0.122
3858,AT1,7.772,1.336,761.5,550.2,0.961
3859,AT2,-4.507,3.625,1107.9,465.7,0.370
3860,Macrophage,-1.332,-6.578,1142.4,476.5,
3861,KRT8+ transitional,-1.614,3.817,1115.6,439.7,0.506
3862,Endothelial,8.586,-3.860,583.9,99.7,
3863,Ciliated,-5.788,-6.803,205.2,569.7,
3864,Ciliated,-6.649,-5.929,449.8,449.3,
3865,AT2,-8.074,2.035,498.3,646.2,0.085
3866,Endothelial,8.248,-6.133,385.9,327.9,
3867,Macrophage,-2.582,-6.904,1059.9,473.6,
3868,KRT8+ transitional,-3.358,4.168,1189.5,560.5,0.428
3869,AT1,5.406,0.657,1463.9,598.5,0.975
3870,Fibroblast,4.530,-3.989,1026.0,739.5,
3871,KRT8+ transitional,-3.464,3.746,1092.5,485.8,0.416
3872,Fibroblast,3.456,-4.516,595.1,578.0,
3873,Basal,-9.033,-3.764,122.1,345.7,
3874,Macrophage,-3.093,-6.980,613.1,248.1,
3875,AT2,-9.036,2.620,1509.8,774.4,0.095
3876,Macrophage,-3.945,-6.361,1251.1,466.6,
3877,Fibroblast,0.855,-4.886,1012.7,507.4,
3878,KRT8+ transitional,1.065,3.228,1028.5,536.7,0.633
3879,AT2,-5.210,4.422,1104.9,442.5,0.351
3880,Fibroblast,4.748,-3.235,1260.2,448.1,
3881,AT2,-4.571,3.668,1263.7,852.3,0.339
3882,Ciliated,-6.909,-5.878,452.2,466.3,
3883,AT2,-6.895,2.152,406.8,668.0,0.132
3884,Fibroblast,3.840,-3.997,383.5,138.3,
3885,Endothelial,9.067,-5.244,681.3,425.5,
3886,AT2,-4.877,2.507,771.0,544.4,0.276
3887,AT2,-8.820,3.199,1008.1,45.2,0.122
3888,AT2,-8.231,3.476,579.5,720.3,0.172
3889,AT2,-4.875,2.542,579.6,289.2,0.330
3890,AT1,4.369,0.227,502.9,74.2,0.990
3891,Endothelial,6.797,-4.520,857.9,463.7,
3892,KRT8+ transitional,-1.451,2.284,1065.2,486.8,0.493
3893,Ciliated,-6.335,-4.759,336.2,559.3,
3894,AT2,-6.662,2.209,470.4,30.7,0.199
3895,Fibroblast,2.783,-3.843,1083.6,470.6,
3896,Fibroblast,3.873,-3.464,413.6,816.0,
3897,Ciliated,-6.054,-6.837,44.2,467.2,
3898,Basal,-8.552,-3.517,449.1,514.6,
3899,Endothelial,9.330,-5.493,1198.0,729.6,
3900,AT2,-8.625,2.189,1498.2,347.4,0.081
3901,AT1,3.859,2.639,675.9,376.5,0.797
3902,Endothelial,10.298,-5.558,1178.3,32.7,
3903,AT2,-7.303,3.324,262.4,737.6,0.193
3904,AT2,-8.635,1.985,852.0,582.9,0.041
3905,Macrophage,-2.158,-7.752,54.5,292.9,
3906,Basal,-9.616,-5.703,192.4,576.7,
3907,Macrophage,-3.486,-8.369,130.6,757.4,
3908,Basal,-8.313,-3.050,127.2,347.4,
3909,AT2,-5.702,2.607,216.5,57.9,0.261
3910,KRT8+ transitional,-2.790,4.160,968.5,439.1,0.451
3911,AT2,-8.139,2.034,571.9,289.3,0.107
3912,Fibroblast,3.566,-3.623,834.9,419.0,
3913,AT1,0.248,3.040,647.0,86.3,0.609
3914,AT2,-8.344,2.295,1161.2,503.2,0.093
3915,Macrophage,-2.256,-6.378,1426.6,58.8,
3916,AT1,5.948,0.764,655.6,482.6,0.985
3917,Basal,-8.664,-2.818,42.3,411.1,
3918,Endothelial,7.725,-8.207,492.1,124.7,
3919,AT2,-5.996,1.934,417.1,674.6,0.214
3920,Endothelial,9.876,-5.828,1121.7,80.0,
3921,AT1,2.509,3.005,955.3,854.7,0.719
3922,AT1,4.756,0.309,634.0,712.4,0.999
3923,AT2,-4.343,3.149,859.2,717.3,0.353
3924,AT2,-7.585,3.095,1429.0,837.3,0.188
3925,KRT8+ transitional,-1.557,2.773,1093.5,536.6,0.492
3926,AT2,-9.389,3.037,323.3,143.3,0.099
3927,Ciliated,-6.128,-6.652,424.2,384.0,
3928,AT2,-9.214,3.218,1091.7,467.2,0.126
3929,Macrophage,-2.282,-7.264,699.0,638.6,
3930,AT2,-7.332,2.736,389.1,156.1,0.175
3931,Fibroblast,5.094,-3.507,1168.8,370.2,
3932,Endothelial,10.384,-6.044,344.9,19.1,
3933,Fibroblast,3.249,-2.544,1434.0,169.7,
3934,Endothelial,9.108,-3.627,331.8,823.2,
3935,AT2,-8.780,2.243,1071.2,601.3,0.073
3936,KRT8+ transitional,0.861,3.267,1085.6,468.5,0.627
3937,AT1,1.028,2.645,252.3,634.1,0.632
3938,KRT8+ transitional,-0.277,3.645,994.3,368.5,0.576
3939,Macrophage,-0.762,-7.757,104.6,195.1,
3940,AT2,-5.240,2.762,455.4,475.5,0.293
3941,Endothelial,8.795,-6.479,666.6,241.0,
3942,AT1,4.034,1.726,671.4,747.3,0.825
3943,Macrophage,-3.046,-6.789,1081.6,462.7,
3944,Endothelial,7.712,-7.536,294.5,200.0,
3945,Endothelial,9.471,-3.592,34.7,484.2,
3946,Macrophage,-0.364,-6.700,747.1,497.1,
3947,Ciliated,-5.304,-4.059,342.5,561.3,
3948,AT2,-6.758,2.670,761.1,348.4,0.217
3949,AT1,4.869,0.378,1299.4,718.2,0.977
3950,Fibroblast,-0.726,-5.029,1029.5,448.3,
3951,AT2,-11.119,2.632,906.2,200.0,0.032
3952,Macrophage,-0.761,-7.524,576.0,324.1,
3953,Fibroblast,2.362,-3.858,1106.5,395.6,
3954,AT2,-7.309,2.406,191.8,850.3,0.145
3955,Endothelial,8.177,-4.368,715.1,578.4,
3956,KRT8+ transitional,0.389,3.239,1099.6,482.1,0.599
3957,KRT8+ transitional,0.071,2.830,1091.2,589.0,0.584
3958,KRT8+ transitional,-0.654,3.407,1094.9,516.9,0.553
3959,Endothelial,8.930,-5.826,821.5,851.6,
3960,KRT8+ transitional,-1.402,3.948,488.9,607.0,0.502
3961,Macrophage,-1.917,-8.365,1236.5,456.4,
3962,AT2,-4.939,2.958,160.8,237.4,0.330
3963,Basal,-7.276,-2.367,455.2,492.9,
3964,Ciliated,-6.761,-7.753,282.0,576.0,
3965,Macrophage,-2.868,-7.231,962.4,820.0,
3966,Endothelial,8.549,-4.611,1235.7,891.3,
3967,AT2,-8.898,1.488,490.8,315.1,0.001
3968,AT2,-8.569,2.173,215.8,688.5,0.062
3969,KRT8+ transitional,-2.468,3.819,1078.4,400.6,0.469
3970,Macrophage,-1.719,-8.111,1083.6,467.8,
3971,Fibroblast,0.489,-5.310,1077.4,471.1,
3972,AT1,7.096,0.673,426.4,832.2,0.975
3973,AT2,-8.195,2.442,497.6,635.8,0.112
3974,KRT8+ transitional,-0.757,3.583,1094.3,476.2,0.553
3975,Fibroblast,1.970,-6.307,1510.2,832.7,
3976,Endothelial,8.379,-4.779,1467.3,578.5,
3977,Endothelial,7.227,-4.442,1076.2,776.5,
3978,Endothelial,8.865,-5.943,486.4,682.8,
3979,KRT8+ transitional,0.384,3.848,1070.5,359.3,0.577
3980,AT2,-4.771,3.066,1486.4,368.9,0.325
3981,Fibroblast,1.504,-4.323,773.0,566.5,
3982,Macrophage,-0.929,-7.900,1019.7,501.5,
3983,Basal,-7.216,-2.626,459.9,475.3,
3984,AT2,-7.589,2.084,510.7,777.7,0.044
3985,Macrophage,-3.175,-8.090,1083.8,471.1,
3986,Macrophage,-1.455,-6.519,1058.9,453.7,
3987,Fibroblast,-1.795,-5.846,282.3,808.3,
3988,AT2,-7.854,3.506,1507.8,826.3,0.206
3989,KRT8+ transitional,-0.980,3.213,1020.4,353.4,0.529
3990,Endothelial,6.539,-5.127,1596.3,762.7,
3991,Fibroblast,4.075,-3.945,1077.8,454.3,
3992,AT1,2.315,3.041,782.3,870.8,0.681
3993,AT2,-7.417,1.843,525.3,543.8,0.085
3994,Endothelial,7.861,-5.762,1014.6,692.3,
3995,Endothelial,8.910,-5.502,1368.6,114.8,
3996,AT1,3.671,2.140,869.4,93.6,0.784
3997,AT2,-7.113,2.089,1522.1,258.1,0.112
3998,KRT8+ transitional,-2.452,3.093,1176.3,437.0,0.465
3999,KRT8+ transitional,-2.051,4.118,570.4,372.6,0.472
4000,Basal,-7.877,-3.206,438.4,516.4,
4001,Endothelial,10.314,-4.890,1279.5,893.6,
4002,Macrophage,-3.745,-7.755,917.3,140.3,
4003,AT2,-7.859,2.591,129.3,809.1,0.161
4004,Macrophage,-1.623,-6.823,55.7,283.9,
4005,Endothelial,7.310,-6.421,26.9,497.2,
4006,AT2,-6.479,2.905,1090.4,429.9,0.238
4007,KRT8+ transitional,-1.130,4.002,1141.7,487.4,0.526
4008,Fibroblast,2.767,-3.426,1400.3,837.7,
4009,Basal,-8.141,-3.449,56.3,387.7,
4010,Endothelial,7.672,-6.873,1218.2,54.1,
4011,Endothelial,6.206,-4.910,1388.1,766.9,
4012,Basal,-8.745,-2.601,376.0,347.6,
4013,Endothelial,8.909,-6.704,786.9,585.2,
4014,KRT8+ transitional,-0.736,2.862,1151.0,496.5,0.546
4015,Macrophage,-2.646,-6.815,1088.2,464.8,
4016,AT2,-9.887,3.594,1351.6,520.0,0.130
4017,Macrophage,-0.051,-7.851,812.2,627.9,
4018,AT2,-8.429,2.647,1600.0,180.0,0.111
4019,AT1,3.305,3.188,61.6,672.0,0.730
4020,AT1,1.354,0.929,250.5,729.6,0.709
4021,AT2,-8.694,3.447,1300.8,717.2,0.173
4022,AT1,2.421,3.095,1294.7,590.8,0.701
4023,AT2,-4.732,2.274,974.4,672.2,0.312
4024,Endothelial,7.163,-5.924,1171.2,142.0,
4025,AT1,3.614,1.355,1203.5,732.3,0.845
4026,AT2,-8.960,2.052,488.6,635.9,0.030
4027,AT2,-5.968,3.976,659.5,364.5,0.295
4028,AT2,-7.136,3.861,583.1,267.2,0.230
4029,Macrophage,-0.152,-8.357,385.8,756.3,
4030,Endothelial,7.971,-5.268,1487.8,666.9,
4031,AT2,-6.756,4.025,988.4,548.5,0.288
4032,KRT8+ transitional,-2.895,3.302,1003.0,405.4,0.449
4033,Macrophage,-1.339,-7.983,249.5,679.9,
4034,Ciliated,-8.026,-6.209,305.7,567.8,
4035,AT2,-8.131,4.428,1234.8,382.2,0.229
4036,Ciliated,-6.865,-6.759,445.0,415.0,
4037,Fibroblast,5.222,-1.608,1078.3,487.7,
4038,KRT8+ transitional,-2.768,2.890,1071.7,485.0,0.442
4039,Fibroblast,0.981,-3.624,350.5,243.9,
4040,KRT8+ transitional,-1.649,2.808,1087.1,466.6,0.496
4041,AT1,4.959,1.516,581.6,23.6,0.912
4042,AT1,1.971,3.321,459.2,451.0,0.655
4043,Fibroblast,0.876,-3.682,1129.8,459.0,
4044,AT2,-6.451,2.212,906.3,199.1,0.184
4045,AT2,-8.596,3.166,1152.9,558.1,0.145
4046,Endothelial,8.543,-7.383,742.8,140.9,
4047,Basal,-9.492,-4.375,143.7,339.7,
4048,Ciliated,-5.698,-7.270,51.5,411.4,
4049,AT1,0.358,1.645,539.2,203.5,0.634
4050,Macrophage,-3.405,-7.511,624.3,795.5,
4051,AT2,-9.737,1.862,375.1,45.3,0.033
4052,AT2,-6.360,3.374,970.5,477.2,0.264
4053,AT2,-3.795,3.329,183.5,768.1,0.392
4054,AT2,-6.545,2.803,1092.3,461.5,0.225
4055,Ciliated,-8.305,-8.202,453.9,448.9,
4056,Macrophage,-2.900,-6.782,734.2,822.7,
4057,AT2,-8.357,2.676,1403.4,384.1,0.130
4058,AT2,-6.247,2.967,798.4,317.0,0.260
4059,KRT8+ transitional,-3.439,3.744,1088.7,470.3,0.424
4060,Endothelial,8.714,-6.338,1420.7,511.1,
4061,Fibroblast,-0.306,-4.796,1134.4,509.6,
4062,AT1,3.970,2.622,639.8,720.0,0.752
4063,Endothelial,9.491,-6.032,343.0,235.7,
4064,AT2,-3.473,3.159,1182.6,438.6,0.419
4065,Fibroblast,2.355,-4.528,493.2,786.7,
4066,Macrophage,-2.696,-7.484,1151.1,419.3,
4067,Endothelial,8.690,-6.239,1318.5,118.0,
4068,Macrophage,-3.779,-8.161,1092.9,483.8,
4069,Endothelial,10.288,-6.209,1544.3,380.8,
4070,AT2,-7.825,2.962,949.6,782.9,0.173
4071,Basal,-7.769,-2.285,52.7,416.4,
4072,AT1,5.389,2.873,1384.9,256.9,0.824
4073,AT2,-7.377,2.370,1175.3,488.5,0.122
4074,Endothelial,7.047,-5.144,1495.3,696.0,
4075,Basal,-8.612,-4.170,236.5,585.5,
4076,AT1,3.849,3.036,1314.1,806.0,0.763
4077,Endothelial,8.806,-4.763,600.8,563.8,
4078,AT2,-7.320,2.446,1330.4,134.4,0.178
4079,AT2,-7.109,3.135,744.4,31.9,0.200
4080,AT2,-4.396,3.924,430.3,122.7,0.361
4081,AT2,-6.984,2.015,505.4,79.1,0.138
4082,AT1,5.338,1.320,773.3,110.0,0.905
4083,AT2,-8.974,2.937,1111.2,445.4,0.103
4084,KRT8+ transitional,-0.928,2.377,1092.1,441.4,0.552
4085,AT2,-6.946,2.094,403.5,586.3,0.173
4086,AT1,3.374,1.236,1227.7,543.3,0.823
4087,Fibroblast,1.115,-4.038,1191.5,9.6,
4088,Endothelial,7.730,-6.350,259.1,35.0,
4089,AT2,-8.940,2.274,229.9,723.9,0.095
4090,Endothelial,8.879,-5.416,1284.3,604.2,
4091,AT1,0.226,2.649,735.2,791.0,0.612
4092,Fibroblast,-0.485,-4.809,462.4,7.7,
4093,KRT8+ transitional,-2.556,4.162,1089.0,463.5,0.453
4094,AT1,2.550,3.801,575.4,372.1,0.683
4095,Macrophage,-0.954,-7.958,1072.6,474.2,
4096,Fibroblast,-0.547,-5.043,1090.5,787.5,
4097,Fibroblast,0.915,-4.315,1315.9,783.5,
4098,Endothelial,8.917,-6.405,115.6,251.6,
4099,Fibroblast,2.556,-3.665,677.6,499.6,
4100,AT2,-3.647,3.031,720.0,504.2,0.394
4101,AT1,2.260,1.652,1013.2,532.8,0.719
4102,Endothelial,9.064,-4.938,1250.3,699.1,
4103,KRT8+ transitional,-2.691,3.853,1102.4,508.2,0.444
4104,AT2,-9.497,2.543,474.1,130.2,0.065
4105,Ciliated,-6.214,-6.156,46.7,465.2,
4106,AT2,-4.902,3.782,1214.9,75.4,0.344
4107,AT1,4.326,3.378,1301.7,589.5,0.753
4108,Fibroblast,-0.322,-4.537,1546.5,6.6,
4109,Basal,-9.613,-3.032,409.9,360.0,
4110,AT2,-4.333,2.512,573.8,635.0,0.340
4111,Basal,-8.903,-2.823,315.9,315.2,
4112,Macrophage,-0.355,-7.886,981.0,405.0,
4113,Endothelial,10.256,-6.385,521.4,560.9,
4114,AT2,-8.261,1.846,414.1,15.7,0.025
4115,AT1,3.699,2.431,784.4,658.7,0.781
4116,AT1,6.951,3.382,513.4,656.2,0.840
4117,AT2,-4.369,3.252,630.2,450.4,0.338
4118,AT2,-9.019,2.951,1085.2,476.9,0.106
4119,Fibroblast,-0.327,-6.094,1020.7,447.4,
4120,Macrophage,-2.699,-6.710,965.9,406.8,
4121,KRT8+ transitional,-3.373,3.729,1156.2,407.4,0.421
4122,KRT8+ transitional,-2.522,2.813,1127.3,451.7,0.456
4123,AT2,-5.518,1.680,1164.2,635.1,0.186
4124,AT1,1.299,2.735,845.1,810.6,0.658
4125,Ciliated,-5.760,-7.259,250.7,576.1,
4126,Fibroblast,2.776,-3.535,1082.6,480.7,
4127,Endothelial,10.960,-5.222,357.4,843.5,
4128,KRT8+ transitional,-0.766,3.452,59.5,73.9,0.539
4129,Endothelial,8.828,-6.229,1193.5,870.9,
4130,Basal,-9.414,-4.401,123.7,346.9,
4131,KRT8+ transitional,0.842,3.841,1117.4,455.1,0.589
4132,AT1,2.335,1.052,1549.3,403.0,0.779
4133,KRT8+ transitional,0.346,2.730,1068.5,410.6,0.602
4134,Macrophage,-3.132,-6.357,1107.6,378.0,
4135,Endothelial,8.166,-6.633,1208.8,169.4,
4136,Endothelial,7.167,-5.180,1595.2,536.4,
4137,AT1,1.240,3.080,107.0,114.7,0.656
4138,Ciliated,-6.646,-6.486,226.0,330.0,
4139,Ciliated,-6.368,-6.708,337.7,346.1,
4140,AT2,-9.266,2.398,1447.3,737.1,0.061
4141,Fibroblast,-1.671,-5.053,167.4,86.3,
4142,AT1,5.379,1.629,1392.5,700.1,0.894
4143,AT1,8.032,0.554,310.7,228.1,0.999
4144,Basal,-9.139,-3.675,252.4,311.1,
4145,Ciliated,-7.900,-6.124,206.8,330.5,
4146,Macrophage,-2.298,-7.726,1078.2,532.8,
4147,Endothelial,9.996,-5.253,1165.3,205.6,
4148,Fibroblast,6.139,-2.833,38.0,737.1,
4149,AT1,5.659,0.714,637.6,628.0,0.971
4150,KRT8+ transitional,-1.278,2.683,1088.2,486.4,0.530
4151,Macrophage,-0.915,-7.276,1151.2,476.6,
4152,Macrophage,-3.722,-5.641,1094.6,428.4,
4153,AT2,-8.274,2.445,747.0,783.1,0.092
4154,AT2,-3.289,2.873,1037.9,452.0,0.418
4155,AT2,-5.104,2.089,1103.0,168.4,0.290
4156,AT1,4.016,1.081,396.3,585.2,0.863
4157,AT1,3.337,3.122,1333.7,666.8,0.739
4158,AT1,4.942,0.768,1105.5,900.0,0.979
4159,KRT8+ transitional,-0.616,3.820,1013.2,405.8,0.541
4160,AT1,5.847,1.247,591.0,45.8,0.939
4161,AT2,-7.153,1.853,594.3,277.3,0.142
4162,KRT8+ transitional,-2.648,3.849,1069.4,454.0,0.455
4163,Fibroblast,0.501,-4.782,1259.2,502.5,
4164,AT2,-7.517,1.618,426.5,246.6,0.002
4165,Endothelial,9.139,-4.025,1401.5,668.4,
4166,AT2,-3.683,2.300,1108.6,516.2,0.364
4167,Basal,-9.179,-3.153,48.2,401.8,
4168,Fibroblast,2.042,-4.269,1125.8,454.3,
4169,KRT8+ transitional,-2.626,4.352,1067.4,481.7,0.466
4170,AT2,-8.604,1.445,887.0,317.5,0.024
4171,Ciliated,-5.589,-6.136,86.1,375.0,
4172,AT1,0.728,1.590,885.0,487.6,0.657
4173,AT2,-6.130,3.375,1378.6,799.1,0.280
4174,Basal,-8.881,-2.706,179.7,328.3,
4175,Basal,-9.317,-3.650,39.8,469.1,
4176,AT1,0.823,1.106,937.4,261.4,0.649
4177,AT1,4.644,1.589,196.3,816.0,0.859
4178,Macrophage,-1.101,-8.065,799.0,651.2,
4179,AT1,2.984,2.267,168.3,707.5,0.752
4180,KRT8+ transitional,-1.191,3.092,1060.2,521.5,0.525
4181,Basal,-7.029,-3.625,39.9,454.0,
4182,Fibroblast,3.240,-2.615,280.3,770.6,
4183,AT2,-4.106,4.287,1218.3,77.0,0.400
4184,AT1,3.874,2.558,309.8,237.8,0.791
4185,AT2,-6.296,1.252,1468.4,509.9,0.111
4186,AT2,-8.702,2.269,1332.9,52.9,0.052
4187,KRT8+ transitional,-1.409,2.390,1085.2,470.5,0.512
4188,AT1,2.675,3.690,342.1,803.4,0.702
4189,Endothelial,8.852,-3.014,1488.6,882.5,
4190,Macrophage,-2.984,-7.036,1547.2,304.7,
4191,KRT8+ transitional,-1.365,2.572,247.4,205.9,0.525
4192,AT1,7.303,1.275,1310.9,731.1,0.944
4193,Endothelial,7.229,-4.872,1490.4,662.3,
4194,AT2,-3.479,3.333,491.7,638.7,0.385
4195,AT1,1.238,2.997,1415.6,388.4,0.637
4196,AT2,-8.978,2.255,458.5,446.8,0.037
4197,Macrophage,-4.129,-7.079,140.1,188.3,
4198,Ciliated,-6.628,-5.842,164.5,562.3,
4199,Endothelial,9.796,-4.464,492.8,350.2,
4200,Ciliated,-5.813,-6.651,80.3,514.1,
4201,AT1,4.788,2.951,761.0,454.1,0.806
4202,KRT8+ transitional,-1.446,4.118,1399.1,826.2,0.508
4203,Endothelial,11.069,-4.720,481.7,5.9,
4204,AT2,-4.996,2.341,1453.4,393.5,0.279
4205,Fibroblast,1.644,-3.608,728.7,417.6,
4206,AT2,-4.948,4.266,598.8,339.3,0.353
4207,AT2,-4.610,2.713,1129.4,587.2,0.314
4208,Macrophage,-4.201,-6.238,834.2,765.4,
4209,Macrophage,-0.800,-7.436,970.0,536.8,
4210,KRT8+ transitional,-2.531,3.248,1521.6,320.1,0.447
4211,Macrophage,-2.431,-7.115,1002.7,595.6,
4212,AT2,-9.435,3.563,430.8,819.7,0.128
4213,AT2,-7.601,3.714,887.0,707.8,0.218
4214,KRT8+ transitional,-2.611,4.245,1299.5,1.4,0.449
4215,Endothelial,6.193,-6.083,762.0,600.8,
4216,Macrophage,-0.820,-8.133,1011.1,64.3,
4217,AT1,1.789,3.171,1279.3,756.3,0.665
4218,Basal,-8.960,-2.696,436.8,522.8,
4219,Fibroblast,4.640,-4.246,703.9,727.9,
4220,Ciliated,-5.010,-6.632,53.2,461.9,
4221,Fibroblast,1.964,-4.382,1080.6,468.4,
4222,AT2,-8.421,1.769,475.7,473.0,0.022
4223,AT2,-6.143,2.011,907.8,507.0,0.200
4224,Basal,-6.923,-1.263,407.4,545.9,
4225,AT2,-5.719,2.619,835.7,670.3,0.260
4226,Fibroblast,3.624,-3.821,1141.7,231.0,
4227,KRT8+ transitional,0.431,2.606,1192.2,434.9,0.596
4228,Fibroblast,3.332,-3.662,1443.3,424.4,
4229,Basal,-7.246,-3.763,94.9,541.1,
4230,Fibroblast,3.175,-3.996,210.9,195.8,
4231,AT1,5.782,2.647,1002.3,99.7,0.868
4232,KRT8+ transitional,-1.625,3.376,1075.2,467.9,0.512
4233,Endothelial,10.874,-5.426,692.1,502.7,
4234,Fibroblast,2.165,-4.132,451.1,156.0,
4235,Macrophage,-2.609,-7.657,57.4,588.6,
4236,AT2,-5.564,3.156,1360.0,47.9,0.289
4237,AT1,4.596,1.376,651.1,527.0,0.891
4238,Endothelial,7.830,-3.252,710.1,115.9,
4239,Endothelial,7.386,-5.938,1058.7,895.0,
4240,Fibroblast,0.666,-4.536,1236.1,392.4,
4241,KRT8+ transitional,0.958,3.356,1037.1,499.1,0.632
4242,Basal,-7.519,-4.453,370.7,348.3,
4243,Ciliated,-5.949,-7.290,79.5,515.9,
4244,KRT8+ transitional,-1.932,3.933,1090.3,486.8,0.496
4245,AT2,-4.378,3.731,660.3,474.4,0.359
4246,AT1,6.277,1.399,1513.4,197.0,0.940
4247,Endothelial,8.483,-6.419,1300.6,285.7,
4248,Fibroblast,0.993,-4.657,1596.7,19.8,
4249,AT2,-7.663,2.810,1218.6,698.9,0.165
4250,Macrophage,-1.146,-7.633,1082.3,485.0,
4251,AT2,-8.230,1.667,9.8,645.6,0.023
4252,AT2,-5.445,4.283,195.5,70.5,0.328
4253,Endothelial,9.787,-6.364,635.0,849.5,
4254,Ciliated,-6.275,-5.638,63.3,469.6,
4255,Basal,-6.808,-2.836,106.8,555.9,
4256,Basal,-8.454,-2.598,455.0,458.0,
4257,Endothelial,8.134,-7.010,338.2,118.2,
4258,Basal,-7.902,-2.909,244.5,316.5,
4259,Fibroblast,2.254,-4.294,570.2,398.6,
4260,AT2,-8.631,3.288,1010.5,483.6,0.149
4261,KRT8+ transitional,-1.275,3.924,1003.9,384.1,0.511
4262,AT1,4.529,2.165,910.2,315.3,0.827
4263,AT2,-7.257,3.063,1225.7,280.6,0.192
4264,Endothelial,9.026,-6.110,674.3,220.9,
4265,Macrophage,-1.260,-9.274,628.3,126.9,
4266,Macrophage,-2.312,-7.553,1051.9,438.6,
4267,Fibroblast,0.926,-4.917,1150.5,623.2,
4268,Basal,-7.718,-3.454,205.6,578.0,
4269,AT2,-8.325,2.064,1052.3,383.2,0.082
4270,AT1,1.444,3.139,506.7,297.8,0.667
4271,AT2,-9.061,2.670,956.3,437.3,0.107
4272,AT2,-7.033,3.919,1026.9,541.8,0.262
4273,Fibroblast,-0.047,-4.608,1077.8,479.2,
4274,AT2,-8.464,2.145,1236.8,496.0,0.036
4275,Endothelial,8.909,-6.824,1118.7,119.3,
4276,Endothelial,10.668,-5.642,1147.5,198.1,
4277,AT2,-5.680,3.851,282.0,72.7,0.292
4278,Ciliated,-6.037,-5.976,404.9,371.8,
4279,AT1,4.240,3.019,46.2,72.8,0.774
4280,AT1,5.901,0.834,450.7,368.3,0.972
4281,AT2,-7.914,3.405,1416.3,158.1,0.200
4282,AT2,-5.970,1.749,634.2,83.1,0.152
4283,AT1,7.078,1.609,433.5,510.6,0.949
4284,Ciliated,-5.986,-6.092,122.1,363.9,
4285,Fibroblast,4.181,-2.676,1081.4,468.9,
4286,Basal,-7.980,-3.146,181.6,325.7,
4287,Endothelial,10.793,-5.453,1567.9,418.0,
4288,Macrophage,-2.106,-7.616,820.1,740.0,
4289,Fibroblast,3.875,-3.848,1164.0,861.5,
4290,AT2,-6.736,1.891,779.7,862.7,0.132
4291,Macrophage,-1.859,-7.207,1459.4,796.1,
4292,AT1,4.527,1.409,1262.7,856.7,0.856
4293,Macrophage,-3.120,-7.247,424.2,60.9,
4294,AT1,6.341,1.375,515.0,18.1,0.917
4295,KRT8+ transitional,-2.538,3.228,808.2,520.7,0.459
4296,KRT8+ transitional,1.395,3.920,1117.8,513.5,0.619
4297,KRT8+ transitional,-1.752,4.103,21.6,578.3,0.489
4298,KRT8+ transitional,0.267,3.990,1122.1,533.3,0.596
4299,Ciliated,-7.816,-6.297,225.4,568.5,
4300,Fibroblast,-0.764,-4.662,454.5,332.1,
4301,Fibroblast,-0.444,-4.570,1026.1,444.0,
4302,AT2,-5.384,3.016,584.2,356.3,0.293
4303,Fibroblast,2.372,-4.519,936.0,487.6,
4304,Fibroblast,1.782,-4.605,1117.7,474.6,
4305,AT2,-6.999,2.832,1515.2,803.1,0.191
4306,Macrophage,-0.648,-7.754,1075.7,473.6,
4307,AT2,-7.188,2.293,240.7,332.1,0.187
4308,AT1,4.861,0.445,1378.8,308.7,0.972
4309,AT2,-5.425,2.975,936.8,286.7,0.300
4310,Basal,-10.448,-2.831,355.1,337.8,
4311,AT2,-5.416,2.932,759.2,381.5,0.298
4312,KRT8+ transitional,-2.625,3.403,1117.9,402.7,0.442
4313,AT2,-9.837,2.517,1169.6,844.1,0.061
4314,Macrophage,-4.513,-7.825,1534.5,306.4,
4315,AT2,-5.364,2.941,1215.8,180.4,0.274
4316,Fibroblast,2.273,-4.189,1061.0,503.6,
4317,KRT8+ transitional,-0.002,3.034,1108.6,454.1,0.584
4318,AT2,-7.453,1.630,1291.1,203.0,0.038
4319,AT2,-9.933,1.938,697.0,278.7,0.039
4320,Endothelial,9.339,-7.120,684.9,201.3,
4321,AT2,-7.416,1.937,1121.6,815.8,0.141
4322,Endothelial,6.755,-3.902,25.3,680.1,
4323,Fibroblast,0.236,-3.052,653.7,12.5,
4324,AT1,3.746,0.783,814.6,274.1,0.920
4325,Macrophage,-3.912,-6.781,1127.6,516.7,
4326,Macrophage,-1.113,-7.025,1062.2,609.3,
4327,Basal,-6.816,-3.468,465.4,447.9,
4328,AT2,-8.410,1.984,1052.2,518.9,0.017
4329,Macrophage,-1.301,-8.196,537.7,346.4,
4330,KRT8+ transitional,-2.685,3.950,1112.6,483.1,0.455
4331,Ciliated,-7.183,-6.998,86.1,516.2,
4332,AT2,-7.828,1.588,1375.4,332.6,0.008
4333,Basal,-9.021,-2.444,175.4,573.6,
4334,Macrophage,-0.688,-8.012,587.8,777.0,
4335,Endothelial,9.681,-5.508,1522.5,867.9,
4336,Macrophage,-4.573,-8.294,927.4,681.9,
4337,AT1,5.419,0.473,292.7,326.4,0.995
4338,Macrophage,-2.572,-5.263,1269.7,598.6,
4339,AT2,-6.559,3.702,513.1,698.1,0.274
4340,AT2,-6.704,2.396,441.2,13.1,0.161
4341,KRT8+ transitional,-4.135,4.540,1105.1,419.9,0.395
4342,KRT8+ transitional,-1.906,3.484,1028.8,445.3,0.486
4343,AT2,-7.313,1.634,857.5,6.8,0.073
4344,Fibroblast,1.491,-5.204,1076.2,586.2,
4345,AT2,-8.382,2.568,229.7,567.6,0.136
4346,KRT8+ transitional,0.415,3.504,98.0,692.5,0.591
4347,AT2,-8.751,1.949,1147.3,660.4,0.069
4348,AT2,-7.755,2.827,1423.3,192.4,0.140
4349,Endothelial,6.415,-4.633,1034.2,4.2,
4350,AT2,-9.170,2.146,525.2,387.7,0.028
4351,KRT8+ transitional,-1.269,3.528,1093.6,595.5,0.512
4352,Endothelial,10.058,-6.274,940.4,40.3,
4353,Ciliated,-6.185,-4.736,421.8,390.6,
4354,AT2,-8.171,2.106,1090.9,418.0,0.093
4355,AT2,-5.998,2.488,606.1,553.0,0.230
4356,AT2,-6.193,3.448,618.5,276.1,0.272
4357,Fibroblast,1.834,-3.778,913.0,752.1,
4358,Endothelial,8.729,-7.352,1487.0,386.4,
4359,AT2,-8.559,3.215,744.0,788.4,0.125
4360,Macrophage,-2.343,-7.648,1150.6,429.4,
4361,Endothelial,8.759,-5.165,397.7,325.0,
4362,Fibroblast,1.289,-5.423,968.2,454.7,
4363,AT2,-5.823,2.693,60.5,555.6,0.268
4364,Fibroblast,-1.140,-4.173,987.7,489.9,
4365,AT2,-5.382,2.100,229.8,796.9,0.263
4366,KRT8+ transitional,-1.674,3.436,354.4,227.7,0.501
4367,AT2,-4.055,3.512,1480.2,847.3,0.385
4368,KRT8+ transitional,-2.915,3.561,1112.2,404.8,0.425
4369,AT1,1.017,1.132,78.1,808.8,0.709
4370,AT2,-4.505,3.118,959.0,537.1,0.336
4371,Endothelial,7.521,-5.238,1014.7,265.8,
4372,Macrophage,-3.011,-7.562,990.7,428.3,
4373,AT1,4.910,1.767,938.7,837.1,0.883
4374,Fibroblast,5.130,-3.786,1064.3,500.4,
4375,Fibroblast,3.101,-4.035,155.4,844.1,
4376,KRT8+ transitional,-0.333,2.443,1113.9,560.2,0.577
4377,AT2,-4.973,2.907,152.5,801.0,0.307
4378,Ciliated,-5.382,-6.087,136.8,351.4,
4379,Fibroblast,1.208,-3.474,1208.2,426.4,
4380,AT1,5.560,0.315,1505.1,662.0,0.993
4381,Endothelial,9.944,-5.609,912.7,874.9,
4382,KRT8+ transitional,-3.442,3.729,976.7,401.8,0.392
4383,AT2,-8.598,2.035,869.8,720.5,0.048
4384,AT2,-4.965,2.489,96.6,228.7,0.316
4385,Macrophage,-2.924,-8.732,808.5,60.2,
4386,AT2,-5.526,2.175,18.5,304.7,0.281
4387,AT2,-7.919,3.545,461.9,760.0,0.216
4388,AT2,-6.332,1.646,1200.4,285.1,0.148
4389,AT1,3.330,1.010,881.0,775.8,0.850
4390,AT1,4.378,4.032,830.9,667.5,0.760
4391,AT2,-5.071,4.363,875.6,120.0,0.346
4392,KRT8+ transitional,-3.006,2.929,856.6,347.5,0.423
4393,Macrophage,-2.652,-7.039,1098.1,451.0,
4394,Macrophage,-2.325,-6.488,743.7,860.6,
4395,AT2,-6.870,4.181,589.4,24.8,0.264
4396,AT2,-7.024,4.318,524.9,397.0,0.258
4397,KRT8+ transitional,-0.407,2.693,1049.5,449.5,0.563
4398,Macrophage,-3.272,-5.870,490.1,400.9,
4399,Endothelial,7.843,-7.563,750.4,378.8,
4400,Fibroblast,0.042,-5.106,692.4,466.2,
4401,AT1,6.184,2.007,1373.4,104.9,0.894
4402,Endothelial,6.202,-5.057,255.7,772.7,
4403,AT1,2.760,2.609,1586.7,320.0,0.719
4404,AT1,3.463,2.831,266.2,54.2,0.742
4405,AT1,1.829,2.718,472.6,98.5,0.677
4406,AT2,-6.171,4.088,1462.3,850.0,0.289
4407,KRT8+ transitional,-0.804,4.391,1057.9,451.5,0.537
4408,AT2,-5.444,5.446,899.4,105.6,0.357
4409,AT2,-3.455,3.402,1047.6,474.8,0.416
4410,AT2,-6.329,4.116,838.0,230.9,0.283
4411,AT2,-6.031,2.702,744.9,655.8,0.246
4412,Macrophage,-2.417,-7.131,972.0,421.9,
4413,Ciliated,-5.623,-5.301,315.2,571.0,
4414,Endothelial,8.796,-3.738,47.9,770.8,
4415,Endothelial,9.664,-4.528,1182.9,138.9,
4416,KRT8+ transitional,-2.062,3.303,1101.3,446.7,0.478
4417,Fibroblast,1.437,-3.449,1279.0,474.2,
4418,Fibroblast,-0.043,-4.982,1084.6,446.5,
4419,Endothelial,9.555,-5.864,1282.7,333.0,
4420,Macrophage,-2.296,-6.628,1089.1,476.5,
4421,AT2,-6.182,2.598,704.5,243.3,0.223
4422,Macrophage,-2.951,-6.495,426.9,628.6,
4423,Basal,-7.341,-2.139,428.4,374.3,
4424,Fibroblast,-1.477,-5.841,1109.8,483.5,
4425,Basal,-8.519,-3.843,331.8,327.2,
4426,AT1,3.921,2.802,451.7,482.1,0.764
4427,KRT8+ transitional,-1.086,3.747,1093.4,449.9,0.515
4428,Basal,-8.725,-2.941,390.8,351.6,
4429,Macrophage,-1.234,-6.818,1006.1,473.5,
4430,KRT8+ transitional,-3.482,3.373,1146.7,480.0,0.411
4431,AT1,3.541,2.115,1276.3,223.5,0.783
4432,KRT8+ transitional,0.490,3.319,1208.7,415.2,0.609
4433,Endothelial,8.163,-5.872,764.1,315.0,
4434,AT2,-3.881,2.818,1065.2,772.5,0.375
4435,Endothelial,8.473,-6.215,1051.0,839.3,
4436,Fibroblast,1.285,-3.984,1093.8,574.3,
4437,Fibroblast,0.123,-4.418,993.2,342.0,
4438,Endothelial,7.264,-5.249,380.2,288.6,
4439,Endothelial,7.261,-6.019,840.3,863.7,
4440,AT2,-5.304,4.625,1265.5,490.4,0.342
4441,AT1,4.828,2.382,1302.6,844.5,0.824
4442,Fibroblast,-0.543,-5.432,2.2,771.2,
4443,Basal,-7.360,-3.463,144.2,567.4,
4444,AT2,-6.450,1.987,963.9,540.4,0.198
4445,Endothelial,10.105,-5.307,1269.8,372.2,
4446,Ciliated,-5.884,-5.932,168.4,556.3,
4447,KRT8+ transitional,-0.763,3.678,1034.7,552.4,0.529
4448,AT1,2.460,3.127,77.2,876.4,0.704
4449,Macrophage,-1.151,-7.871,1376.7,195.5,
4450,KRT8+ transitional,0.319,2.819,1153.3,485.8,0.603
4451,Fibroblast,0.976,-5.107,554.3,150.4,
4452,Fibroblast,1.663,-4.848,657.7,190.2,
4453,AT1,6.011,0.759,1540.8,406.0,0.997
4454,Fibroblast,3.701,-3.107,1023.7,420.2,
4455,Basal,-10.009,-3.979,42.9,487.4,
4456,AT1,3.162,3.965,856.0,365.9,0.695
4457,Basal,-8.540,-3.043,247.1,318.5,
4458,Endothelial,9.835,-4.479,604.2,576.1,
4459,Endothelial,8.049,-4.464,1175.5,41.5,
4460,AT2,-4.977,5.058,1600.0,175.9,0.378
4461,Endothelial,9.821,-5.330,564.9,439.6,
4462,Macrophage,-2.659,-7.187,1345.4,710.4,
4463,AT1,2.642,3.017,1511.8,402.8,0.708
4464,AT2,-6.652,3.163,1480.9,639.7,0.234
4465,Endothelial,8.888,-5.576,737.0,442.9,
4466,Fibroblast,2.541,-3.839,689.6,564.9,
4467,Macrophage,-2.529,-7.644,1222.9,340.2,
4468,AT1,6.810,1.421,1127.1,217.5,0.942
4469,Basal,-9.533,-4.679,36.6,443.9,
4470,AT1,4.627,2.341,773.9,649.4,0.824
4471,KRT8+ transitional,-0.179,3.126,1040.8,528.2,0.571
4472,Fibroblast,-1.608,-5.910,118.1,278.5,
4473,AT2,-3.713,3.429,90.3,660.6,0.388
4474,AT1,5.876,1.671,756.8,547.9,0.894
4475,AT2,-7.369,1.982,117.4,169.3,0.115
4476,AT1,4.076,1.524,937.1,255.4,0.842
4477,AT2,-3.894,3.020,1297.8,159.8,0.358
4478,AT2,-7.931,2.026,1512.9,107.6,0.090
4479,Endothelial,8.974,-7.929,1550.3,831.9,
4480,KRT8+ transitional,-0.541,3.142,1074.2,458.1,0.555
4481,AT2,-4.479,2.609,1134.2,108.2,0.349
4482,Endothelial,7.881,-8.070,1426.9,487.0,
4483,Endothelial,8.865,-6.914,1310.2,355.4,
4484,Endothelial,11.226,-6.009,343.5,566.0,
4485,AT2,-7.648,2.244,593.5,39.4,0.142
4486,AT1,5.127,1.540,408.1,15.2,0.862
4487,AT2,-3.210,1.870,1084.5,424.8,0.399
4488,AT1,5.463,1.938,856.1,264.8,0.861
4489,AT2,-9.383,2.037,1031.6,457.9,0.055
4490,AT1,5.806,1.321,1597.5,284.1,0.953
4491,Endothelial,9.963,-6.204,623.2,7.2,
4492,AT2,-7.466,2.366,525.3,422.4,0.108
4493,AT2,-8.563,2.977,976.0,356.4,0.129
4494,Fibroblast,-0.090,-4.901,1108.6,529.3,
4495,Endothelial,7.825,-5.209,687.5,72.9,
4496,AT2,-9.298,3.293,470.5,26.8,0.156
4497,AT2,-9.391,2.563,723.7,900.0,0.061
4498,Macrophage,-1.017,-7.605,1034.5,96.6,
4499,KRT8+ transitional,-2.940,3.412,1039.5,489.2,0.442
4500,Fibroblast,0.091,-5.964,1186.6,380.7,
4501,AT2,-8.410,1.647,488.9,476.1,0.008
4502,Basal,-6.475,-2.447,462.6,422.3,
4503,AT1,0.903,3.896,67.8,172.0,0.600
4504,Endothelial,7.906,-5.156,949.5,756.4,
4505,Endothelial,8.456,-3.603,989.4,698.9,
4506,AT2,-7.348,1.939,955.1,761.8,0.119
4507,Endothelial,7.613,-6.911,95.7,844.8,
4508,Fibroblast,0.355,-3.671,601.5,93.8,
4509,AT2,-9.358,1.897,1206.9,410.7,0.035
4510,Basal,-8.939,-3.564,343.0,576.1,
4511,AT2,-3.840,5.177,791.8,548.1,0.400
4512,Macrophage,-1.336,-7.310,75.7,269.2,
4513,Fibroblast,1.934,-3.516,1247.0,390.4,
4514,Macrophage,-4.070,-7.377,1083.0,461.3,
4515,Endothelial,8.976,-5.210,21.9,341.4,
4516,Fibroblast,0.352,-4.797,1129.3,460.6,
4517,AT2,-6.137,2.297,500.2,127.6,0.223
4518,AT2,-6.965,2.118,783.4,544.3,0.184
4519,Fibroblast,1.241,-5.313,1015.7,482.5,
4520,AT2,-4.310,2.097,601.0,106.5,0.352
4521,Fibroblast,4.635,-3.557,474.4,619.5,
4522,Fibroblast,4.557,-3.285,317.8,726.3,
4523,Basal,-7.470,-3.744,449.5,486.5,
4524,AT2,-6.960,2.315,389.5,594.1,0.157
4525,AT2,-7.670,2.560,920.8,196.4,0.164
4526,AT2,-5.878,2.948,45.2,667.6,0.293
4527,AT2,-2.695,1.699,1394.9,708.3,0.410
4528,AT1,1.766,3.335,501.3,778.0,0.664
4529,AT2,-2.985,2.181,1146.4,578.3,0.413
4530,Macrophage,-3.457,-8.146,780.0,214.9,
4531,Ciliated,-7.165,-6.654,440.3,478.1,
4532,AT2,-6.359,3.661,260.9,337.7,0.266
4533,Endothelial,8.701,-3.923,1481.3,208.0,
4534,AT2,-7.402,3.528,1587.8,274.4,0.197
4535,AT2,-6.465,2.297,175.1,100.0,0.199
4536,Endothelial,8.660,-4.716,71.3,526.7,
4537,KRT8+ transitional,-1.104,3.800,1084.2,473.3,0.539
4538,Macrophage,-3.400,-7.592,773.0,198.4,
4539,AT2,-7.766,1.928,11.4,138.1,0.102
4540,AT2,-6.886,2.201,510.6,654.5,0.162
4541,Endothelial,9.103,-6.180,1042.8,870.7,
4542,AT1,5.119,0.595,201.1,166.8,0.977
4543,Macrophage,-1.798,-7.364,526.9,611.3,
4544,AT1,0.688,3.397,430.3,7.4,0.611
4545,AT2,-6.739,4.663,1088.7,165.2,0.301
4546,AT1,2.347,2.953,1431.0,540.3,0.707
4547,AT1,2.505,3.870,1388.0,371.5,0.685
4548,AT1,3.238,2.169,805.1,154.2,0.779
4549,Basal,-9.067,-4.041,457.0,480.9,
4550,Endothelial,7.772,-4.042,1556.4,845.0,
4551,AT1,7.376,1.304,168.6,548.7,0.987
4552,Ciliated,-5.725,-7.666,361.2,564.4,
4553,Endothelial,7.811,-4.880,1537.3,387.4,
4554,AT2,-3.827,3.567,1487.6,90.7,0.386
4555,Ciliated,-6.274,-5.048,439.1,506.9,
4556,Fibroblast,3.745,-3.717,1059.9,457.1,
4557,Macrophage,-0.378,-8.297,1156.4,515.6,
4558,AT2,-5.509,2.847,456.9,150.6,0.295
4559,AT2,-6.084,3.359,993.1,612.9,0.289
4560,KRT8+ transitional,-2.843,3.280,1231.9,177.0,0.426
4561,Fibroblast,0.521,-3.807,20.5,705.4,
4562,AT1,1.577,3.090,1573.9,506.2,0.645
4563,AT1,4.215,1.140,865.7,735.5,0.860
4564,Endothelial,8.091,-6.487,1519.0,338.4,
4565,Ciliated,-6.732,-6.352,446.6,445.9,
4566,AT2,-8.600,3.145,710.1,582.3,0.135
4567,AT2,-3.520,3.170,872.1,240.3,0.400
4568,Endothelial,10.271,-5.112,156.1,635.3,
4569,AT1,5.633,0.655,629.8,274.5,0.995
4570,KRT8+ transitional,-1.500,5.158,1139.1,459.2,0.506
4571,Endothelial,9.082,-4.061,171.0,6.5,
4572,Endothelial,9.279,-3.960,621.4,606.0,
4573,Fibroblast,0.378,-4.023,420.9,824.0,
4574,AT1,2.044,4.064,100.0,568.7,0.649
4575,AT2,-8.219,1.897,1391.9,253.0,0.039
4576,KRT8+ transitional,-1.140,2.660,1120.1,435.1,0.538
4577,Basal,-8.512,-4.389,113.8,548.0,
4578,AT1,4.887,2.158,1164.9,569.8,0.849
4579,KRT8+ transitional,-2.671,2.966,1225.1,519.0,0.444
4580,AT2,-7.275,1.927,1092.0,473.6,0.115
4581,Basal,-7.182,-2.745,325.2,581.8,
4582,Endothelial,9.120,-7.416,401.0,187.4,
4583,Fibroblast,0.817,-3.543,1596.4,440.0,
4584,Endothelial,10.673,-6.503,1319.3,792.1,
4585,Fibroblast,1.505,-3.487,1548.3,837.7,
4586,AT2,-5.047,4.116,1033.6,504.9,0.357
4587,Endothelial,9.265,-6.000,882.8,630.7,
4588,AT1,4.926,1.580,539.7,5.8,0.881
4589,KRT8+ transitional,0.280,4.255,1024.7,499.4,0.589
4590,KRT8+ transitional,-3.701,4.443,1062.8,467.6,0.404
4591,Fibroblast,1.380,-4.085,1048.8,444.3,
4592,AT1,1.353,0.962,67.2,560.1,0.685
4593,Basal,-7.860,-3.395,118.5,339.8,
4594,AT1,5.363,1.315,287.0,158.7,0.910
4595,Basal,-9.218,-3.683,417.6,364.2,
4596,AT1,3.947,1.774,506.2,560.4,0.828
4597,AT1,5.701,0.609,1120.1,179.0,0.993
4598,AT1,6.102,1.352,478.9,793.7,0.942
4599,Macrophage,-0.357,-7.530,509.8,729.6,
4600,Ciliated,-5.203,-7.107,66.9,406.1,
4601,KRT8+ transitional,-1.771,3.332,1070.0,382.9,0.487
4602,AT2,-6.907,2.630,773.6,650.6,0.195
4603,Macrophage,-2.338,-7.823,1088.5,477.3,
4604,AT2,-6.816,2.083,1133.8,488.3,0.144
4605,Ciliated,-6.883,-5.412,308.9,327.7,
4606,KRT8+ transitional,-1.403,3.032,1135.8,490.2,0.507
4607,AT1,4.555,1.172,1372.5,574.6,0.889
4608,KRT8+ transitional,-1.720,4.434,977.7,467.4,0.496
4609,AT2,-8.119,1.931,82.4,863.9,0.088
4610,Fibroblast,-0.422,-5.859,123.6,107.8,
4611,AT1,4.427,1.131,309.2,203.8,0.903
4612,Macrophage,-1.049,-7.503,1151.1,372.1,
4613,Endothelial,10.250,-6.615,869.3,619.3,
4614,AT1,5.175,0.841,178.3,209.8,0.928
4615,Fibroblast,4.208,-2.407,1094.1,408.6,
4616,AT1,1.029,3.588,983.0,750.9,0.623
4617,Basal,-7.894,-2.612,463.1,431.2,
4618,AT1,4.694,0.749,926.0,726.3,0.976
4619,AT2,-7.672,2.498,1026.7,464.3,0.155
4620,KRT8+ transitional,-2.419,3.271,1093.4,595.5,0.457
4621,KRT8+ transitional,-0.297,4.148,1071.7,278.1,0.571
4622,Macrophage,-1.532,-8.528,1107.1,429.2,
4623,AT1,0.265,2.360,512.5,127.2,0.614
4624,Endothelial,9.556,-4.867,231.5,12.8,
4625,Basal,-8.942,-4.529,447.5,402.0,
4626,AT1,5.053,2.700,778.8,318.5,0.816
4627,Macrophage,-0.221,-7.311,1040.0,511.4,
4628,Endothelial,9.248,-7.962,702.4,7.9,
4629,Ciliated,-6.219,-5.267,71.3,408.7,
4630,Endothelial,10.711,-5.544,719.3,128.0,
4631,Macrophage,-1.324,-7.287,927.8,687.9,
4632,Endothelial,8.363,-5.644,646.1,864.1,
4633,AT1,4.201,2.259,1071.9,586.2,0.789
4634,Macrophage,-4.077,-7.874,1221.3,439.6,
4635,AT1,5.118,2.338,1420.9,750.9,0.838
4636,AT2,-2.982,2.557,857.7,353.3,0.413
4637,Basal,-8.904,-3.107,45.1,443.7,
4638,AT1,3.456,0.592,226.6,56.5,0.938
4639,Fibroblast,1.128,-6.380,1225.9,475.5,
4640,Ciliated,-7.340,-7.668,244.6,326.7,
4641,Fibroblast,3.177,-2.399,1101.5,508.3,
4642,KRT8+ transitional,-0.393,3.710,1089.8,466.5,0.558
4643,Macrophage,-3.432,-7.332,453.2,503.8,
4644,KRT8+ transitional,-0.442,2.851,1074.3,504.7,0.567
4645,AT1,3.725,3.557,1133.3,674.4,0.755
4646,Endothelial,7.942,-3.419,574.1,179.8,
4647,AT1,4.559,2.494,843.1,222.2,0.807
4648,Endothelial,9.973,-5.352,709.3,109.3,
4649,Macrophage,-1.228,-7.200,253.2,140.7,
4650,KRT8+ transitional,-1.900,2.834,1191.3,633.0,0.472
4651,Endothelial,6.703,-7.355,666.8,53.3,
4652,Macrophage,-3.726,-6.127,686.3,326.1,
4653,AT2,-5.075,3.431,1553.9,92.6,0.336
4654,Endothelial,9.939,-7.672,999.2,661.0,
4655,Ciliated,-6.070,-6.395,74.3,507.4,
4656,AT2,-7.826,1.699,142.2,244.9,0.028
4657,Macrophage,-0.010,-8.784,1051.0,490.9,
4658,Basal,-7.672,-1.802,85.2,544.9,
4659,AT1,4.157,2.820,21.5,576.2,0.777
4660,AT2,-3.350,3.785,1391.8,841.4,0.412
4661,AT2,-6.788,3.331,973.7,359.0,0.225
4662,Basal,-8.195,-3.145,38.1,440.8,
4663,Macrophage,-2.429,-6.227,1073.5,447.0,
4664,KRT8+ transitional,0.930,3.938,1232.3,502.0,0.605
4665,AT2,-8.625,2.096,945.0,616.5,0.046
4666,AT1,1.125,1.349,1254.2,13.2,0.677
4667,AT1,5.749,1.236,1476.3,613.3,0.918
4668,AT2,-6.304,2.979,977.0,557.0,0.248
4669,Endothelial,9.200,-4.293,155.8,840.6,
4670,AT2,-3.717,3.949,1397.4,247.3,0.407
4671,Basal,-10.088,-2.721,233.0,318.1,
4672,KRT8+ transitional,-2.492,4.800,933.9,736.9,0.478
4673,Basal,-9.093,-4.250,73.1,530.2,
4674,AT2,-10.230,2.169,674.0,581.1,0.009
4675,KRT8+ transitional,-1.462,4.165,1128.3,482.1,0.510
4676,AT2,-6.176,1.218,186.3,270.6,0.018
4677,AT1,4.146,1.870,245.3,900.0,0.848
4678,AT1,4.238,0.808,847.5,808.9,0.970
4679,Fibroblast,-1.354,-4.223,1074.6,454.7,
4680,AT1,4.379,0.858,1231.3,177.1,0.957
4681,Macrophage,-3.836,-7.121,839.7,646.6,
4682,Endothelial,9.096,-6.403,799.5,433.7,
4683,AT2,-7.213,3.465,427.0,674.7,0.231
4684,Fibroblast,0.757,-5.245,1170.8,540.6,
4685,AT2,-8.018,2.114,392.0,154.8,0.099
4686,Ciliated,-5.610,-7.273,308.4,568.4,
4687,AT2,-7.201,2.940,658.3,511.7,0.185
4688,AT1,4.588,0.882,1565.4,217.7,0.921
4689,AT2,-3.470,1.589,1326.7,252.8,0.364
4690,Endothelial,8.414,-5.178,739.5,449.2,
4691,AT1,4.561,1.585,750.0,652.3,0.857
4692,Basal,-7.968,-3.276,158.3,330.6,
4693,AT2,-4.624,1.901,1215.7,406.7,0.298
4694,KRT8+ transitional,-2.527,3.316,1047.8,451.5,0.441
4695,AT2,-3.844,2.494,917.9,597.7,0.370
4696,KRT8+ transitional,-0.282,3.585,1186.1,541.1,0.568
4697,AT1,4.211,0.937,198.2,174.1,0.870
4698,AT1,1.107,2.713,1093.5,46.6,0.645
4699,AT1,4.505,2.303,606.3,94.1,0.814
4700,Ciliated,-5.677,-6.598,106.8,539.3,
4701,Endothelial,9.350,-5.123,366.0,588.9,
4702,AT1,3.873,2.088,857.3,261.2,0.807
4703,Macrophage,-2.185,-7.403,1081.7,460.1,
4704,KRT8+ transitional,-0.775,2.168,559.0,0.4,0.556
4705,Basal,-7.265,-3.197,421.4,525.8,
4706,Ciliated,-6.479,-6.774,57.1,489.5,
4707,Fibroblast,-1.401,-5.490,1515.2,6.3,
4708,Basal,-8.079,-3.919,464.5,470.2,
4709,Endothelial,8.984,-6.498,874.9,441.1,
4710,Basal,-9.299,-4.648,246.2,583.7,
4711,Ciliated,-8.738,-7.259,447.0,438.3,
4712,Macrophage,-2.786,-7.216,1119.5,393.2,
4713,Endothelial,9.307,-4.912,1565.2,416.6,
4714,Macrophage,-1.651,-7.621,980.2,801.5,
4715,AT1,5.359,2.635,841.3,229.0,0.853
4716,Fibroblast,3.138,-5.070,1077.9,473.7,
4717,Ciliated,-5.917,-6.513,437.5,495.3,
4718,Fibroblast,-2.479,-5.444,1226.6,381.4,
4719,AT2,-8.012,3.084,1527.7,405.3,0.183
4720,AT2,-7.155,1.484,1471.4,739.4,0.024
4721,AT2,-8.341,1.929,1262.7,192.2,0.035
4722,Endothelial,9.191,-4.241,453.3,476.9,
4723,Macrophage,-2.229,-7.187,1199.7,473.1,
4724,Fibroblast,0.139,-4.331,120.4,640.4,
4725,AT1,4.590,1.709,1455.7,491.7,0.853
4726,KRT8+ transitional,-2.965,3.861,1173.6,482.6,0.427
4727,Endothelial,9.646,-7.092,1521.7,843.7,
4728,AT1,1.093,3.934,812.7,514.2,0.630
4729,Endothelial,7.109,-6.766,631.3,428.0,
4730,AT2,-8.913,2.944,1186.6,464.2,0.110
4731,Endothelial,7.993,-5.622,679.2,25.7,
4732,AT1,0.419,2.738,1132.2,685.8,0.615
4733,AT2,-4.288,4.158,767.6,351.8,0.373
4734,Fibroblast,2.639,-3.844,620.8,324.6,
4735,AT2,-9.043,2.467,1033.0,421.8,0.088
4736,AT2,-8.972,2.481,110.1,283.0,0.107
4737,AT2,-5.340,3.201,1078.6,282.7,0.322
4738,Macrophage,-0.285,-6.994,1111.1,503.9,
4739,Fibroblast,3.505,-2.843,688.9,754.6,
4740,AT1,1.812,2.512,420.3,728.3,0.679
4741,Basal,-8.262,-2.618,119.2,563.7,
4742,Endothelial,8.103,-5.533,236.6,775.3,
4743,KRT8+ transitional,-0.359,3.674,889.8,607.3,0.564
4744,Endothelial,8.353,-4.534,953.1,80.1,
4745,Endothelial,7.895,-5.907,568.2,449.9,
4746,AT1,3.661,2.051,1305.4,498.9,0.804
4747,KRT8+ transitional,0.537,2.630,999.7,499.9,0.605
4748,AT1,4.959,2.887,1402.7,239.1,0.825
4749,KRT8+ transitional,-1.571,3.396,1161.0,443.2,0.500
4750,AT1,1.738,2.146,1384.0,303.7,0.681
4751,AT2,-6.134,3.717,1253.3,186.4,0.275
4752,AT1,2.921,3.291,188.9,267.9,0.737
4753,AT2,-4.993,3.337,529.0,409.9,0.331
4754,Basal,-9.707,-4.783,326.9,319.8,
4755,Endothelial,7.561,-4.339,135.8,132.7,
4756,KRT8+ transitional,-2.336,3.696,969.3,671.1,0.482
4757,Macrophage,-0.948,-8.113,1163.2,478.4,
4758,AT2,-5.173,4.198,478.6,95.6,0.339
4759,AT2,-8.837,2.329,1580.4,664.2,0.078
4760,AT1,4.323,1.700,1492.3,80.7,0.828
4761,Endothelial,7.476,-5.068,129.2,263.5,
4762,AT2,-6.826,2.047,681.4,112.2,0.135
4763,AT2,-8.047,2.303,1148.5,552.5,0.113
4764,AT2,-8.744,2.141,740.0,362.0,0.053
4765,AT1,5.970,3.102,1600.0,155.7,0.836
4766,AT2,-6.162,3.540,1424.8,199.7,0.282
4767,AT2,-9.856,2.046,1172.9,507.0,0.027
4768,KRT8+ transitional,1.218,3.270,1220.0,381.5,0.630
4769,Fibroblast,1.051,-2.058,1078.9,471.9,
4770,Endothelial,9.064,-4.325,879.2,890.7,
4771,Basal,-8.263,-3.537,285.0,322.9,
4772,Endothelial,9.342,-6.040,1538.2,850.1,
4773,Fibroblast,-0.766,-5.992,675.8,422.7,
4774,Endothelial,11.442,-7.378,187.1,6.2,
4775,Basal,-7.347,-3.684,329.9,571.0,
4776,Fibroblast,-0.970,-5.218,1113.4,157.0,
4777,Endothelial,9.032,-4.832,49.9,51.8,
4778,AT1,4.187,0.656,514.4,224.8,0.959
4779,Ciliated,-6.025,-4.913,200.2,321.0,
4780,AT2,-4.248,3.346,1095.2,311.2,0.372
4781,Fibroblast,0.145,-4.699,1142.2,423.9,
4782,Ciliated,-7.479,-4.672,266.7,322.7,
4783,Endothelial,10.071,-5.736,764.7,619.3,
4784,Basal,-7.561,-3.341,278.8,321.0,
4785,KRT8+ transitional,-1.121,4.062,1066.7,529.3,0.532
4786,AT1,4.021,2.589,1315.2,90.5,0.771
4787,AT2,-8.830,2.009,1073.3,686.0,0.028
4788,AT1,2.733,2.147,765.4,340.9,0.755
4789,Fibroblast,2.871,-4.386,1069.3,417.8,
4790,AT2,-4.141,3.032,1078.9,468.7,0.362
4791,Basal,-8.892,-3.377,46.3,425.9,
4792,Macrophage,-0.454,-6.204,1067.8,426.7,
4793,Ciliated,-4.815,-4.631,48.7,474.9,
4794,AT2,-6.786,2.424,1508.4,815.5,0.180
4795,Fibroblast,2.479,-3.530,1128.0,513.7,
4796,AT2,-3.513,2.437,1521.2,319.5,0.377
4797,KRT8+ transitional,-2.703,3.499,1018.6,586.0,0.466
4798,Ciliated,-6.010,-5.311,316.1,338.7,
4799,Endothelial,8.626,-4.300,1369.2,322.0,
4800,Basal,-10.053,-3.105,208.0,317.4,
4801,Endothelial,10.501,-6.084,60.9,496.4,
4802,Fibroblast,-0.157,-4.254,1075.9,463.5,
4803,KRT8+ transitional,1.326,3.870,1106.4,438.1,0.637
4804,Basal,-7.689,-3.570,58.5,389.2,
4805,Endothelial,10.215,-5.569,1204.8,172.4,
4806,Macrophage,-2.043,-7.631,1555.1,621.9,
4807,Macrophage,-1.310,-6.801,449.7,291.8,
4808,Ciliated,-5.932,-6.735,285.0,570.6,
4809,Macrophage,-0.549,-8.044,719.1,655.2,
4810,Macrophage,-0.970,-6.273,1403.2,578.8,
4811,AT2,-7.948,3.157,680.9,121.7,0.177
4812,Basal,-7.522,-3.383,168.0,573.5,
4813,KRT8+ transitional,0.194,3.316,1106.1,513.7,0.588
4814,AT2,-3.669,1.767,1294.9,1.6,0.356
4815,KRT8+ transitional,-1.864,4.030,1059.4,480.0,0.474
4816,AT2,-5.394,2.493,523.5,542.8,0.293
4817,AT2,-9.616,2.638,854.1,582.3,0.092
4818,AT1,3.381,2.163,708.2,587.2,0.789
4819,KRT8+ transitional,-4.219,3.131,983.1,476.9,0.376
4820,Macrophage,-4.904,-6.220,997.6,419.1,
4821,Endothelial,9.525,-5.726,1571.7,727.6,
4822,Fibroblast,1.566,-4.077,623.2,415.8,
4823,AT1,0.975,3.363,604.1,330.8,0.624
4824,Macrophage,-1.114,-7.376,408.8,622.1,
4825,AT1,3.478,2.179,520.7,97.4,0.763
4826,AT2,-7.316,3.543,531.2,297.4,0.208
4827,Endothelial,8.723,-6.130,1385.2,655.5,
4828,Endothelial,6.130,-5.880,44.6,762.2,
4829,AT2,-7.154,2.168,458.3,649.6,0.152
4830,Fibroblast,2.720,-4.005,1155.7,757.8,
4831,KRT8+ transitional,-2.501,3.766,993.3,433.4,0.458
4832,Macrophage,-0.505,-8.184,263.4,258.0,
4833,AT1,2.800,2.010,773.0,287.3,0.758
4834,AT1,4.753,2.286,971.0,863.3,0.840
4835,Macrophage,-2.101,-8.356,691.1,646.2,
4836,Macrophage,-2.540,-6.697,710.8,308.3,
4837,KRT8+ transitional,-2.928,3.849,1142.4,446.1,0.439
4838,AT2,-8.856,2.747,1027.2,260.0,0.101
4839,Basal,-8.177,-4.583,89.6,548.1,
4840,AT2,-8.251,2.469,1577.8,491.8,0.096
4841,AT2,-7.371,2.123,1048.1,624.1,0.114
4842,Basal,-8.488,-2.936,319.2,330.6,
4843,Ciliated,-6.066,-4.553,363.3,559.8,
4844,AT2,-6.111,2.155,523.0,300.7,0.199
4845,AT1,4.559,2.556,1334.7,126.1,0.816
4846,AT2,-6.490,1.753,837.2,311.8,0.140
4847,KRT8+ transitional,-0.187,3.717,1026.8,488.7,0.558
4848,KRT8+ transitional,-1.940,4.654,537.4,293.5,0.488
4849,Basal,-8.840,-3.055,477.9,466.3,
4850,AT2,-6.601,4.174,1539.7,530.1,0.250
4851,AT1,1.498,5.070,665.0,165.5,0.631
4852,KRT8+ transitional,-2.149,3.887,1120.1,464.7,0.487
4853,Ciliated,-5.807,-7.261,200.1,322.4,
4854,Fibroblast,4.971,-3.265,653.4,176.8,
4855,Endothelial,9.071,-5.115,974.8,185.5,
4856,KRT8+ transitional,-0.935,4.361,1492.0,158.4,0.537
4857,Ciliated,-6.123,-7.177,92.6,524.8,
4858,AT2,-7.958,2.265,1081.7,450.9,0.109
4859,Fibroblast,3.429,-4.196,1193.7,439.1,
4860,Fibroblast,-2.135,-4.730,1048.9,407.4,
4861,Fibroblast,2.682,-5.122,1219.0,449.9,
4862,AT1,1.195,3.029,457.9,169.8,0.651
4863,Fibroblast,4.145,-4.349,1104.5,482.1,
4864,KRT8+ transitional,-2.013,3.304,1580.6,489.3,0.481
4865,Fibroblast,0.354,-4.788,1014.8,332.6,
4866,Macrophage,-0.343,-7.457,1077.8,470.8,
4867,Fibroblast,2.328,-4.733,871.3,393.7,
4868,Macrophage,-4.252,-7.794,245.4,135.7,
4869,AT1,4.169,0.766,98.9,181.0,0.945
4870,Fibroblast,-0.573,-5.790,1426.9,703.4,
4871,AT2,-6.393,4.651,503.5,882.9,0.294
4872,Endothelial,10.513,-7.024,1220.1,706.8,
4873,Fibroblast,4.592,-3.939,470.8,337.8,
4874,AT2,-6.889,3.264,681.7,381.9,0.227
4875,KRT8+ transitional,-0.569,4.415,1030.0,479.8,0.544
4876,AT2,-7.349,4.115,1142.9,691.9,0.223
4877,AT1,5.649,1.363,148.7,691.5,0.912
4878,Fibroblast,5.064,-3.288,871.1,221.5,
4879,AT2,-8.863,3.474,1062.5,453.3,0.155
4880,AT2,-7.048,1.866,1346.9,401.3,0.061
4881,AT1,5.437,2.314,1234.3,39.4,0.867
4882,AT2,-7.035,2.554,1511.5,805.5,0.191
4883,Fibroblast,1.888,-3.395,161.3,110.5,
4884,AT2,-6.077,2.386,778.6,747.5,0.222
4885,Macrophage,-2.273,-7.580,1267.0,53.6,
4886,Fibroblast,-0.430,-5.321,614.3,388.5,
4887,KRT8+ transitional,-2.989,3.092,1099.7,505.1,0.441
4888,Ciliated,-6.088,-6.421,450.8,431.6,
4889,AT2,-8.359,2.352,186.7,162.3,0.096
4890,Endothelial,8.626,-4.477,1499.6,844.1,
4891,Fibroblast,0.784,-5.701,1065.2,492.1,
4892,Fibroblast,2.083,-2.615,966.8,343.5,
4893,AT2,-7.270,2.514,1129.9,827.2,0.152
4894,Basal,-8.229,-2.529,431.8,515.8,
4895,Macrophage,-2.095,-8.237,330.9,185.3,
4896,Fibroblast,2.536,-5.561,1183.3,500.7,
4897,Fibroblast,5.652,-3.856,445.0,737.4,
4898,Macrophage,-1.606,-8.572,1129.9,483.9,
4899,AT1,4.283,0.734,1369.1,40.8,0.905
